{
"type": "FeatureCollection",
"name": "dhaka_wards",
"crs": { "type": "name", "properties": { "name": "urn:ogc:def:crs:OGC:1.3:CRS84" } },
"features": [
{ "type": "Feature", "properties": { "GID_4": "BGD.3.1.1.1_1", "NAME_2": "Dhaka", "NAME_3": "Adabor", "NAME_4": "Ward No-43" }, "geometry": { "type": "Polygon", "coordinates": [ [ [ 90.358642579000048, 23.765691758000116 ], [ 90.350006104000158, 23.76503944500007 ], [ 90.348579407000159, 23.766788482000095 ], [ 90.349761963000105, 23.768024445000151 ], [ 90.345909120000101, 23.769737243000122 ], [ 90.34416198800011, 23.768590927000105 ], [ 90.342308044000049, 23.772054672000081 ], [ 90.34592437800012, 23.77292251700004 ], [ 90.35079193100006, 23.778251649000083 ], [ 90.354141235999975, 23.775951386000088 ], [ 90.36203765800019, 23.777431488000161 ], [ 90.365547180000135, 23.774948120000033 ], [ 90.361038209000185, 23.773365020000142 ], [ 90.358642579000048, 23.769458772000064 ], [ 90.358642579000048, 23.765691758000116 ] ] ] } },
{ "type": "Feature", "properties": { "GID_4": "BGD.3.1.1.2_1", "NAME_2": "Dhaka", "NAME_3": "Adabor", "NAME_4": "Ward No-46" }, "geometry": { "type": "Polygon", "coordinates": [ [ [ 90.349449158000084, 23.762268068000026 ], [ 90.345909120000101, 23.769737243000122 ], [ 90.349761963000105, 23.768024445000151 ], [ 90.348579407000159, 23.766788482000095 ], [ 90.351257323000198, 23.764575958000023 ], [ 90.358642579000048, 23.765691758000116 ], [ 90.358894348000149, 23.76241874700014 ], [ 90.349449158000084, 23.762268068000026 ] ] ] } },
{ "type": "Feature", "properties": { "GID_4": "BGD.3.1.2.1_1", "NAME_2": "Dhaka", "NAME_3": "Badda", "NAME_4": "Badda" }, "geometry": { "type": "Polygon", "coordinates": [ [ [ 90.427169800000115, 23.786209107000161 ], [ 90.437538146, 23.789411545000121 ], [ 90.443695069000057, 23.7874813090001 ], [ 90.439506531000063, 23.783462524000015 ], [ 90.440689086000134, 23.779375077000168 ], [ 90.439216613999974, 23.778352737000091 ], [ 90.439910890000078, 23.773599624000042 ], [ 90.437629700000116, 23.769397737000077 ], [ 90.439109802000019, 23.766670227000191 ], [ 90.435890199000198, 23.762783051999975 ], [ 90.424232483000196, 23.767805100000032 ], [ 90.425483704000044, 23.770439148000037 ], [ 90.427291871000193, 23.77047538700009 ], [ 90.426383973000043, 23.774967193000123 ], [ 90.428207397000108, 23.775569916000165 ], [ 90.428001403999986, 23.778985976000172 ], [ 90.426284791000171, 23.779953004000106 ], [ 90.427978516000053, 23.781742095000084 ], [ 90.427169800000115, 23.786209107000161 ] ] ] } },
{ "type": "Feature", "properties": { "GID_4": "BGD.3.1.2.2_1", "NAME_2": "Dhaka", "NAME_3": "Badda", "NAME_4": "Beraid" }, "geometry": { "type": "Polygon", "coordinates": [ [ [ 90.450866698000084, 23.802862168000047 ], [ 90.448707580000132, 23.813302994000082 ], [ 90.440605165000022, 23.814706803000149 ], [ 90.438980103000063, 23.817674637000039 ], [ 90.440544129000159, 23.823352815000192 ], [ 90.443847657000106, 23.827079772000104 ], [ 90.455467224000074, 23.827621460000159 ], [ 90.473434448000035, 23.821380615000066 ], [ 90.479736328000115, 23.823017120000031 ], [ 90.485717774000079, 23.821342468000012 ], [ 90.48778534000013, 23.817638397000053 ], [ 90.485382080000022, 23.817064285000185 ], [ 90.48360443200005, 23.81117630000017 ], [ 90.484191895000038, 23.807857514000034 ], [ 90.481826782000041, 23.80285453700003 ], [ 90.481071471000178, 23.793491363000157 ], [ 90.471977235000168, 23.785326003000137 ], [ 90.471618653000178, 23.781801223000173 ], [ 90.463836671000195, 23.783159257000079 ], [ 90.467056274000072, 23.795480729000133 ], [ 90.463287353000055, 23.805250167 ], [ 90.458183288000043, 23.804897308000022 ], [ 90.458572387, 23.802042007000125 ], [ 90.456863404000103, 23.799194336000141 ], [ 90.455772400000058, 23.802787781 ], [ 90.454765321000139, 23.801042557000017 ], [ 90.450866698000084, 23.802862168000047 ] ] ] } },
{ "type": "Feature", "properties": { "GID_4": "BGD.3.1.2.3_1", "NAME_2": "Dhaka", "NAME_3": "Badda", "NAME_4": "Bhatara" }, "geometry": { "type": "Polygon", "coordinates": [ [ [ 90.443695069000057, 23.7874813090001 ], [ 90.437538146, 23.789411545000121 ], [ 90.426574706999986, 23.786626817000126 ], [ 90.422248840000123, 23.806665421000048 ], [ 90.438980103000063, 23.817674637000039 ], [ 90.440605165000022, 23.814706803000149 ], [ 90.448707580000132, 23.813302994000082 ], [ 90.450096130000077, 23.809524537000186 ], [ 90.450866698000084, 23.802862168000047 ], [ 90.44557952800011, 23.800369263000107 ], [ 90.440940858000033, 23.795736313000134 ], [ 90.443122863000156, 23.792610169000113 ], [ 90.443695069000057, 23.7874813090001 ] ] ] } },
{ "type": "Feature", "properties": { "GID_4": "BGD.3.1.2.4_1", "NAME_2": "Dhaka", "NAME_3": "Badda", "NAME_4": "Satarkul" }, "geometry": { "type": "Polygon", "coordinates": [ [ [ 90.437995910000041, 23.764986038000188 ], [ 90.439109802000019, 23.766670227000191 ], [ 90.437629700000116, 23.769397737000077 ], [ 90.44027709900007, 23.777385711000022 ], [ 90.439216613999974, 23.778352737000091 ], [ 90.440689086000134, 23.779375077000168 ], [ 90.439506531000063, 23.783462524000015 ], [ 90.444396972000163, 23.788297653000143 ], [ 90.441009521000126, 23.795919418999972 ], [ 90.44557952800011, 23.800369263000107 ], [ 90.450866698000084, 23.802862168000047 ], [ 90.454765321000139, 23.801042557000017 ], [ 90.455772400000058, 23.802787781 ], [ 90.455963135000161, 23.799932480000109 ], [ 90.457466125000167, 23.799468994000165 ], [ 90.458183288000043, 23.804897308000022 ], [ 90.462387085000159, 23.805990219000137 ], [ 90.465774537000129, 23.801469802000156 ], [ 90.467056274000072, 23.795480729000133 ], [ 90.463836671000195, 23.783159257000079 ], [ 90.458770751000088, 23.776071549 ], [ 90.461982727000134, 23.773595811000177 ], [ 90.45661926300005, 23.770812988000046 ], [ 90.455955506000123, 23.768484116000081 ], [ 90.452148438000052, 23.766029359000072 ], [ 90.452278137000064, 23.762565614000096 ], [ 90.454780579000158, 23.763923645000148 ], [ 90.454483032000155, 23.76012802200006 ], [ 90.446449279000035, 23.758939744000145 ], [ 90.444419861000199, 23.763286591000167 ], [ 90.441596984000114, 23.763860702000159 ], [ 90.441978454000093, 23.766223908000143 ], [ 90.437995910000041, 23.764986038000188 ] ] ] } },
{ "type": "Feature", "properties": { "GID_4": "BGD.3.1.2.5_1", "NAME_2": "Dhaka", "NAME_3": "Badda", "NAME_4": "Ward No-17 (Part)" }, "geometry": { "type": "Polygon", "coordinates": [ [ [ 90.441970826000158, 23.826009750000026 ], [ 90.439163207000092, 23.817796707000184 ], [ 90.434883117000197, 23.814128876000041 ], [ 90.431892394000101, 23.81373977700008 ], [ 90.42492675800014, 23.807352066000135 ], [ 90.421470643000134, 23.808116914000152 ], [ 90.420181275000175, 23.810564041000021 ], [ 90.421089173000155, 23.811908722000169 ], [ 90.415328980000083, 23.811029435000023 ], [ 90.415138244000104, 23.816320420000181 ], [ 90.417846681000128, 23.816358567000066 ], [ 90.416748047000169, 23.819908141000099 ], [ 90.418991089000144, 23.821630477000156 ], [ 90.421653747000164, 23.820512772000143 ], [ 90.429565430000082, 23.821571349000067 ], [ 90.429115296000134, 23.826070785000184 ], [ 90.43383789000012, 23.827104569000085 ], [ 90.441970826000158, 23.826009750000026 ] ] ] } },
{ "type": "Feature", "properties": { "GID_4": "BGD.3.1.2.6_1", "NAME_2": "Dhaka", "NAME_3": "Badda", "NAME_4": "Ward No-21" }, "geometry": { "type": "Polygon", "coordinates": [ [ [ 90.426101685000106, 23.789075852000167 ], [ 90.427291871000193, 23.77047538700009 ], [ 90.425483704000044, 23.770439148000037 ], [ 90.42472839300018, 23.768404008 ], [ 90.417572021000126, 23.769834520000074 ], [ 90.420440675000179, 23.777200700000094 ], [ 90.422027587000173, 23.788791656000058 ], [ 90.426101685000106, 23.789075852000167 ] ] ] } },
{ "type": "Feature", "properties": { "GID_4": "BGD.3.1.3.1_1", "NAME_2": "Dhaka", "NAME_3": "Bangshal", "NAME_4": "Ward No-63 (Part)" }, "geometry": { "type": "Polygon", "coordinates": [ [ [ 90.39969635000017, 23.718553544000088 ], [ 90.398391724000021, 23.718276979 ], [ 90.398361205000072, 23.720010758000058 ], [ 90.400314332000164, 23.723930359000065 ], [ 90.402519225000049, 23.723552704000156 ], [ 90.40071868800004, 23.723052978000055 ], [ 90.39969635000017, 23.718553544000088 ] ] ] } },
{ "type": "Feature", "properties": { "GID_4": "BGD.3.1.3.2_1", "NAME_2": "Dhaka", "NAME_3": "Bangshal", "NAME_4": "Ward No-66 (Part)" }, "geometry": { "type": "Polygon", "coordinates": [ [ [ 90.399002075000169, 23.711917878000122 ], [ 90.403076171000123, 23.711997987000075 ], [ 90.402046203000168, 23.709684371000151 ], [ 90.399002075000169, 23.711917878000122 ] ] ] } },
{ "type": "Feature", "properties": { "GID_4": "BGD.3.1.3.3_1", "NAME_2": "Dhaka", "NAME_3": "Bangshal", "NAME_4": "Ward No-67 (part)" }, "geometry": { "type": "Polygon", "coordinates": [ [ [ 90.398880005000194, 23.718326569000055 ], [ 90.402336024000078, 23.717290923000121 ], [ 90.404090926000151, 23.713359910000065 ], [ 90.403076171000123, 23.711997987000075 ], [ 90.400947571000017, 23.712596893000068 ], [ 90.398880005000194, 23.718326569000055 ] ] ] } },
{ "type": "Feature", "properties": { "GID_4": "BGD.3.1.3.4_1", "NAME_2": "Dhaka", "NAME_3": "Bangshal", "NAME_4": "Ward No-68 (part)" }, "geometry": { "type": "MultiPolygon", "coordinates": [ [ [ [ 90.404151944000034, 23.71192604099997 ], [ 90.404090926000151, 23.713359910000065 ], [ 90.404731751000156, 23.712831496000035 ], [ 90.404151944000034, 23.71192604099997 ] ] ], [ [ [ 90.404053, 23.713455000000124 ], [ 90.402336024000078, 23.717290923000121 ], [ 90.406951927000193, 23.71750074 ], [ 90.405052186000091, 23.715932846000157 ], [ 90.405692724000176, 23.714055916000063 ], [ 90.404053, 23.713455000000124 ] ] ] ] } },
{ "type": "Feature", "properties": { "GID_4": "BGD.3.1.3.5_1", "NAME_2": "Dhaka", "NAME_3": "Bangshal", "NAME_4": "Ward No-69" }, "geometry": { "type": "Polygon", "coordinates": [ [ [ 90.39969635000017, 23.718553544000088 ], [ 90.40071868800004, 23.723052978000055 ], [ 90.406013306000034, 23.722877461000166 ], [ 90.406951927000193, 23.71750074 ], [ 90.39969635000017, 23.718553544000088 ] ] ] } },
{ "type": "Feature", "properties": { "GID_4": "BGD.3.1.3.6_1", "NAME_2": "Dhaka", "NAME_3": "Bangshal", "NAME_4": "Ward No-70" }, "geometry": { "type": "MultiPolygon", "coordinates": [ [ [ [ 90.406912668000018, 23.717690866000112 ], [ 90.405457001000116, 23.723009000000104 ], [ 90.411911002000068, 23.722991943000068 ], [ 90.411575317000086, 23.718574525000122 ], [ 90.406912668000018, 23.717690866000112 ] ] ], [ [ [ 90.405457491000163, 23.723112166000135 ], [ 90.405403021000097, 23.723220832000095 ], [ 90.40575366700017, 23.723196056000177 ], [ 90.405457491000163, 23.723112166000135 ] ] ] ] } },
{ "type": "Feature", "properties": { "GID_4": "BGD.3.1.3.7_1", "NAME_2": "Dhaka", "NAME_3": "Bangshal", "NAME_4": "Ward No-71 (Part)" }, "geometry": { "type": "Polygon", "coordinates": [ [ [ 90.405349739000144, 23.71393391200013 ], [ 90.405052186000091, 23.715932846000157 ], [ 90.406990052000026, 23.717700959000126 ], [ 90.411483765000128, 23.718532563000053 ], [ 90.411544798000136, 23.713519952000127 ], [ 90.405349739000144, 23.71393391200013 ] ] ] } },
{ "type": "Feature", "properties": { "GID_4": "BGD.3.1.4.1_1", "NAME_2": "Dhaka", "NAME_3": "Biman Bandar", "NAME_4": "Dakshinkhan (part)" }, "geometry": { "type": "Polygon", "coordinates": [ [ [ 90.418296814000144, 23.837991714000054 ], [ 90.406425476000038, 23.853345871000101 ], [ 90.407196044000045, 23.857921600000054 ], [ 90.41612243700007, 23.859302520000085 ], [ 90.4245986950001, 23.849861145000034 ], [ 90.421661377000078, 23.845355989000154 ], [ 90.422546386000192, 23.842033386000139 ], [ 90.418296814000144, 23.837991714000054 ] ] ] } },
{ "type": "Feature", "properties": { "GID_4": "BGD.3.1.4.2_1", "NAME_2": "Dhaka", "NAME_3": "Biman Bandar", "NAME_4": "Ward No-01" }, "geometry": { "type": "Polygon", "coordinates": [ [ [ 90.405242920000092, 23.854496002000133 ], [ 90.401641846000189, 23.856245041000136 ], [ 90.396797180000078, 23.86104393100004 ], [ 90.40036773700001, 23.860712051000064 ], [ 90.405242920000092, 23.854496002000133 ] ] ] } },
{ "type": "Feature", "properties": { "GID_4": "BGD.3.1.4.3_1", "NAME_2": "Dhaka", "NAME_3": "Biman Bandar", "NAME_4": "Ward No-98 (rest. Area)" }, "geometry": { "type": "Polygon", "coordinates": [ [ [ 90.406387328999983, 23.853670121000107 ], [ 90.418258667000089, 23.837520599000015 ], [ 90.412940979000098, 23.833484650000173 ], [ 90.401992798000094, 23.831808091000084 ], [ 90.399238586000138, 23.833143234000147 ], [ 90.399826049000126, 23.838901519000103 ], [ 90.394371033000198, 23.841516494000189 ], [ 90.393135070000142, 23.84682846000004 ], [ 90.38545227000003, 23.856864930000029 ], [ 90.392463684000177, 23.86126136900009 ], [ 90.397026063000112, 23.860862733000147 ], [ 90.406387328999983, 23.853670121000107 ] ] ] } },
{ "type": "Feature", "properties": { "GID_4": "BGD.3.1.5.1_1", "NAME_2": "Dhaka", "NAME_3": "Cantonment", "NAME_4": "Ward No-15 (part)" }, "geometry": { "type": "Polygon", "coordinates": [ [ [ 90.387359620000097, 23.844347001000131 ], [ 90.40002441300004, 23.838174820000063 ], [ 90.399269103000051, 23.831762314000116 ], [ 90.396713258000091, 23.828086854000105 ], [ 90.40024566600016, 23.817176818000178 ], [ 90.391540528000178, 23.814937591000046 ], [ 90.391159058000085, 23.816303253000058 ], [ 90.38306427100008, 23.816738128000111 ], [ 90.38286590600012, 23.820837022000148 ], [ 90.393478394000113, 23.826927185000159 ], [ 90.388931274000129, 23.832077026000036 ], [ 90.387115478000169, 23.836893082000074 ], [ 90.387359620000097, 23.844347001000131 ] ] ] } },
{ "type": "Feature", "properties": { "GID_4": "BGD.3.1.5.2_1", "NAME_2": "Dhaka", "NAME_3": "Cantonment", "NAME_4": "Ward No-98 (Rest. Area)" }, "geometry": { "type": "Polygon", "coordinates": [ [ [ 90.416748047000169, 23.819908141000099 ], [ 90.417846681000128, 23.816358567000066 ], [ 90.415138244000104, 23.816320420000181 ], [ 90.415328980000083, 23.811029435000023 ], [ 90.413070678999986, 23.810195924000027 ], [ 90.415504456, 23.8064060210001 ], [ 90.412284850000106, 23.804563522000137 ], [ 90.406799316000047, 23.805055618000154 ], [ 90.406730652000078, 23.801048280000089 ], [ 90.404556275, 23.799709320000147 ], [ 90.402397157000053, 23.800474168000164 ], [ 90.397827148000033, 23.778110505000143 ], [ 90.394104003000109, 23.776491164000163 ], [ 90.392936706000057, 23.781744003000028 ], [ 90.392143249000071, 23.78239250300004 ], [ 90.390892028000167, 23.779375077000168 ], [ 90.388259887000061, 23.781644820999986 ], [ 90.387519837000127, 23.787025453000069 ], [ 90.388710023000044, 23.787647247000166 ], [ 90.387184144000173, 23.789327621000098 ], [ 90.38764953600014, 23.790731429000061 ], [ 90.391799928000182, 23.790502548000063 ], [ 90.394363403000057, 23.80063629100016 ], [ 90.39884948800011, 23.806451798000069 ], [ 90.400428772, 23.818605423000122 ], [ 90.396713258000091, 23.828086854000105 ], [ 90.399337769000056, 23.832843780000076 ], [ 90.406646729000158, 23.831647874000055 ], [ 90.410438538000108, 23.834085465000044 ], [ 90.413246155000138, 23.833688737000045 ], [ 90.412666321000131, 23.825771331000112 ], [ 90.414299012000129, 23.821554184000149 ], [ 90.416748047000169, 23.819908141000099 ] ] ] } },
{ "type": "Feature", "properties": { "GID_4": "BGD.3.1.6.1_1", "NAME_2": "Dhaka", "NAME_3": "Chak Bazar", "NAME_4": "Ward No-63 (Part)" }, "geometry": { "type": "Polygon", "coordinates": [ [ [ 90.400314332000164, 23.723930359000065 ], [ 90.398361205000072, 23.720010758000058 ], [ 90.39570617600009, 23.722387314 ], [ 90.395317078, 23.719095230000107 ], [ 90.39287567100007, 23.722440719000076 ], [ 90.391250609999986, 23.720716476000177 ], [ 90.389427184000112, 23.723344804000192 ], [ 90.400314332000164, 23.723930359000065 ] ] ] } },
{ "type": "Feature", "properties": { "GID_4": "BGD.3.1.6.2_1", "NAME_2": "Dhaka", "NAME_3": "Chak Bazar", "NAME_4": "Ward No-64" }, "geometry": { "type": "Polygon", "coordinates": [ [ [ 90.389976502000081, 23.718694686000049 ], [ 90.392677306999985, 23.722536088000084 ], [ 90.394042968000122, 23.721389770000087 ], [ 90.396865844999979, 23.716331483000147 ], [ 90.396324157000151, 23.715133666999975 ], [ 90.389976502000081, 23.718694686000049 ] ] ] } },
{ "type": "Feature", "properties": { "GID_4": "BGD.3.1.6.3_1", "NAME_2": "Dhaka", "NAME_3": "Chak Bazar", "NAME_4": "Ward No-65" }, "geometry": { "type": "Polygon", "coordinates": [ [ [ 90.389976502000081, 23.718694686000049 ], [ 90.395477295000035, 23.7163715370001 ], [ 90.393173217000196, 23.711088180000047 ], [ 90.383155823000038, 23.713283540000134 ], [ 90.386573791000046, 23.716657638000072 ], [ 90.389625549000129, 23.716962815000159 ], [ 90.389976502000081, 23.718694686000049 ] ] ] } },
{ "type": "Feature", "properties": { "GID_4": "BGD.3.1.6.4_1", "NAME_2": "Dhaka", "NAME_3": "Chak Bazar", "NAME_4": "Ward No-66 (Part)" }, "geometry": { "type": "Polygon", "coordinates": [ [ [ 90.40036773700001, 23.713014602000101 ], [ 90.399154663000047, 23.712995529000182 ], [ 90.39972686700014, 23.710765839000089 ], [ 90.393173217000196, 23.711088180000047 ], [ 90.394958496000186, 23.715944290000039 ], [ 90.40036773700001, 23.713014602000101 ] ] ] } },
{ "type": "Feature", "properties": { "GID_4": "BGD.3.1.6.5_1", "NAME_2": "Dhaka", "NAME_3": "Chak Bazar", "NAME_4": "Ward No-67 (Part)" }, "geometry": { "type": "Polygon", "coordinates": [ [ [ 90.39570617600009, 23.722387314 ], [ 90.401222229000041, 23.713994981000099 ], [ 90.400985718000072, 23.712839127000052 ], [ 90.395088197000177, 23.718427658000167 ], [ 90.39570617600009, 23.722387314 ] ] ] } },
{ "type": "Feature", "properties": { "GID_4": "BGD.3.1.7.1_1", "NAME_2": "Dhaka", "NAME_3": "Dakshinkhan", "NAME_4": "Dakshinkhan (Part)" }, "geometry": { "type": "Polygon", "coordinates": [ [ [ 90.42388153100012, 23.847578048000059 ], [ 90.4245986950001, 23.849861145000034 ], [ 90.41612243700007, 23.859302520000085 ], [ 90.407196044000045, 23.857921600000054 ], [ 90.406517030000145, 23.882005691000131 ], [ 90.411933899000076, 23.882793426000035 ], [ 90.416358948000038, 23.886053086000118 ], [ 90.415206910000109, 23.882007599000133 ], [ 90.418357850000064, 23.880208968999966 ], [ 90.419036864000077, 23.877933503000179 ], [ 90.413803101000042, 23.870399475000113 ], [ 90.416160584000124, 23.868362426999965 ], [ 90.415588380000031, 23.870347977000165 ], [ 90.419227600000056, 23.872949599000094 ], [ 90.418945312000176, 23.86733818100015 ], [ 90.422386169, 23.863414765000073 ], [ 90.428009032000091, 23.864816666000138 ], [ 90.429779053000118, 23.867748261000145 ], [ 90.433952331000057, 23.865255356000034 ], [ 90.437210083000139, 23.866056443000161 ], [ 90.434280396000133, 23.863431931000093 ], [ 90.438446046000195, 23.85698890600014 ], [ 90.439331055000139, 23.860023499000135 ], [ 90.443740844000047, 23.859706879000044 ], [ 90.448013307000167, 23.854581833 ], [ 90.447288513000046, 23.852304459000038 ], [ 90.448989868000012, 23.849210739000057 ], [ 90.453918456000167, 23.848754883000026 ], [ 90.453010559000063, 23.845869065000159 ], [ 90.447067260000097, 23.848865508000188 ], [ 90.442237854000041, 23.84662437500009 ], [ 90.436637879000045, 23.847606659 ], [ 90.434150695000142, 23.845020295000097 ], [ 90.42388153100012, 23.847578048000059 ] ] ] } },
{ "type": "Feature", "properties": { "GID_4": "BGD.3.1.8.1_1", "NAME_2": "Dhaka", "NAME_3": "Darus Salam", "NAME_4": "Ward No-09" }, "geometry": { "type": "Polygon", "coordinates": [ [ [ 90.348640443000022, 23.775365829000066 ], [ 90.342308044000049, 23.772054672000081 ], [ 90.334609984999986, 23.774732589000052 ], [ 90.338035583000135, 23.778976441 ], [ 90.335441589000084, 23.784807206000096 ], [ 90.338005067000097, 23.78643226700018 ], [ 90.339584350999985, 23.790142059000175 ], [ 90.340133667000146, 23.798019410000109 ], [ 90.343154908000145, 23.798616409000033 ], [ 90.343566895000038, 23.79402732900013 ], [ 90.346710205000193, 23.792686463 ], [ 90.344429016000049, 23.789970398000094 ], [ 90.344009399000015, 23.781993867000097 ], [ 90.346145631000013, 23.776424409000072 ], [ 90.348640443000022, 23.775365829000066 ] ] ] } },
{ "type": "Feature", "properties": { "GID_4": "BGD.3.1.8.2_1", "NAME_2": "Dhaka", "NAME_3": "Darus Salam", "NAME_4": "Ward No-10" }, "geometry": { "type": "Polygon", "coordinates": [ [ [ 90.357658386000196, 23.776565553000012 ], [ 90.354141235999975, 23.775951386000088 ], [ 90.350891113000102, 23.778272630000117 ], [ 90.348640443000022, 23.775365829000066 ], [ 90.346145631000013, 23.776424409000072 ], [ 90.344009399000015, 23.781993867000097 ], [ 90.344169616000045, 23.788541794000025 ], [ 90.344879151000043, 23.791212082000129 ], [ 90.346847534000119, 23.79217529400006 ], [ 90.343566895000038, 23.79402732900013 ], [ 90.343154908000145, 23.798616409000033 ], [ 90.346160889000032, 23.798353196 ], [ 90.35002136300011, 23.794965745000127 ], [ 90.349327088000109, 23.782558441000106 ], [ 90.351806641000167, 23.781572342000118 ], [ 90.353858947000163, 23.785116196000104 ], [ 90.357429505000198, 23.784332276000043 ], [ 90.357658386000196, 23.776565553000012 ] ] ] } },
{ "type": "Feature", "properties": { "GID_4": "BGD.3.1.9.1_1", "NAME_2": "Dhaka", "NAME_3": "Demra", "NAME_4": "Demra (part)" }, "geometry": { "type": "Polygon", "coordinates": [ [ [ 90.499549867000155, 23.72582245000001 ], [ 90.487815857000044, 23.723423005000029 ], [ 90.489280701000098, 23.721967697000025 ], [ 90.487564088000113, 23.720546723000041 ], [ 90.488357545000099, 23.719329833000074 ], [ 90.483291625000163, 23.718597412000179 ], [ 90.482131958000082, 23.71615028399998 ], [ 90.478660583000192, 23.715053558000022 ], [ 90.47730255200014, 23.715970992999985 ], [ 90.475143433000142, 23.714824677000024 ], [ 90.473716736000142, 23.722564697000053 ], [ 90.468620300000168, 23.719141007000076 ], [ 90.467514038000104, 23.720397949000187 ], [ 90.464790343000061, 23.71993637200012 ], [ 90.463111877000074, 23.725891113000102 ], [ 90.459373474000131, 23.725824357000079 ], [ 90.456153871000083, 23.733119964000025 ], [ 90.464523316000111, 23.73549652100013 ], [ 90.462402344000111, 23.740468979000127 ], [ 90.459831238000163, 23.741029740000101 ], [ 90.459732056000121, 23.750097275000087 ], [ 90.465278626000043, 23.753417968000122 ], [ 90.472305298000038, 23.754007340000044 ], [ 90.473953247000054, 23.761472703000038 ], [ 90.482475282000053, 23.761808396000163 ], [ 90.482986451000158, 23.758831024000187 ], [ 90.487319946000127, 23.755998612000155 ], [ 90.485710143000119, 23.749212266000143 ], [ 90.492454529000156, 23.743322373000183 ], [ 90.48992919900013, 23.735986709000031 ], [ 90.496963501000039, 23.731239319000167 ], [ 90.499549867000155, 23.72582245000001 ] ] ] } },
{ "type": "Feature", "properties": { "GID_4": "BGD.3.1.9.2_1", "NAME_2": "Dhaka", "NAME_3": "Demra", "NAME_4": "Matuail (part)" }, "geometry": { "type": "Polygon", "coordinates": [ [ [ 90.47325134200014, 23.708091736000085 ], [ 90.472343445000092, 23.701995851000106 ], [ 90.48112487800006, 23.701601028000027 ], [ 90.481460572000117, 23.699117661000173 ], [ 90.477928161000136, 23.698722840000073 ], [ 90.475715637000064, 23.696075438999969 ], [ 90.47777557400002, 23.691202163000185 ], [ 90.474098206000065, 23.690221787000041 ], [ 90.470085144, 23.685148239000057 ], [ 90.468276977000073, 23.68522453300011 ], [ 90.464759827000194, 23.69939613400004 ], [ 90.470420837000177, 23.706819534000147 ], [ 90.47325134200014, 23.708091736000085 ] ] ] } },
{ "type": "Feature", "properties": { "GID_4": "BGD.3.1.9.3_1", "NAME_2": "Dhaka", "NAME_3": "Demra", "NAME_4": "Saralia" }, "geometry": { "type": "Polygon", "coordinates": [ [ [ 90.475143433000142, 23.714824677000024 ], [ 90.482131958000082, 23.71615028399998 ], [ 90.483291625000163, 23.718597412000179 ], [ 90.488357545000099, 23.719329833000074 ], [ 90.487564088000113, 23.720546723000041 ], [ 90.489280701000098, 23.721967697000025 ], [ 90.487815857000044, 23.723423005000029 ], [ 90.499549867000155, 23.72582245000001 ], [ 90.499298095000086, 23.722425461000057 ], [ 90.501853942000082, 23.718050003000087 ], [ 90.508041382000101, 23.714693069000134 ], [ 90.512794495000037, 23.709568023000088 ], [ 90.504661559000169, 23.705745697000054 ], [ 90.499397277000128, 23.705446243000154 ], [ 90.49779510500008, 23.701494217000175 ], [ 90.491470336000191, 23.700912475000166 ], [ 90.488685608000196, 23.699056626000186 ], [ 90.488708496000129, 23.695636750000176 ], [ 90.479728697999974, 23.693664551000154 ], [ 90.477806091000161, 23.691102983000121 ], [ 90.475715637000064, 23.696075438999969 ], [ 90.478332520000095, 23.698911667000175 ], [ 90.48129272400007, 23.698661805000086 ], [ 90.481491088000155, 23.700202941999976 ], [ 90.48112487800006, 23.701601028000027 ], [ 90.472343445000092, 23.701995851000106 ], [ 90.473106385000165, 23.707847595000032 ], [ 90.47642517100013, 23.709581376000074 ], [ 90.475143433000142, 23.714824677000024 ] ] ] } },
{ "type": "Feature", "properties": { "GID_4": "BGD.3.1.10.1_1", "NAME_2": "Dhaka", "NAME_3": "Dhamrai", "NAME_4": "Amta" }, "geometry": { "type": "Polygon", "coordinates": [ [ [ 90.077857972000174, 24.012363434000065 ], [ 90.075271606, 24.013246536000111 ], [ 90.073585511000033, 24.009160995000173 ], [ 90.074707031000116, 24.002447128000085 ], [ 90.068260192000082, 24.00133895800019 ], [ 90.061973572, 23.992565154999966 ], [ 90.055847168000071, 23.991706849000025 ], [ 90.065170287000115, 23.980321885000023 ], [ 90.065086366000173, 23.975914002000081 ], [ 90.067710876000092, 23.972396852000031 ], [ 90.067649841000105, 23.969951630000082 ], [ 90.06130981400014, 23.96704101600011 ], [ 90.054641724000192, 23.967893601000071 ], [ 90.044044495000094, 23.966440200000136 ], [ 90.038017272000104, 23.971715927000105 ], [ 90.044326782999974, 23.973566056000152 ], [ 90.040115356000172, 23.976064681000025 ], [ 90.038574218000178, 23.982049942000117 ], [ 90.042167664000146, 23.985496521000073 ], [ 90.050186157000041, 23.989002228000174 ], [ 90.052101135000044, 23.993585587000041 ], [ 90.056655883000133, 23.998365403000093 ], [ 90.056427002000078, 23.999557495000147 ], [ 90.052993774000072, 23.999746323000124 ], [ 90.0450592050002, 23.995988847000092 ], [ 90.043327331000057, 23.998556137999969 ], [ 90.045593262000068, 24.005744934000063 ], [ 90.05249023500005, 24.008087159000183 ], [ 90.057388305000131, 24.007314683000175 ], [ 90.061721801000033, 24.008945465000124 ], [ 90.062751768999988, 24.011951448000048 ], [ 90.066093445000092, 24.010025025000118 ], [ 90.068534850000049, 24.012821198000097 ], [ 90.069747924000069, 24.01768875200014 ], [ 90.075355530000024, 24.017526627000109 ], [ 90.077537537000183, 24.015367508000111 ], [ 90.077857972000174, 24.012363434000065 ] ] ] } },
{ "type": "Feature", "properties": { "GID_4": "BGD.3.1.10.2_1", "NAME_2": "Dhaka", "NAME_3": "Dhamrai", "NAME_4": "Baisakanda" }, "geometry": { "type": "Polygon", "coordinates": [ [ [ 90.186294556, 23.989885331000153 ], [ 90.181907655000032, 23.988517762000015 ], [ 90.175949096000068, 23.98951339700011 ], [ 90.174613953000176, 23.984920501000033 ], [ 90.173332215000187, 23.987604142000123 ], [ 90.169654846000128, 23.986694337000074 ], [ 90.164909363000106, 23.989950179000175 ], [ 90.158081056000128, 23.99185562100007 ], [ 90.155029298000045, 23.986948014000177 ], [ 90.154472352000141, 23.980424881000033 ], [ 90.152297973000088, 23.979742051000187 ], [ 90.15192413300008, 23.976102830000116 ], [ 90.144042968000178, 23.97594833300019 ], [ 90.136474609000061, 23.980175019000114 ], [ 90.135139466000169, 23.984619142000042 ], [ 90.133293152000135, 23.983238220000032 ], [ 90.130355834000113, 23.984134674000131 ], [ 90.130256652000071, 23.990449905000105 ], [ 90.120826720000196, 23.983880996999972 ], [ 90.11492919900013, 23.984275818000071 ], [ 90.118988037, 23.993137359000059 ], [ 90.1230163580002, 23.993820191000111 ], [ 90.12294006400009, 23.998460770000122 ], [ 90.128837586000088, 23.998283387000072 ], [ 90.130081176000147, 24.002145768000162 ], [ 90.13341522200011, 24.004205705000174 ], [ 90.134460449000187, 24.009799957000098 ], [ 90.138916015000063, 24.009683609000092 ], [ 90.141456604000041, 24.017469406000089 ], [ 90.144630433000032, 24.017375947000062 ], [ 90.145294189000026, 24.019954683000094 ], [ 90.147842406000109, 24.021369934000063 ], [ 90.148506165000072, 24.025785445999986 ], [ 90.161613464000197, 24.01958465600012 ], [ 90.162094116000162, 24.014787673000171 ], [ 90.16763305600017, 24.010869980000109 ], [ 90.166351318000181, 24.009384155000191 ], [ 90.171134948000031, 24.000877381000123 ], [ 90.183334351000155, 24.001682282 ], [ 90.185424805000082, 24.000427245000026 ], [ 90.186294556, 23.989885331000153 ] ] ] } },
{ "type": "Feature", "properties": { "GID_4": "BGD.3.1.10.3_1", "NAME_2": "Dhaka", "NAME_3": "Dhamrai", "NAME_4": "Balia" }, "geometry": { "type": "Polygon", "coordinates": [ [ [ 90.044044495000094, 23.966440200000136 ], [ 90.054641724000192, 23.967893601000071 ], [ 90.06130981400014, 23.96704101600011 ], [ 90.067649841000105, 23.969951630000082 ], [ 90.067710876000092, 23.972396852000031 ], [ 90.065086366000173, 23.975914002000081 ], [ 90.065170287000115, 23.980321885000023 ], [ 90.055847168000071, 23.991706849000025 ], [ 90.061973572, 23.992565154999966 ], [ 90.068260192000082, 24.00133895800019 ], [ 90.074707031000116, 24.002447128000085 ], [ 90.073539734000065, 24.009000779000075 ], [ 90.075271606, 24.013246536000111 ], [ 90.080726624000192, 24.01079750100007 ], [ 90.089492797000105, 24.012329103000127 ], [ 90.093345642000145, 24.005008697000164 ], [ 90.097526551000101, 24.00313186700015 ], [ 90.099494933000074, 23.98648452700013 ], [ 90.098159790000011, 23.984493256000121 ], [ 90.0919570920002, 23.982461929000181 ], [ 90.090438844000175, 23.984415055000113 ], [ 90.089050294000174, 23.982994081000129 ], [ 90.088005065000118, 23.985532760000126 ], [ 90.086524963000045, 23.98227119500001 ], [ 90.087921143000131, 23.980634690000045 ], [ 90.087112428000069, 23.969875336000143 ], [ 90.081420899000136, 23.971635819000085 ], [ 90.080680847000053, 23.974382400000025 ], [ 90.072433472000057, 23.970552445000123 ], [ 90.072006225000109, 23.968149185000073 ], [ 90.075355530000024, 23.963459015000126 ], [ 90.074546814000087, 23.960470200000032 ], [ 90.065940856000168, 23.960395814000094 ], [ 90.060058593000122, 23.95771408100012 ], [ 90.047554017000039, 23.962017060000107 ], [ 90.044044495000094, 23.966440200000136 ] ] ] } },
{ "type": "Feature", "properties": { "GID_4": "BGD.3.1.10.4_1", "NAME_2": "Dhaka", "NAME_3": "Dhamrai", "NAME_4": "Bhararia" }, "geometry": { "type": "Polygon", "coordinates": [ [ [ 90.172279359000129, 23.98087692200005 ], [ 90.175949096000068, 23.98951339700011 ], [ 90.181907655000032, 23.988517762000015 ], [ 90.186294556, 23.989885331000153 ], [ 90.190673828000172, 23.984907150000083 ], [ 90.190338135000047, 23.977598189999981 ], [ 90.199737548000144, 23.974262237000119 ], [ 90.19847106900005, 23.968027115000098 ], [ 90.203178406000063, 23.965896607 ], [ 90.209922790000178, 23.95683670000011 ], [ 90.230056763000107, 23.944257736000111 ], [ 90.23173523000014, 23.936086655000167 ], [ 90.2278594980001, 23.934394836000081 ], [ 90.227363587000184, 23.929710388999979 ], [ 90.222175599000082, 23.929088592000141 ], [ 90.222167969000168, 23.930381775000114 ], [ 90.220474242000137, 23.930110933000094 ], [ 90.215293884000118, 23.934938431000035 ], [ 90.2117309570001, 23.936079025000083 ], [ 90.216293336000035, 23.942510606000099 ], [ 90.218498230000023, 23.943250656000089 ], [ 90.217880248000085, 23.945720672000164 ], [ 90.213943481000058, 23.944110871000078 ], [ 90.210144043000071, 23.950590135000084 ], [ 90.20909118600008, 23.949041367 ], [ 90.206245423000098, 23.950174333000177 ], [ 90.20650482200017, 23.947294235000072 ], [ 90.201896667000142, 23.946407319000059 ], [ 90.199363708000135, 23.942884446000164 ], [ 90.189552308000088, 23.942838669000025 ], [ 90.19005584700011, 23.950363159000119 ], [ 90.181381225, 23.953901290000033 ], [ 90.175224304000153, 23.967510223000147 ], [ 90.169349671000191, 23.968854904000068 ], [ 90.167404175000115, 23.975591659000145 ], [ 90.165702820000149, 23.976846695000063 ], [ 90.168426513000156, 23.979759217000037 ], [ 90.172279359000129, 23.98087692200005 ] ] ] } },
{ "type": "Feature", "properties": { "GID_4": "BGD.3.1.10.5_1", "NAME_2": "Dhaka", "NAME_3": "Dhamrai", "NAME_4": "Chauhat" }, "geometry": { "type": "Polygon", "coordinates": [ [ [ 90.077857972000174, 24.012363434000065 ], [ 90.077537537000183, 24.015367508000111 ], [ 90.075355530000024, 24.017526627000109 ], [ 90.069747924000069, 24.01768875200014 ], [ 90.068534850000049, 24.012821198000097 ], [ 90.06585693400018, 24.009922028000176 ], [ 90.062538146000179, 24.011890412000184 ], [ 90.061439515000131, 24.008813858000167 ], [ 90.057182313000169, 24.007284164000055 ], [ 90.05165863100018, 24.007854461000079 ], [ 90.045593262000068, 24.005744934000063 ], [ 90.044128419000117, 24.003538131000028 ], [ 90.032234191000043, 24.006069184000069 ], [ 90.030136108000136, 24.005867005000141 ], [ 90.029701233000083, 24.003650666000169 ], [ 90.023361206000175, 24.006916047000061 ], [ 90.023963929000047, 24.011827469000025 ], [ 90.02225494400011, 24.014759064000032 ], [ 90.019821167000089, 24.014255523000031 ], [ 90.019706727000028, 24.009689332000107 ], [ 90.013427735000107, 24.012418747000083 ], [ 90.013114930000086, 24.007593156000041 ], [ 90.007568360000164, 24.01137352100011 ], [ 90.007171632, 24.014898301000073 ], [ 90.004570007000154, 24.016466142000013 ], [ 90.006553650000058, 24.017904282000188 ], [ 90.013893127000074, 24.017562866 ], [ 90.018241882999973, 24.021774293000192 ], [ 90.017425537000122, 24.025207519000048 ], [ 90.019432069000061, 24.02606010400018 ], [ 90.017913818000125, 24.030508042000122 ], [ 90.012351990000184, 24.030637741000135 ], [ 90.010421752000184, 24.033246992999977 ], [ 90.012084962000131, 24.042526245000033 ], [ 90.016197205000083, 24.044225693000158 ], [ 90.017333985, 24.04426193200004 ], [ 90.017433167000036, 24.036115647000031 ], [ 90.02717590400016, 24.03393936100008 ], [ 90.026084900000114, 24.029615403000093 ], [ 90.021965027000192, 24.027877809000188 ], [ 90.019638061000023, 24.028743745000099 ], [ 90.020606994, 24.0235786450001 ], [ 90.022033691000047, 24.02390670799997 ], [ 90.024703979000151, 24.021039963000192 ], [ 90.040740967000147, 24.028388978000123 ], [ 90.060089112000071, 24.03040886000008 ], [ 90.063598633000083, 24.029256821000104 ], [ 90.065422059000127, 24.031665802000191 ], [ 90.065773010000157, 24.037313461 ], [ 90.069801331000122, 24.032367707000105 ], [ 90.072052002000078, 24.032936096000128 ], [ 90.074493409000013, 24.033861160000129 ], [ 90.073837281000124, 24.040651322000087 ], [ 90.077377319000107, 24.041210174000128 ], [ 90.081649780000191, 24.040668488000051 ], [ 90.084487915000068, 24.035373688 ], [ 90.089836121000133, 24.035024644000089 ], [ 90.09405517600004, 24.027351379000152 ], [ 90.09617614800004, 24.026992798000094 ], [ 90.102149963000045, 24.019037247000028 ], [ 90.099090577000197, 24.017791749000025 ], [ 90.096069335000152, 24.018888473000175 ], [ 90.094985962000123, 24.015455247000148 ], [ 90.089653015000067, 24.017116547000114 ], [ 90.089302063000162, 24.01224136400009 ], [ 90.080726624000192, 24.01079750100007 ], [ 90.077857972000174, 24.012363434000065 ] ] ] } },
{ "type": "Feature", "properties": { "GID_4": "BGD.3.1.10.6_1", "NAME_2": "Dhaka", "NAME_3": "Dhamrai", "NAME_4": "Dhamrai" }, "geometry": { "type": "Polygon", "coordinates": [ [ [ 90.194480896000073, 23.942335127999968 ], [ 90.199676513000156, 23.943002702000172 ], [ 90.201896667000142, 23.946407319000059 ], [ 90.206253051000033, 23.947059632000105 ], [ 90.207290649000072, 23.950500488000046 ], [ 90.211662292000199, 23.949159623000014 ], [ 90.213943481000058, 23.944110871000078 ], [ 90.217880248000085, 23.945720672000164 ], [ 90.218498230000023, 23.943090439000059 ], [ 90.216293336000035, 23.942510606000099 ], [ 90.211608887000125, 23.93632698100015 ], [ 90.220268250000117, 23.930225373000155 ], [ 90.222167969000168, 23.930381775000114 ], [ 90.222000121000178, 23.929174424000166 ], [ 90.225028991000102, 23.928596497000058 ], [ 90.225158692000093, 23.921371461000149 ], [ 90.21772766100014, 23.922180175999983 ], [ 90.211349487000177, 23.925153733000116 ], [ 90.20477294900013, 23.922599793000188 ], [ 90.201705933000198, 23.928194046000044 ], [ 90.1972351080002, 23.929859161000081 ], [ 90.193572999000139, 23.935253144000058 ], [ 90.194480896000073, 23.942335127999968 ] ] ] } },
{ "type": "Feature", "properties": { "GID_4": "BGD.3.1.10.7_1", "NAME_2": "Dhaka", "NAME_3": "Dhamrai", "NAME_4": "Dhamrai Paurashava" }, "geometry": { "type": "Polygon", "coordinates": [ [ [ 90.1972351080002, 23.929859161000081 ], [ 90.201324462000173, 23.928581238000106 ], [ 90.205039979, 23.922487258 ], [ 90.211349487000177, 23.925153733000116 ], [ 90.21772766100014, 23.922180175999983 ], [ 90.225158692000093, 23.921371461000149 ], [ 90.224815368000122, 23.91817283600011 ], [ 90.226860046000184, 23.915750505000119 ], [ 90.228477477000183, 23.908109664000051 ], [ 90.226867676000097, 23.901962281000067 ], [ 90.224845887000072, 23.902681350000137 ], [ 90.224273682000046, 23.896713258000148 ], [ 90.220405579000044, 23.89714050300006 ], [ 90.221336365000127, 23.900943756000061 ], [ 90.215805053000054, 23.906147003000115 ], [ 90.209304809000116, 23.90570068400018 ], [ 90.211326599000074, 23.908199311000089 ], [ 90.205833436000034, 23.905982972000118 ], [ 90.203407287000118, 23.906986237000069 ], [ 90.19913482700008, 23.914045335000083 ], [ 90.203132629000095, 23.915103912000177 ], [ 90.198547362000056, 23.92214584400017 ], [ 90.202468871000065, 23.923946381000064 ], [ 90.20012664799998, 23.926012038000181 ], [ 90.197746277000135, 23.925518035000039 ], [ 90.196105958000032, 23.927864075000173 ], [ 90.1972351080002, 23.929859161000081 ] ] ] } },
{ "type": "Feature", "properties": { "GID_4": "BGD.3.1.10.8_1", "NAME_2": "Dhaka", "NAME_3": "Dhamrai", "NAME_4": "Gangutia" }, "geometry": { "type": "Polygon", "coordinates": [ [ [ 90.073760987000185, 23.95772743200007 ], [ 90.075263978000123, 23.963600159000066 ], [ 90.081481934000124, 23.960098268000138 ], [ 90.088546753000173, 23.959041596000134 ], [ 90.087684632000162, 23.962221145 ], [ 90.093254088000037, 23.958929063000141 ], [ 90.093986512000072, 23.949287414000025 ], [ 90.091926576000162, 23.941576005000172 ], [ 90.094078064000144, 23.941692353000178 ], [ 90.09393310500019, 23.935508728000059 ], [ 90.098960876000035, 23.932676315000094 ], [ 90.09718322700013, 23.930423737000069 ], [ 90.09058380100015, 23.928953171000046 ], [ 90.091056823000031, 23.926904678000142 ], [ 90.089477539000086, 23.925466538000137 ], [ 90.090675355000087, 23.924238205000051 ], [ 90.08793640100015, 23.921148300000084 ], [ 90.087692260000097, 23.915792465000038 ], [ 90.085777283000198, 23.91548919700017 ], [ 90.08586120700005, 23.91130828900009 ], [ 90.0803833, 23.910882949000097 ], [ 90.076019288000055, 23.906427383 ], [ 90.071884154000031, 23.905124664000141 ], [ 90.06709289500003, 23.91096305800005 ], [ 90.066642761000082, 23.916856767000183 ], [ 90.074012756000116, 23.923263550000115 ], [ 90.074707031000116, 23.925922394 ], [ 90.066886902000135, 23.928466798000045 ], [ 90.065971375000117, 23.93348312300003 ], [ 90.067649841000105, 23.941642760999969 ], [ 90.063468933000195, 23.950275420000082 ], [ 90.064811706000171, 23.952945710000051 ], [ 90.06896209700011, 23.954013825000061 ], [ 90.073760987000185, 23.95772743200007 ] ] ] } },
{ "type": "Feature", "properties": { "GID_4": "BGD.3.1.10.9_1", "NAME_2": "Dhaka", "NAME_3": "Dhamrai", "NAME_4": "Jadabpur" }, "geometry": { "type": "Polygon", "coordinates": [ [ [ 90.148178100000166, 24.025663375000136 ], [ 90.147842406000109, 24.021369934000063 ], [ 90.145294189000026, 24.019954683000094 ], [ 90.144424438000101, 24.017169952000188 ], [ 90.141456604000041, 24.017469406000089 ], [ 90.138916015000063, 24.009683609000092 ], [ 90.13471221900005, 24.010128022000174 ], [ 90.13341522200011, 24.004205705000174 ], [ 90.130081176000147, 24.002145768000162 ], [ 90.128837586000088, 23.998283387000072 ], [ 90.12294006400009, 23.998460770000122 ], [ 90.1230163580002, 23.993820191000111 ], [ 90.119415284000127, 23.993417739 ], [ 90.117744446000074, 23.991498947000082 ], [ 90.112693787000069, 23.981206893999968 ], [ 90.112930298000038, 23.976335526000184 ], [ 90.10822296200007, 23.975458145000118 ], [ 90.097557067000139, 23.977058410000097 ], [ 90.098281861000089, 23.98563385000017 ], [ 90.099494933000074, 23.98648452700013 ], [ 90.098403930000131, 24.00061988900012 ], [ 90.097259521000069, 24.003479003000109 ], [ 90.093711852000069, 24.004632950000087 ], [ 90.091003418000128, 24.008745193000095 ], [ 90.089363098000149, 24.016857148000042 ], [ 90.091995239000028, 24.017314911000028 ], [ 90.094985962000123, 24.015455247000148 ], [ 90.097290040000189, 24.019054413000049 ], [ 90.099090577000197, 24.017791749000025 ], [ 90.104774475000113, 24.01922607400013 ], [ 90.108840943000132, 24.017660140000089 ], [ 90.109939575000112, 24.026529313000026 ], [ 90.12015533400006, 24.025362016000145 ], [ 90.120643616000166, 24.028553008000188 ], [ 90.123695374000079, 24.02867698700004 ], [ 90.124565125000174, 24.031030654 ], [ 90.129661559000112, 24.033357621000107 ], [ 90.147697449000134, 24.033506393000152 ], [ 90.146926881000127, 24.025791169000058 ], [ 90.148178100000166, 24.025663375000136 ] ] ] } },
{ "type": "Feature", "properties": { "GID_4": "BGD.3.1.10.10_1", "NAME_2": "Dhaka", "NAME_3": "Dhamrai", "NAME_4": "Kulla" }, "geometry": { "type": "Polygon", "coordinates": [ [ [ 90.188079834000121, 23.925020219000089 ], [ 90.20012664799998, 23.926012038000181 ], [ 90.202468871000065, 23.923946381000064 ], [ 90.198547362000056, 23.92214584400017 ], [ 90.203102113000057, 23.91500282200019 ], [ 90.19913482700008, 23.914045335000083 ], [ 90.203819274000182, 23.906568527000161 ], [ 90.211326599000074, 23.908199311000089 ], [ 90.209304809000116, 23.90570068400018 ], [ 90.215805053000054, 23.906147003000115 ], [ 90.221336365000127, 23.900943756000061 ], [ 90.220100402000071, 23.897560120000037 ], [ 90.222068787000126, 23.896451950000028 ], [ 90.224273682000046, 23.896713258000148 ], [ 90.224838257000158, 23.898286819000077 ], [ 90.223564147000047, 23.898775102000059 ], [ 90.225364686000091, 23.90285873300013 ], [ 90.229995728000119, 23.89628029000005 ], [ 90.228981018000184, 23.884752275000039 ], [ 90.234298705000072, 23.88171005200013 ], [ 90.231971741000109, 23.871332169000027 ], [ 90.236991881000165, 23.865131378000058 ], [ 90.236129761000029, 23.860050202000139 ], [ 90.238052368000069, 23.846902848000127 ], [ 90.238662719, 23.845308304000184 ], [ 90.243736267000031, 23.843935012000088 ], [ 90.245666505000088, 23.840337754000188 ], [ 90.245765687000073, 23.838399888000026 ], [ 90.240394593000133, 23.832355500000176 ], [ 90.234832763000043, 23.832744598000033 ], [ 90.224021911000079, 23.83699989400003 ], [ 90.211601257000041, 23.848373413000047 ], [ 90.210487366000166, 23.852382660000046 ], [ 90.203353882000044, 23.852207185000168 ], [ 90.19602203400018, 23.860715866000135 ], [ 90.184898377000081, 23.860296249000157 ], [ 90.184783934999984, 23.866537094000023 ], [ 90.187866211000141, 23.867982864000112 ], [ 90.184127807000095, 23.878515242999981 ], [ 90.188575745000037, 23.879409790000011 ], [ 90.190345765000131, 23.884948731000122 ], [ 90.190078735000043, 23.888017655 ], [ 90.187210083000195, 23.890764237000099 ], [ 90.185897827000133, 23.890245437000146 ], [ 90.185287476000042, 23.885833740000066 ], [ 90.183082580000189, 23.888046263999968 ], [ 90.181846619000169, 23.893726350000122 ], [ 90.184783934999984, 23.895448686000179 ], [ 90.185333253000181, 23.899845124000137 ], [ 90.182571411000083, 23.900308609000035 ], [ 90.186111450000169, 23.912740709000161 ], [ 90.189353944000061, 23.916559220000181 ], [ 90.188079834000121, 23.925020219000089 ] ] ] } },
{ "type": "Feature", "properties": { "GID_4": "BGD.3.1.10.11_1", "NAME_2": "Dhaka", "NAME_3": "Dhamrai", "NAME_4": "Kushura" }, "geometry": { "type": "Polygon", "coordinates": [ [ [ 90.11492919900013, 23.984275818000071 ], [ 90.120826720000196, 23.983880996999972 ], [ 90.130256652000071, 23.990449905000105 ], [ 90.130355834000113, 23.984134674000131 ], [ 90.133293152000135, 23.983238220000032 ], [ 90.135139466000169, 23.984619142000042 ], [ 90.136474609000061, 23.980175019000114 ], [ 90.144042968000178, 23.97594833300019 ], [ 90.15192413300008, 23.976102830000116 ], [ 90.152297973000088, 23.979742051000187 ], [ 90.154472352000141, 23.980424881000033 ], [ 90.155029298000045, 23.986948014000177 ], [ 90.158081056000128, 23.99185562100007 ], [ 90.164909363000106, 23.989950179000175 ], [ 90.169654846000128, 23.986694337000074 ], [ 90.173332215000187, 23.987604142000123 ], [ 90.174629211000195, 23.98480415299997 ], [ 90.172767639000199, 23.981447221000053 ], [ 90.165702820000149, 23.976846695000063 ], [ 90.1676025390002, 23.975156784000148 ], [ 90.170471191000047, 23.96147728 ], [ 90.172302247000061, 23.960468293000133 ], [ 90.170242311000152, 23.955320359000154 ], [ 90.171356201000094, 23.952051163000192 ], [ 90.168380738000053, 23.951581955999984 ], [ 90.167755127000021, 23.956663132000131 ], [ 90.164955138000096, 23.961172103000081 ], [ 90.166809082000043, 23.97000885000017 ], [ 90.159339905000081, 23.967086793000078 ], [ 90.157150270000045, 23.964279174000012 ], [ 90.151145936000091, 23.963277817000062 ], [ 90.149658204000104, 23.958627701000069 ], [ 90.140525818000128, 23.958000182000092 ], [ 90.138786317000154, 23.959806442000172 ], [ 90.138343811000141, 23.965011596000068 ], [ 90.1353912350001, 23.96526908800007 ], [ 90.130233764000138, 23.963546752000184 ], [ 90.130874634000065, 23.959941863000097 ], [ 90.12752532900015, 23.960924149000164 ], [ 90.126113891000045, 23.955415726000126 ], [ 90.115394593000076, 23.952825547000145 ], [ 90.114418030000195, 23.955146791000175 ], [ 90.11119079600013, 23.95576477000003 ], [ 90.10684204000006, 23.954322815000012 ], [ 90.099006653, 23.94766426000001 ], [ 90.093986512000072, 23.949287414000025 ], [ 90.092948913999976, 23.959173202000159 ], [ 90.087684632000162, 23.962221145 ], [ 90.088546753000173, 23.959041596000134 ], [ 90.081100464000031, 23.960239410000099 ], [ 90.075263978000123, 23.963600159000066 ], [ 90.072006225000109, 23.968149185000073 ], [ 90.073081970000032, 23.971096038000098 ], [ 90.080680847000053, 23.974382400000025 ], [ 90.081420899000136, 23.971635819000085 ], [ 90.087112428000069, 23.969875336000143 ], [ 90.087921143000131, 23.980634690000045 ], [ 90.086524963000045, 23.98227119500001 ], [ 90.088157654000042, 23.985736847000055 ], [ 90.089050294000174, 23.982994081000129 ], [ 90.090438844000175, 23.984415055000113 ], [ 90.0919570920002, 23.982461929000181 ], [ 90.097747804000051, 23.98485756000008 ], [ 90.097557067000139, 23.977058410000097 ], [ 90.107704163000051, 23.975484849000054 ], [ 90.112930298000038, 23.976335526000184 ], [ 90.112693787000069, 23.981206893999968 ], [ 90.11492919900013, 23.984275818000071 ] ] ] } },
{ "type": "Feature", "properties": { "GID_4": "BGD.3.1.10.12_1", "NAME_2": "Dhaka", "NAME_3": "Dhamrai", "NAME_4": "Nannar" }, "geometry": { "type": "Polygon", "coordinates": [ [ [ 90.181846619000169, 23.893726350000122 ], [ 90.18468475300017, 23.885829925 ], [ 90.186569213000098, 23.890745163000076 ], [ 90.190078735000043, 23.888017655 ], [ 90.188575745000037, 23.879409790000011 ], [ 90.184066772999984, 23.878231049000135 ], [ 90.187881470000036, 23.867109298000116 ], [ 90.173645020000038, 23.866104126000096 ], [ 90.170402526000146, 23.87136840800008 ], [ 90.167129517000149, 23.87176322900018 ], [ 90.166564941000161, 23.876502991000109 ], [ 90.163970947000109, 23.878028870000151 ], [ 90.158973693000178, 23.876903534000121 ], [ 90.153503419000174, 23.879837037000129 ], [ 90.14678955200003, 23.878715515000067 ], [ 90.143798829000104, 23.883352279000178 ], [ 90.138351441000054, 23.885570526000151 ], [ 90.135330200000112, 23.884750367000038 ], [ 90.135215759000175, 23.886699676000148 ], [ 90.138481140000067, 23.887666702000047 ], [ 90.137229919000163, 23.889724733000037 ], [ 90.125350952000076, 23.891040802000134 ], [ 90.12312316800012, 23.894548416000077 ], [ 90.124488832000168, 23.896375657000192 ], [ 90.131568909, 23.897136688000046 ], [ 90.132041931000117, 23.900238038000111 ], [ 90.139091491000045, 23.903865815000188 ], [ 90.138748170000099, 23.907762528000092 ], [ 90.1484069830002, 23.912467956000057 ], [ 90.149452209000174, 23.903802872000028 ], [ 90.15255737200016, 23.904085160000136 ], [ 90.153556824000077, 23.907117843000151 ], [ 90.158676147000051, 23.907312394000144 ], [ 90.159660340000073, 23.904407501000037 ], [ 90.164047241000048, 23.906852723000043 ], [ 90.16482543900014, 23.896642685000074 ], [ 90.176284789000022, 23.896543502000156 ], [ 90.181846619000169, 23.893726350000122 ] ] ] } },
{ "type": "Feature", "properties": { "GID_4": "BGD.3.1.10.13_1", "NAME_2": "Dhaka", "NAME_3": "Dhamrai", "NAME_4": "Rowail" }, "geometry": { "type": "Polygon", "coordinates": [ [ [ 90.184844970000199, 23.866216659000088 ], [ 90.184898377000081, 23.860296249000157 ], [ 90.19602203400018, 23.860715866000135 ], [ 90.203353882000044, 23.852207185000168 ], [ 90.210487366000166, 23.852382660000046 ], [ 90.211395264000146, 23.848619462000102 ], [ 90.221160888999975, 23.839309693000075 ], [ 90.214706422000177, 23.840026856000179 ], [ 90.206382752000195, 23.835712434000072 ], [ 90.203392029000099, 23.837900162000096 ], [ 90.203826904000096, 23.83060264500017 ], [ 90.1972351080002, 23.830314636000026 ], [ 90.197311402000139, 23.823883056999989 ], [ 90.185409546000187, 23.818302156000186 ], [ 90.180992127000138, 23.821313857000064 ], [ 90.175323486000195, 23.82212257499998 ], [ 90.173706055000196, 23.817977906000181 ], [ 90.171936035000101, 23.817941666000024 ], [ 90.171882630000027, 23.827795028000139 ], [ 90.166290283000194, 23.828660966000029 ], [ 90.160827637000068, 23.833003998000152 ], [ 90.155677796000077, 23.832977296000081 ], [ 90.154304504000095, 23.828792572000054 ], [ 90.150520324000183, 23.828241349 ], [ 90.150932311000076, 23.834234238000192 ], [ 90.14775085399998, 23.841972350000049 ], [ 90.13468933200005, 23.858882905000087 ], [ 90.140129090000187, 23.862085343000047 ], [ 90.1453475940001, 23.85794448900009 ], [ 90.158462524000072, 23.856225968000103 ], [ 90.159042358000079, 23.857421874000067 ], [ 90.155044556000064, 23.860845567000126 ], [ 90.162330628000177, 23.860893249000185 ], [ 90.166610718000129, 23.863874436000174 ], [ 90.171997070000089, 23.863660812000091 ], [ 90.175109864000092, 23.866565705000028 ], [ 90.184844970000199, 23.866216659000088 ] ] ] } },
{ "type": "Feature", "properties": { "GID_4": "BGD.3.1.10.14_1", "NAME_2": "Dhaka", "NAME_3": "Dhamrai", "NAME_4": "Sanora" }, "geometry": { "type": "Polygon", "coordinates": [ [ [ 90.098960876000035, 23.932676315000094 ], [ 90.09393310500019, 23.935508728000059 ], [ 90.094078064000144, 23.941692353000178 ], [ 90.091926576000162, 23.941576005000172 ], [ 90.093986512000072, 23.949287414000025 ], [ 90.099395751000088, 23.947797776000073 ], [ 90.10684204000006, 23.954322815000012 ], [ 90.111557006000055, 23.955846786000109 ], [ 90.114715576000094, 23.954931259000091 ], [ 90.115394593000076, 23.952825547000145 ], [ 90.126113891000045, 23.955415726000126 ], [ 90.12752532900015, 23.960924149000164 ], [ 90.130874634000065, 23.959941863000097 ], [ 90.130233764000138, 23.963546752000184 ], [ 90.1353912350001, 23.96526908800007 ], [ 90.138343811000141, 23.965011596000068 ], [ 90.138786317000154, 23.959806442000172 ], [ 90.141082764000032, 23.957857133000061 ], [ 90.149658204000104, 23.958627701000069 ], [ 90.151145936000091, 23.963277817000062 ], [ 90.159622193000189, 23.964643478000141 ], [ 90.159805297000048, 23.961603166000145 ], [ 90.157997132000105, 23.961126328000091 ], [ 90.15690612800006, 23.957860948000132 ], [ 90.158081056000128, 23.955001832000164 ], [ 90.156562805000192, 23.951848984000094 ], [ 90.158706665000125, 23.948808671000108 ], [ 90.158370972000114, 23.946317672000191 ], [ 90.154426575000173, 23.945520402000113 ], [ 90.15712738100018, 23.940809249000154 ], [ 90.154907227000137, 23.929403305000164 ], [ 90.14904022200011, 23.92814636300011 ], [ 90.147781373000157, 23.931159974000138 ], [ 90.139869690000182, 23.931415559000072 ], [ 90.136642456000175, 23.94247818000008 ], [ 90.124130250000178, 23.936080933000085 ], [ 90.123542785000154, 23.930822373000183 ], [ 90.117691041000171, 23.926723481000124 ], [ 90.109962464000148, 23.925346375000061 ], [ 90.108192443000121, 23.931838989000084 ], [ 90.105209351000042, 23.934785844000089 ], [ 90.098960876000035, 23.932676315000094 ] ] ] } },
{ "type": "Feature", "properties": { "GID_4": "BGD.3.1.10.15_1", "NAME_2": "Dhaka", "NAME_3": "Dhamrai", "NAME_4": "Sombhag" }, "geometry": { "type": "Polygon", "coordinates": [ [ [ 90.169548036000151, 23.968811036000034 ], [ 90.175224304000153, 23.967510223000147 ], [ 90.181381225, 23.953901290000033 ], [ 90.189880371000186, 23.950609208000174 ], [ 90.189453126000046, 23.942968368000152 ], [ 90.194480896000073, 23.942335127999968 ], [ 90.193199157000151, 23.936487199000112 ], [ 90.197257996000133, 23.931377412000188 ], [ 90.196105958000032, 23.927864075000173 ], [ 90.197669983000196, 23.925863266000079 ], [ 90.188079834000121, 23.925020219000089 ], [ 90.189353944000061, 23.916559220000181 ], [ 90.186111450000169, 23.912740709000161 ], [ 90.182571411000083, 23.900308609000035 ], [ 90.185333253000181, 23.899845124000137 ], [ 90.184783934999984, 23.895448686000179 ], [ 90.181846619000169, 23.893726350000122 ], [ 90.176284789000022, 23.896543502000156 ], [ 90.16482543900014, 23.896642685000074 ], [ 90.164611817000036, 23.906259537000153 ], [ 90.162971497, 23.90678596500004 ], [ 90.159439087000123, 23.904436112000042 ], [ 90.159606933000191, 23.909921647000147 ], [ 90.158256531000177, 23.910728455000083 ], [ 90.165405274000022, 23.919126511000059 ], [ 90.162734986000089, 23.920389175000082 ], [ 90.160766602000081, 23.915037156000153 ], [ 90.153724670000088, 23.918409347000193 ], [ 90.154991151000161, 23.923452378000093 ], [ 90.160469055000078, 23.929599761000077 ], [ 90.160835265000173, 23.931915283000023 ], [ 90.163627624000014, 23.932733536000114 ], [ 90.164817809, 23.929597854000178 ], [ 90.16639709500015, 23.92969703600005 ], [ 90.163475036000193, 23.936252593000063 ], [ 90.160057068000185, 23.940551757000151 ], [ 90.156044006000172, 23.94122505100006 ], [ 90.154426575000173, 23.945520402000113 ], [ 90.158370972000114, 23.946317672000191 ], [ 90.158706665000125, 23.948808671000108 ], [ 90.156562805000192, 23.952228547000118 ], [ 90.158020020000038, 23.954244614000061 ], [ 90.15690612800006, 23.957408905000136 ], [ 90.157936097000118, 23.960994720000087 ], [ 90.159866332000036, 23.961793900000089 ], [ 90.158432007000101, 23.965454100999978 ], [ 90.159339905000081, 23.967086793000078 ], [ 90.166809082000043, 23.97000885000017 ], [ 90.164955138000096, 23.961172103000081 ], [ 90.167755127000021, 23.956663132000131 ], [ 90.168380738000053, 23.951581955999984 ], [ 90.170188903000167, 23.950994491000131 ], [ 90.171730041000103, 23.953601838000168 ], [ 90.170280457000104, 23.955522538000082 ], [ 90.172508240000127, 23.959108354000136 ], [ 90.169311524000136, 23.964820862000067 ], [ 90.169548036000151, 23.968811036000034 ] ] ] } },
{ "type": "Feature", "properties": { "GID_4": "BGD.3.1.10.16_1", "NAME_2": "Dhaka", "NAME_3": "Dhamrai", "NAME_4": "Suapur" }, "geometry": { "type": "Polygon", "coordinates": [ [ [ 90.132720947000166, 23.90038108900012 ], [ 90.131568909, 23.897136688000046 ], [ 90.12364196700014, 23.895933151000179 ], [ 90.124809264000191, 23.891344071000105 ], [ 90.136978150000061, 23.889883042000065 ], [ 90.138481140000067, 23.887666702000047 ], [ 90.135215759000175, 23.886699676000148 ], [ 90.135330200000112, 23.884750367000038 ], [ 90.138351441000054, 23.885570526000151 ], [ 90.143798829000104, 23.883352279000178 ], [ 90.14678955200003, 23.878715515000067 ], [ 90.153503419000174, 23.879837037000129 ], [ 90.158973693000178, 23.876903534000121 ], [ 90.163970947000109, 23.878028870000151 ], [ 90.166564941000161, 23.876502991000109 ], [ 90.167129517000149, 23.87176322900018 ], [ 90.170402526000146, 23.87136840800008 ], [ 90.173309327000084, 23.864660263000076 ], [ 90.166610718000129, 23.863874436000174 ], [ 90.162330628000177, 23.860893249000185 ], [ 90.155044556000064, 23.860845567000126 ], [ 90.159042358000079, 23.857421874000067 ], [ 90.158462524000072, 23.856225968000103 ], [ 90.1453475940001, 23.85794448900009 ], [ 90.140129090000187, 23.862085343000047 ], [ 90.13468933200005, 23.858882905000087 ], [ 90.121673585, 23.873449325000081 ], [ 90.117614747000118, 23.873805999000069 ], [ 90.112640381000119, 23.885553360000131 ], [ 90.114448547000109, 23.890327454000101 ], [ 90.118904113000042, 23.895101547000138 ], [ 90.117088318000128, 23.903993607000075 ], [ 90.122093200000165, 23.904361726000104 ], [ 90.123313904000099, 23.902259828000069 ], [ 90.125938415000121, 23.903776169000025 ], [ 90.126731872000107, 23.900260926000044 ], [ 90.132720947000166, 23.90038108900012 ] ] ] } },
{ "type": "Feature", "properties": { "GID_4": "BGD.3.1.10.17_1", "NAME_2": "Dhaka", "NAME_3": "Dhamrai", "NAME_4": "Suti Para" }, "geometry": { "type": "Polygon", "coordinates": [ [ [ 90.08586120700005, 23.91130828900009 ], [ 90.085777283000198, 23.91548919700017 ], [ 90.087692260000097, 23.915792465000038 ], [ 90.08793640100015, 23.921148300000084 ], [ 90.090675355000087, 23.924238205000051 ], [ 90.089477539000086, 23.925699234000035 ], [ 90.091056823000031, 23.926904678000142 ], [ 90.09074401800018, 23.929203033000135 ], [ 90.096832276000157, 23.93027687100016 ], [ 90.098960876000035, 23.932676315000094 ], [ 90.105209351000042, 23.934785844000089 ], [ 90.108192443000121, 23.931838989000084 ], [ 90.109962464000148, 23.925346375000061 ], [ 90.117691041000171, 23.926723481000124 ], [ 90.123542785000154, 23.930822373000183 ], [ 90.124130250000178, 23.936080933000085 ], [ 90.128318786000136, 23.937330246000158 ], [ 90.129417420000095, 23.939287185000126 ], [ 90.132934570000145, 23.939514161000091 ], [ 90.135215759000175, 23.942279816000053 ], [ 90.137268066000047, 23.941944122000166 ], [ 90.140220642000088, 23.931226730000162 ], [ 90.147781373000157, 23.931159974000138 ], [ 90.14904022200011, 23.92814636300011 ], [ 90.154907227000137, 23.929403305000164 ], [ 90.15712738100018, 23.940809249000154 ], [ 90.159233093000125, 23.940866472000152 ], [ 90.164031982000097, 23.935514451000074 ], [ 90.166320802000143, 23.930307389000177 ], [ 90.165008545000148, 23.929395677000059 ], [ 90.163627624000014, 23.932733536000114 ], [ 90.160835265000173, 23.931915283000023 ], [ 90.153854369999976, 23.920854569000028 ], [ 90.154205322000053, 23.917539596000097 ], [ 90.159690856000111, 23.915086745999986 ], [ 90.161369325000123, 23.91553497200016 ], [ 90.162734986000089, 23.920389175000082 ], [ 90.165405274000022, 23.919126511000059 ], [ 90.15831756700004, 23.910989762000099 ], [ 90.159629821000124, 23.909688951000078 ], [ 90.158676147000051, 23.907312394000144 ], [ 90.153366090000077, 23.907073976000163 ], [ 90.15255737200016, 23.904085160000136 ], [ 90.149452209000174, 23.903802872000028 ], [ 90.148147583000082, 23.912466049000159 ], [ 90.138748170000099, 23.907762528000092 ], [ 90.139091491000045, 23.903865815000188 ], [ 90.133071899000072, 23.900390625000057 ], [ 90.126731872000107, 23.900260926000044 ], [ 90.126159668000184, 23.903718949000108 ], [ 90.123313904000099, 23.902259828000069 ], [ 90.122299194000163, 23.904275895000183 ], [ 90.11792755200014, 23.90468215900006 ], [ 90.1168441760002, 23.902797700000178 ], [ 90.118904113000042, 23.895101547000138 ], [ 90.114448547000109, 23.890327454000101 ], [ 90.113662720000036, 23.887113571000157 ], [ 90.108467101000144, 23.895318985000188 ], [ 90.102951050000172, 23.899694443000158 ], [ 90.097671508000133, 23.902044297000089 ], [ 90.093116759000111, 23.901172639000094 ], [ 90.09322357200017, 23.904880523000088 ], [ 90.08586120700005, 23.91130828900009 ] ] ] } },
{ "type": "Feature", "properties": { "GID_4": "BGD.3.1.11.1_1", "NAME_2": "Dhaka", "NAME_3": "Dhanmondi", "NAME_4": "Ward No-47 (Part)" }, "geometry": { "type": "Polygon", "coordinates": [ [ [ 90.363700866000102, 23.749164581 ], [ 90.36778259200014, 23.750116348000176 ], [ 90.371963501000153, 23.743820191000168 ], [ 90.366363526000157, 23.743461609000121 ], [ 90.363700866000102, 23.749164581 ] ] ] } },
{ "type": "Feature", "properties": { "GID_4": "BGD.3.1.11.2_1", "NAME_2": "Dhaka", "NAME_3": "Dhanmondi", "NAME_4": "Ward No-48 (Part)" }, "geometry": { "type": "Polygon", "coordinates": [ [ [ 90.366523743000187, 23.742143632000079 ], [ 90.369331360000047, 23.74284744300013 ], [ 90.372535705000075, 23.738267898 ], [ 90.376350404000107, 23.73829460200011 ], [ 90.3702697760001, 23.736021043 ], [ 90.370216369, 23.732599258000107 ], [ 90.366523743000187, 23.742143632000079 ] ] ] } },
{ "type": "Feature", "properties": { "GID_4": "BGD.3.1.11.3_1", "NAME_2": "Dhaka", "NAME_3": "Dhanmondi", "NAME_4": "Ward No-49" }, "geometry": { "type": "Polygon", "coordinates": [ [ [ 90.366363526000157, 23.743461609000121 ], [ 90.371963501000153, 23.743820191000168 ], [ 90.36729431200007, 23.75224113500019 ], [ 90.374969482000097, 23.756927490000066 ], [ 90.382087708000199, 23.744665146000159 ], [ 90.383529663000047, 23.738471985000103 ], [ 90.372535705000075, 23.738267898 ], [ 90.369331360000047, 23.74284744300013 ], [ 90.366523743000187, 23.742143632000079 ], [ 90.366363526000157, 23.743461609000121 ] ] ] } },
{ "type": "Feature", "properties": { "GID_4": "BGD.3.1.12.1_1", "NAME_2": "Dhaka", "NAME_3": "Dohar", "NAME_4": "Bilaspur" }, "geometry": { "type": "Polygon", "coordinates": [ [ [ 90.094566345000146, 23.620254515999989 ], [ 90.102294922000056, 23.622112275000177 ], [ 90.103225708000139, 23.616044998000064 ], [ 90.107101440000179, 23.616937638000024 ], [ 90.110107423000102, 23.615385055000047 ], [ 90.113914489000194, 23.609041215000104 ], [ 90.11880493100017, 23.606613159000119 ], [ 90.119262695000032, 23.599866868000106 ], [ 90.122856140000067, 23.597263336000026 ], [ 90.125236512000185, 23.59237289400005 ], [ 90.135665893000066, 23.591856003000146 ], [ 90.135192871000015, 23.589248658000145 ], [ 90.13016510000017, 23.589254380000114 ], [ 90.133781432000035, 23.582794190000072 ], [ 90.138023376000035, 23.579156875000137 ], [ 90.135131836000028, 23.577831268000125 ], [ 90.134262085000103, 23.574855806000187 ], [ 90.123558045000152, 23.585071564000032 ], [ 90.113258363000057, 23.590324403000068 ], [ 90.099983216000112, 23.594438553000145 ], [ 90.080558776000146, 23.609127044000161 ], [ 90.094566345000146, 23.620254515999989 ] ] ] } },
{ "type": "Feature", "properties": { "GID_4": "BGD.3.1.12.2_1", "NAME_2": "Dhaka", "NAME_3": "Dohar", "NAME_4": "Dohar Paurashava" }, "geometry": { "type": "Polygon", "coordinates": [ [ [ 90.12227630600006, 23.597812654000165 ], [ 90.119262695000032, 23.599866868000106 ], [ 90.11880493100017, 23.606613159000119 ], [ 90.113914489000194, 23.609041215000104 ], [ 90.110107423000102, 23.615385055000047 ], [ 90.107101440000179, 23.616937638000024 ], [ 90.103225708000139, 23.616044998000064 ], [ 90.102294922000056, 23.622112275000177 ], [ 90.099372865000134, 23.621938705000161 ], [ 90.099029541000164, 23.625921248999987 ], [ 90.107460021000122, 23.629510879000179 ], [ 90.105499267000027, 23.631414414 ], [ 90.110618592000037, 23.630645752000191 ], [ 90.116325379000159, 23.627136231000179 ], [ 90.116889953000168, 23.629707336000024 ], [ 90.121894835000035, 23.628185272 ], [ 90.12298583900008, 23.631191253000111 ], [ 90.124572753000109, 23.629648208000106 ], [ 90.124580384000069, 23.633117676000097 ], [ 90.126365662000183, 23.634092330999977 ], [ 90.128135680000071, 23.640514375000066 ], [ 90.12994384700005, 23.639421464000122 ], [ 90.132942200000059, 23.640935897000134 ], [ 90.133911133000197, 23.64435005200005 ], [ 90.135803222000163, 23.643171310000071 ], [ 90.135017395000091, 23.636360168000124 ], [ 90.138122558000077, 23.63723754900019 ], [ 90.136466980000193, 23.638151169000082 ], [ 90.138336181000057, 23.638723374000108 ], [ 90.138778686000137, 23.640781403000119 ], [ 90.143768309999984, 23.638210297 ], [ 90.143875123000043, 23.636434556000097 ], [ 90.146423340000126, 23.639188768000054 ], [ 90.149223328000176, 23.636396409000042 ], [ 90.146636962000059, 23.636447907000047 ], [ 90.145195006999984, 23.634017945000039 ], [ 90.149124146000133, 23.630561829000101 ], [ 90.159828184999981, 23.627912522000031 ], [ 90.160636901000146, 23.625259400000061 ], [ 90.154808045000095, 23.621925354000041 ], [ 90.151832581000122, 23.622219085000097 ], [ 90.144538879000095, 23.618621827000027 ], [ 90.142364502000191, 23.619905472000085 ], [ 90.140533446000063, 23.61812591600011 ], [ 90.135383605000186, 23.619949341000051 ], [ 90.137924194000163, 23.617130279000037 ], [ 90.132110596000189, 23.615087509000148 ], [ 90.132980347000114, 23.606086732000165 ], [ 90.130798340000126, 23.605316163000055 ], [ 90.126914978000173, 23.599903107000046 ], [ 90.12227630600006, 23.597812654000165 ] ] ] } },
{ "type": "Feature", "properties": { "GID_4": "BGD.3.1.12.3_1", "NAME_2": "Dhaka", "NAME_3": "Dohar", "NAME_4": "Kushumhati" }, "geometry": { "type": "Polygon", "coordinates": [ [ [ 90.099372865000134, 23.621938705000161 ], [ 90.094566345000146, 23.620254515999989 ], [ 90.08042907700019, 23.609037400000034 ], [ 90.064208985000164, 23.624063492000062 ], [ 90.038978577000137, 23.629411697000137 ], [ 90.041519164000135, 23.637998582000023 ], [ 90.050354003000052, 23.63769340500005 ], [ 90.058464050000055, 23.649250032000111 ], [ 90.069694519000166, 23.654846192000093 ], [ 90.074081420000141, 23.654251099000135 ], [ 90.075798035000162, 23.651714325 ], [ 90.081192016000159, 23.652542114000028 ], [ 90.08615875300012, 23.651054382000041 ], [ 90.086921692000089, 23.648818969000104 ], [ 90.085517883000023, 23.647893906000036 ], [ 90.086997985000096, 23.647043228000143 ], [ 90.092086791000156, 23.647226334000038 ], [ 90.098014831, 23.64977073600005 ], [ 90.100257874000079, 23.647069932000079 ], [ 90.10460662800017, 23.645519257000103 ], [ 90.103721619000055, 23.640617370000143 ], [ 90.099617004000152, 23.63760948200013 ], [ 90.09996795700016, 23.634634017000053 ], [ 90.09352874800004, 23.633096695000063 ], [ 90.093948362999981, 23.630094529000132 ], [ 90.09754943900009, 23.629486083000074 ], [ 90.099372865000134, 23.621938705000161 ] ] ] } },
{ "type": "Feature", "properties": { "GID_4": "BGD.3.1.12.4_1", "NAME_2": "Dhaka", "NAME_3": "Dohar", "NAME_4": "Mahmudpur" }, "geometry": { "type": "Polygon", "coordinates": [ [ [ 90.080558776000146, 23.609127044000161 ], [ 90.099983216000112, 23.594438553000145 ], [ 90.118446351000159, 23.58819198600014 ], [ 90.128501892000031, 23.58134460500014 ], [ 90.134262085000103, 23.574855806000187 ], [ 90.129928728000152, 23.565031098000134 ], [ 90.113808000000176, 23.565357 ], [ 90.10201300000017, 23.568581 ], [ 90.07814, 23.561424000000102 ], [ 90.074035645000151, 23.565494537000177 ], [ 90.057144166000114, 23.571746827000027 ], [ 90.046485901000096, 23.573934555000051 ], [ 90.055641173000197, 23.58408165000003 ], [ 90.042770384999983, 23.595266342000173 ], [ 90.040542603000063, 23.598901750000039 ], [ 90.039009094000107, 23.609392167000181 ], [ 90.047615052000197, 23.613059998000153 ], [ 90.043273925999983, 23.623109817000113 ], [ 90.044471740000176, 23.628015519000087 ], [ 90.064208985000164, 23.624063492000062 ], [ 90.080558776000146, 23.609127044000161 ] ] ] } },
{ "type": "Feature", "properties": { "GID_4": "BGD.3.1.12.5_1", "NAME_2": "Dhaka", "NAME_3": "Dohar", "NAME_4": "Muksudpur" }, "geometry": { "type": "Polygon", "coordinates": [ [ [ 90.14309703400005, 23.546058955000035 ], [ 90.144554137000114, 23.548608781000155 ], [ 90.149177551000037, 23.547819139000183 ], [ 90.151931763000164, 23.549051284000086 ], [ 90.15061187800012, 23.551151275000052 ], [ 90.14724731299998, 23.551908493000155 ], [ 90.148094178000179, 23.555145263999975 ], [ 90.151611328000058, 23.55474090600012 ], [ 90.153648375999978, 23.552444458000025 ], [ 90.154411316000051, 23.55455017200012 ], [ 90.159561158000031, 23.549188613000183 ], [ 90.161079406000056, 23.550510407000104 ], [ 90.16901397800018, 23.550664902 ], [ 90.168991088999974, 23.556240081000055 ], [ 90.164939880000077, 23.561584474000028 ], [ 90.170433045000095, 23.565822602000082 ], [ 90.179473876000031, 23.566007614000114 ], [ 90.177253724000195, 23.574039460000108 ], [ 90.182571411000083, 23.576026916000046 ], [ 90.183479309000063, 23.58066749600016 ], [ 90.190208434000056, 23.580598832000192 ], [ 90.192039490000184, 23.577192308000065 ], [ 90.197395325000059, 23.577249528000152 ], [ 90.201217652000196, 23.570972444000176 ], [ 90.205673218000072, 23.568944931000033 ], [ 90.203468322999981, 23.564264297000022 ], [ 90.192207337000127, 23.559381486 ], [ 90.185760498000093, 23.56292915400013 ], [ 90.18113708400017, 23.555791855000109 ], [ 90.177162170000088, 23.555757523000125 ], [ 90.177345276000153, 23.551673889000085 ], [ 90.180450439000083, 23.549386978000143 ], [ 90.181556701000147, 23.540651321000098 ], [ 90.178138733000139, 23.536640168000076 ], [ 90.177932739000141, 23.530914306999989 ], [ 90.174308776000089, 23.524581910000165 ], [ 90.170211792000032, 23.527387619000081 ], [ 90.158241271000122, 23.522169114 ], [ 90.148582, 23.540009000000111 ], [ 90.14309703400005, 23.546058955000035 ] ] ] } },
{ "type": "Feature", "properties": { "GID_4": "BGD.3.1.12.6_1", "NAME_2": "Dhaka", "NAME_3": "Dohar", "NAME_4": "Narisha" }, "geometry": { "type": "Polygon", "coordinates": [ [ [ 90.129928728000152, 23.565031098000134 ], [ 90.135131836000028, 23.577831268000125 ], [ 90.13910675000011, 23.580469131000029 ], [ 90.142166138000107, 23.587368012000184 ], [ 90.14728546200007, 23.586732865000101 ], [ 90.156661987000064, 23.592214584000089 ], [ 90.159782410000048, 23.590734482000187 ], [ 90.161651611000082, 23.591825486 ], [ 90.163177490000123, 23.590108871000041 ], [ 90.166107177000129, 23.593278884000028 ], [ 90.168060303000061, 23.59150886600014 ], [ 90.177406311000141, 23.596559525000146 ], [ 90.182067870000083, 23.590200425000148 ], [ 90.182884216000105, 23.585094453000067 ], [ 90.180847168000128, 23.581264496000188 ], [ 90.183479309000063, 23.58066749600016 ], [ 90.182571411000083, 23.576026916000046 ], [ 90.177253724000195, 23.574039460000108 ], [ 90.179473876000031, 23.566007614000114 ], [ 90.170433045000095, 23.565822602000082 ], [ 90.164939880000077, 23.561584474000028 ], [ 90.168991088999974, 23.556240081000055 ], [ 90.16901397800018, 23.550664902 ], [ 90.161079406000056, 23.550510407000104 ], [ 90.159561158000031, 23.549188613000183 ], [ 90.154411316000051, 23.55455017200012 ], [ 90.153648375999978, 23.552444458000025 ], [ 90.151611328000058, 23.55474090600012 ], [ 90.148094178000179, 23.555145263999975 ], [ 90.14724731299998, 23.551908493000155 ], [ 90.15061187800012, 23.551151275000052 ], [ 90.151931763000164, 23.549051284000086 ], [ 90.149177551000037, 23.547819139000183 ], [ 90.144554137000114, 23.548608781000155 ], [ 90.14309703400005, 23.546058955000035 ], [ 90.136383000000194, 23.553951000000154 ], [ 90.134995000000117, 23.561602000000107 ], [ 90.129928728000152, 23.565031098000134 ] ] ] } },
{ "type": "Feature", "properties": { "GID_4": "BGD.3.1.12.7_1", "NAME_2": "Dhaka", "NAME_3": "Dohar", "NAME_4": "Nayabari" }, "geometry": { "type": "Polygon", "coordinates": [ [ [ 90.069694519000166, 23.654846192000093 ], [ 90.058464050000055, 23.649250032000111 ], [ 90.050354003000052, 23.63769340500005 ], [ 90.041519164000135, 23.637998582000023 ], [ 90.038978577000137, 23.629411697000137 ], [ 90.019729615000188, 23.631835938000108 ], [ 90.007522583000195, 23.635231018000184 ], [ 90.0071792600001, 23.644710541000165 ], [ 90.018302918000131, 23.652496339000038 ], [ 90.020614624000132, 23.658733369000061 ], [ 90.020538331000125, 23.665245056000174 ], [ 90.023017884000183, 23.668493271000102 ], [ 90.024414062000062, 23.664323808000177 ], [ 90.027328491000048, 23.664392471000099 ], [ 90.029205322, 23.666257859000041 ], [ 90.032386781000071, 23.66126442000018 ], [ 90.032623292000039, 23.658029556000031 ], [ 90.035591126000099, 23.657943727000145 ], [ 90.035789490000184, 23.656501768999988 ], [ 90.039482116000158, 23.657094955000048 ], [ 90.042022705000136, 23.650104522000163 ], [ 90.044532775000164, 23.652580261000082 ], [ 90.046028138000167, 23.65925407300017 ], [ 90.053009032000091, 23.658813477000137 ], [ 90.053680419000159, 23.655717850000087 ], [ 90.056045532000155, 23.655004501000121 ], [ 90.059532165000064, 23.65509414800016 ], [ 90.06764221300017, 23.658880233000161 ], [ 90.069694519000166, 23.654846192000093 ] ] ] } },
{ "type": "Feature", "properties": { "GID_4": "BGD.3.1.12.8_1", "NAME_2": "Dhaka", "NAME_3": "Dohar", "NAME_4": "Roypara" }, "geometry": { "type": "Polygon", "coordinates": [ [ [ 90.126586915000132, 23.636299132999966 ], [ 90.124572753000109, 23.629648208000106 ], [ 90.123161316999983, 23.631238938000081 ], [ 90.121894835000035, 23.628185272 ], [ 90.116889953000168, 23.629707336000024 ], [ 90.116325379000159, 23.627136231000179 ], [ 90.110618592000037, 23.630645752000191 ], [ 90.105499267000027, 23.631414414 ], [ 90.107147217000147, 23.629196167000089 ], [ 90.099029541000164, 23.625921248999987 ], [ 90.097061157000155, 23.630098342000053 ], [ 90.093467713000052, 23.631086350000089 ], [ 90.093795776000093, 23.633556366000164 ], [ 90.09996795700016, 23.634634017000053 ], [ 90.099617004000152, 23.63760948200013 ], [ 90.103721619000055, 23.640617370000143 ], [ 90.10460662800017, 23.645519257000103 ], [ 90.122726439000076, 23.646299363000139 ], [ 90.123550415000068, 23.643945693000092 ], [ 90.121437074000085, 23.637931824000134 ], [ 90.126586915000132, 23.636299132999966 ] ] ] } },
{ "type": "Feature", "properties": { "GID_4": "BGD.3.1.12.9_1", "NAME_2": "Dhaka", "NAME_3": "Dohar", "NAME_4": "Sutar Para" }, "geometry": { "type": "Polygon", "coordinates": [ [ [ 90.138023376000035, 23.579156875000137 ], [ 90.133781432000035, 23.582794190000072 ], [ 90.13016510000017, 23.589063644000134 ], [ 90.135192871000015, 23.589248658000145 ], [ 90.135665893000066, 23.591856003000146 ], [ 90.125541686000076, 23.592229842999984 ], [ 90.12227630600006, 23.597812654000165 ], [ 90.126914978000173, 23.599903107000046 ], [ 90.130798340000126, 23.605316163000055 ], [ 90.132980347000114, 23.606086732000165 ], [ 90.132110596000189, 23.615087509000148 ], [ 90.137924194000163, 23.617130279000037 ], [ 90.135383605000186, 23.619949341000051 ], [ 90.140533446000063, 23.61812591600011 ], [ 90.142364502000191, 23.619905472000085 ], [ 90.144538879000095, 23.618621827000027 ], [ 90.151832581000122, 23.622219085000097 ], [ 90.155303956000012, 23.622093202000087 ], [ 90.160636901000146, 23.625259400000061 ], [ 90.160964966000165, 23.628149033000113 ], [ 90.159019470000146, 23.630157472000121 ], [ 90.161926269000048, 23.629184724000083 ], [ 90.162811280000199, 23.6281452180001 ], [ 90.160934447000045, 23.624599457000045 ], [ 90.164688110000043, 23.619682312000066 ], [ 90.167465210000103, 23.619749069000022 ], [ 90.169403076000037, 23.617477418000078 ], [ 90.168128967000087, 23.615798950000112 ], [ 90.170211792000032, 23.608087540000156 ], [ 90.173393249000071, 23.605649949000167 ], [ 90.176261903000125, 23.606140137000068 ], [ 90.180252075000055, 23.599855422000076 ], [ 90.177406311000141, 23.596559525000146 ], [ 90.168205261000139, 23.591554641000073 ], [ 90.166191101000152, 23.593309403000148 ], [ 90.163032533000091, 23.590093612000089 ], [ 90.161651611000082, 23.591825486 ], [ 90.159782410000048, 23.590734482000187 ], [ 90.156806946000017, 23.592245103000039 ], [ 90.14728546200007, 23.586732865000101 ], [ 90.142166138000107, 23.587368012000184 ], [ 90.138023376000035, 23.579156875000137 ] ] ] } },
{ "type": "Feature", "properties": { "GID_4": "BGD.3.1.13.1_1", "NAME_2": "Dhaka", "NAME_3": "Gendaria", "NAME_4": "Ward No-76 (Part)" }, "geometry": { "type": "Polygon", "coordinates": [ [ [ 90.423568726000042, 23.709899902000132 ], [ 90.418037415000072, 23.710496902000159 ], [ 90.419860840000069, 23.717027665000046 ], [ 90.422378541000114, 23.716049195000096 ], [ 90.424301148000097, 23.717861177000088 ], [ 90.426033020000034, 23.716382980000049 ], [ 90.426475525000171, 23.711771012000042 ], [ 90.423599243000183, 23.712116241999979 ], [ 90.423568726000042, 23.709899902000132 ] ] ] } },
{ "type": "Feature", "properties": { "GID_4": "BGD.3.1.13.2_1", "NAME_2": "Dhaka", "NAME_3": "Gendaria", "NAME_4": "Ward No-80 (Part)" }, "geometry": { "type": "Polygon", "coordinates": [ [ [ 90.418960571000071, 23.710449219000168 ], [ 90.421890258000076, 23.710603714000115 ], [ 90.423568726000042, 23.709899902000132 ], [ 90.420562743000119, 23.70865631099997 ], [ 90.418960571000071, 23.710449219000168 ] ] ] } },
{ "type": "Feature", "properties": { "GID_4": "BGD.3.1.13.3_1", "NAME_2": "Dhaka", "NAME_3": "Gendaria", "NAME_4": "Ward No-81" }, "geometry": { "type": "Polygon", "coordinates": [ [ [ 90.423568726000042, 23.709899902000132 ], [ 90.428634644000169, 23.70273971600011 ], [ 90.424636841000051, 23.701280595000071 ], [ 90.424285888000099, 23.702835083000082 ], [ 90.417663575000063, 23.702404023000099 ], [ 90.420158387000072, 23.708356857000069 ], [ 90.423568726000042, 23.709899902000132 ] ] ] } },
{ "type": "Feature", "properties": { "GID_4": "BGD.3.1.13.4_1", "NAME_2": "Dhaka", "NAME_3": "Gendaria", "NAME_4": "Ward No-82" }, "geometry": { "type": "Polygon", "coordinates": [ [ [ 90.419380188000048, 23.702262879000159 ], [ 90.424285888000099, 23.702835083000082 ], [ 90.425491334000185, 23.701314927000055 ], [ 90.428634644000169, 23.70273971600011 ], [ 90.429176331000122, 23.701719285000138 ], [ 90.42652130200014, 23.701416016000167 ], [ 90.426277161000087, 23.699180604000162 ], [ 90.425727845000097, 23.700479507000068 ], [ 90.423507691000054, 23.700006485000188 ], [ 90.423789977000183, 23.698265076000041 ], [ 90.420288085000152, 23.695989609000151 ], [ 90.417083740000123, 23.699703216000046 ], [ 90.419380188000048, 23.702262879000159 ] ] ] } },
{ "type": "Feature", "properties": { "GID_4": "BGD.3.1.14.1_1", "NAME_2": "Dhaka", "NAME_3": "Gulshan", "NAME_4": "Ward No-18" }, "geometry": { "type": "Polygon", "coordinates": [ [ [ 90.423461914000086, 23.807312011000079 ], [ 90.422248840000123, 23.806665421000048 ], [ 90.426101685000106, 23.789075852000167 ], [ 90.423301697000113, 23.788429261000033 ], [ 90.418350219000047, 23.7976684570001 ], [ 90.417961121000189, 23.803899766000086 ], [ 90.413070678999986, 23.810195924000027 ], [ 90.421089173000155, 23.811908722000169 ], [ 90.420181275000175, 23.810564041000021 ], [ 90.423461914000086, 23.807312011000079 ] ] ] } },
{ "type": "Feature", "properties": { "GID_4": "BGD.3.1.14.2_1", "NAME_2": "Dhaka", "NAME_3": "Gulshan", "NAME_4": "Ward No-19" }, "geometry": { "type": "Polygon", "coordinates": [ [ [ 90.421951293000063, 23.792598724000129 ], [ 90.420440675000179, 23.777200700000094 ], [ 90.417572021000126, 23.769834520000074 ], [ 90.41441345200019, 23.771120072000031 ], [ 90.410858154000152, 23.782537460000071 ], [ 90.409065247000058, 23.784133912000186 ], [ 90.399055480000072, 23.786079406 ], [ 90.402397157000053, 23.800474168000164 ], [ 90.404556275, 23.799709320000147 ], [ 90.406730652000078, 23.801048280000089 ], [ 90.406799316000047, 23.805055618000154 ], [ 90.412284850000106, 23.804563522000137 ], [ 90.415756225000166, 23.806619644000079 ], [ 90.417961121000189, 23.803899766000086 ], [ 90.418350219000047, 23.7976684570001 ], [ 90.421951293000063, 23.792598724000129 ] ] ] } },
{ "type": "Feature", "properties": { "GID_4": "BGD.3.1.14.3_1", "NAME_2": "Dhaka", "NAME_3": "Gulshan", "NAME_4": "Ward No-20 (Part)" }, "geometry": { "type": "Polygon", "coordinates": [ [ [ 90.397827148000033, 23.778110505000143 ], [ 90.399055480000072, 23.786079406 ], [ 90.406501769000045, 23.785228729000039 ], [ 90.410858154000152, 23.782537460000071 ], [ 90.414680480000072, 23.772562028000152 ], [ 90.400032044000056, 23.773344039000108 ], [ 90.397827148000033, 23.778110505000143 ] ] ] } },
{ "type": "Feature", "properties": { "GID_4": "BGD.3.1.15.1_1", "NAME_2": "Dhaka", "NAME_3": "Hazaribagh", "NAME_4": "Ward No-46 (Part)" }, "geometry": { "type": "Polygon", "coordinates": [ [ [ 90.351135255000031, 23.746253967000087 ], [ 90.348121643000127, 23.744979858000079 ], [ 90.35050964300018, 23.740179063000141 ], [ 90.343566895000038, 23.747215272000119 ], [ 90.33786773800017, 23.750299454000071 ], [ 90.33942413300008, 23.752031326000179 ], [ 90.346504211000024, 23.75389099 ], [ 90.351493836000145, 23.758071899000186 ], [ 90.356483460000163, 23.754022599000166 ], [ 90.354988098000092, 23.753898621000019 ], [ 90.351135255000031, 23.746253967000087 ] ] ] } },
{ "type": "Feature", "properties": { "GID_4": "BGD.3.1.15.2_1", "NAME_2": "Dhaka", "NAME_3": "Hazaribagh", "NAME_4": "Ward No-48 (Part)" }, "geometry": { "type": "Polygon", "coordinates": [ [ [ 90.363861084000064, 23.748788834000095 ], [ 90.370605469000054, 23.731994629000098 ], [ 90.363883972000167, 23.733272552000074 ], [ 90.361579894000158, 23.731752395000115 ], [ 90.361785889000032, 23.728054047 ], [ 90.357933044000049, 23.727775574000191 ], [ 90.353836059000059, 23.73851204000016 ], [ 90.35050964300018, 23.740179063000141 ], [ 90.348121643000127, 23.744979858000079 ], [ 90.353416442000082, 23.745532989000083 ], [ 90.354331970000146, 23.747510911000177 ], [ 90.356170653000106, 23.745389939000177 ], [ 90.363861084000064, 23.748788834000095 ] ] ] } },
{ "type": "Feature", "properties": { "GID_4": "BGD.3.1.15.3_1", "NAME_2": "Dhaka", "NAME_3": "Hazaribagh", "NAME_4": "Ward No-58" }, "geometry": { "type": "Polygon", "coordinates": [ [ [ 90.36027526800018, 23.72776794400005 ], [ 90.361854552000125, 23.728118897000058 ], [ 90.361579894000158, 23.731752395000115 ], [ 90.363670350000064, 23.733184815000186 ], [ 90.369300843000133, 23.73229789800007 ], [ 90.375579835000053, 23.729591369000048 ], [ 90.376960755000084, 23.724008560000073 ], [ 90.375656129000163, 23.721719743000108 ], [ 90.365119935000052, 23.723337174000108 ], [ 90.365570069000171, 23.724590302000024 ], [ 90.36064148000014, 23.725368501000048 ], [ 90.36027526800018, 23.72776794400005 ] ] ] } },
{ "type": "Feature", "properties": { "GID_4": "BGD.3.1.16.1_1", "NAME_2": "Dhaka", "NAME_3": "Jatrabari", "NAME_4": "Dhania(part)" }, "geometry": { "type": "Polygon", "coordinates": [ [ [ 90.440101624000192, 23.70845413100011 ], [ 90.443840026000089, 23.705575944000088 ], [ 90.446426392000035, 23.70660209700003 ], [ 90.448158264000142, 23.705034256000033 ], [ 90.454154967000079, 23.704545975000087 ], [ 90.455749512000125, 23.701086044000078 ], [ 90.449569702000076, 23.703073502000166 ], [ 90.443092346000014, 23.698219299000073 ], [ 90.438461304000043, 23.701797486000146 ], [ 90.438354492000087, 23.70674705600004 ], [ 90.440101624000192, 23.70845413100011 ] ] ] } },
{ "type": "Feature", "properties": { "GID_4": "BGD.3.1.16.2_1", "NAME_2": "Dhaka", "NAME_3": "Jatrabari", "NAME_4": "Matuail (part)" }, "geometry": { "type": "Polygon", "coordinates": [ [ [ 90.456153871000083, 23.733119964000025 ], [ 90.459373474000131, 23.725824357000079 ], [ 90.463111877000074, 23.725891113000102 ], [ 90.464790343000061, 23.71993637200012 ], [ 90.467514038000104, 23.720397949000187 ], [ 90.468193055000029, 23.719064713000023 ], [ 90.473716736000142, 23.722564697000053 ], [ 90.474388123000153, 23.721385957000052 ], [ 90.47642517100013, 23.709581376000074 ], [ 90.470420837000177, 23.706819534000147 ], [ 90.467834473000039, 23.702356338000186 ], [ 90.465957643000195, 23.702211381000154 ], [ 90.466354371000136, 23.7002182 ], [ 90.464759827000194, 23.69939613400004 ], [ 90.466705323000042, 23.694864274000054 ], [ 90.455009459999985, 23.700475692000168 ], [ 90.455955506000123, 23.70233154400006 ], [ 90.454154967000079, 23.704545975000087 ], [ 90.448158264000142, 23.705034256000033 ], [ 90.446426392000035, 23.70660209700003 ], [ 90.443840026000089, 23.705575944000088 ], [ 90.440101624000192, 23.70845413100011 ], [ 90.441436768000187, 23.710466385000188 ], [ 90.440559388000054, 23.717296600000168 ], [ 90.44418335000006, 23.720649720000154 ], [ 90.442138672000169, 23.723213195000085 ], [ 90.447448730000076, 23.723604203000093 ], [ 90.446365357000047, 23.726999283000168 ], [ 90.447380065000175, 23.729627609000033 ], [ 90.456153871000083, 23.733119964000025 ] ] ] } },
{ "type": "Feature", "properties": { "GID_4": "BGD.3.1.16.3_1", "NAME_2": "Dhaka", "NAME_3": "Jatrabari", "NAME_4": "Ward No-76 (Part)" }, "geometry": { "type": "Polygon", "coordinates": [ [ [ 90.42401886, 23.710155488000112 ], [ 90.423599243000183, 23.712116241999979 ], [ 90.425621033000141, 23.710983277000139 ], [ 90.42652130200014, 23.712087631000031 ], [ 90.426895142000149, 23.710487366000052 ], [ 90.42401886, 23.710155488000112 ] ] ] } },
{ "type": "Feature", "properties": { "GID_4": "BGD.3.1.16.4_1", "NAME_2": "Dhaka", "NAME_3": "Jatrabari", "NAME_4": "Ward No-84" }, "geometry": { "type": "Polygon", "coordinates": [ [ [ 90.426895142000149, 23.710487366000052 ], [ 90.425605774000019, 23.715505599000039 ], [ 90.429191590000073, 23.715984344000105 ], [ 90.428794861000199, 23.714511872000173 ], [ 90.430969238000102, 23.713882446000127 ], [ 90.440376282000045, 23.715818406000096 ], [ 90.441436768000187, 23.710466385000188 ], [ 90.430816651000157, 23.709594727000024 ], [ 90.429069519, 23.710094453000124 ], [ 90.429641724000192, 23.711700440000072 ], [ 90.426895142000149, 23.710487366000052 ] ] ] } },
{ "type": "Feature", "properties": { "GID_4": "BGD.3.1.16.5_1", "NAME_2": "Dhaka", "NAME_3": "Jatrabari", "NAME_4": "Ward No-85" }, "geometry": { "type": "Polygon", "coordinates": [ [ [ 90.425605774000019, 23.715505599000039 ], [ 90.428085328, 23.717664718000094 ], [ 90.42739868100017, 23.720384598000066 ], [ 90.431221008000136, 23.71966743400003 ], [ 90.431724549000137, 23.722457885000097 ], [ 90.442214965000176, 23.722545624000134 ], [ 90.444160461000024, 23.721000672000059 ], [ 90.440376282000045, 23.715818406000096 ], [ 90.435310364000088, 23.714197160000026 ], [ 90.425605774000019, 23.715505599000039 ] ] ] } },
{ "type": "Feature", "properties": { "GID_4": "BGD.3.1.16.6_1", "NAME_2": "Dhaka", "NAME_3": "Jatrabari", "NAME_4": "Ward No-86" }, "geometry": { "type": "Polygon", "coordinates": [ [ [ 90.441329956000061, 23.710494994000157 ], [ 90.438354492000087, 23.70674705600004 ], [ 90.438781739000149, 23.703418732000159 ], [ 90.436187745000097, 23.702356338000186 ], [ 90.425956726000095, 23.709947586000169 ], [ 90.429641724000192, 23.711700440000072 ], [ 90.429069519, 23.710094453000124 ], [ 90.430816651000157, 23.709594727000024 ], [ 90.438507078999976, 23.711029052000129 ], [ 90.441329956000061, 23.710494994000157 ] ] ] } },
{ "type": "Feature", "properties": { "GID_4": "BGD.3.1.17.1_1", "NAME_2": "Dhaka", "NAME_3": "Kadamtali", "NAME_4": "Dhania(part)" }, "geometry": { "type": "Polygon", "coordinates": [ [ [ 90.443092346000014, 23.698219299000073 ], [ 90.449569702000076, 23.703073502000166 ], [ 90.454200744000048, 23.700923921000026 ], [ 90.452247620000094, 23.700180053000167 ], [ 90.452468873000043, 23.698368073000154 ], [ 90.455947876000039, 23.699321748000102 ], [ 90.457756043000131, 23.697906494000051 ], [ 90.457283019000101, 23.694955826000182 ], [ 90.455268859000057, 23.694633484000121 ], [ 90.456512450000048, 23.692701340000156 ], [ 90.455284118000179, 23.691036225000119 ], [ 90.456871032000038, 23.689599990000033 ], [ 90.444862367000042, 23.688573837000149 ], [ 90.447242736000078, 23.691751481000153 ], [ 90.444702149000079, 23.691741943000068 ], [ 90.443092346000014, 23.698219299000073 ] ] ] } },
{ "type": "Feature", "properties": { "GID_4": "BGD.3.1.17.2_1", "NAME_2": "Dhaka", "NAME_3": "Kadamtali", "NAME_4": "Matuail (part)" }, "geometry": { "type": "Polygon", "coordinates": [ [ [ 90.466705323000042, 23.694864274000054 ], [ 90.468276977000073, 23.68522453300011 ], [ 90.464843750000114, 23.682767868000155 ], [ 90.461929321000127, 23.683530808000057 ], [ 90.464096070000096, 23.684726714000078 ], [ 90.464385987000185, 23.687223434000032 ], [ 90.462112427000193, 23.686948776000065 ], [ 90.455810547000112, 23.690187455000057 ], [ 90.456512450000048, 23.692701340000156 ], [ 90.455268859000057, 23.694633484000121 ], [ 90.457283019000101, 23.694955826000182 ], [ 90.457756043000131, 23.697906494000051 ], [ 90.455947876000039, 23.699321748000102 ], [ 90.452468873000043, 23.698368073000154 ], [ 90.452247620000094, 23.700180053000167 ], [ 90.454200744000048, 23.700923921000026 ], [ 90.466705323000042, 23.694864274000054 ] ] ] } },
{ "type": "Feature", "properties": { "GID_4": "BGD.3.1.17.3_1", "NAME_2": "Dhaka", "NAME_3": "Kadamtali", "NAME_4": "Shyampur" }, "geometry": { "type": "Polygon", "coordinates": [ [ [ 90.441879272000051, 23.687728882000101 ], [ 90.454635620000147, 23.689826966000169 ], [ 90.464683533000084, 23.68661117500011 ], [ 90.45835113600009, 23.680345536000118 ], [ 90.458602906000124, 23.679033280000056 ], [ 90.453865051000093, 23.677556991000074 ], [ 90.452621460000159, 23.672809600999983 ], [ 90.448974609000118, 23.668121339000038 ], [ 90.445426941000051, 23.668838502000142 ], [ 90.426681518000066, 23.687297822000176 ], [ 90.428283692000093, 23.689531327000111 ], [ 90.429809571000135, 23.688299179000126 ], [ 90.434280396000133, 23.689271927000163 ], [ 90.437347412000065, 23.687126159000059 ], [ 90.438270568000064, 23.688295364000112 ], [ 90.436683656000184, 23.691186905000166 ], [ 90.441879272000051, 23.687728882000101 ] ] ] } },
{ "type": "Feature", "properties": { "GID_4": "BGD.3.1.17.4_1", "NAME_2": "Dhaka", "NAME_3": "Kadamtali", "NAME_4": "Ward No-88" }, "geometry": { "type": "Polygon", "coordinates": [ [ [ 90.438713074000077, 23.701105119000147 ], [ 90.442749023000147, 23.699134826999966 ], [ 90.44432830900007, 23.693536759000096 ], [ 90.441329956000061, 23.693780899000046 ], [ 90.440650940000182, 23.696409226000185 ], [ 90.435668946000078, 23.695652009000128 ], [ 90.435539245000086, 23.700237274000187 ], [ 90.438713074000077, 23.701105119000147 ] ] ] } },
{ "type": "Feature", "properties": { "GID_4": "BGD.3.1.17.5_1", "NAME_2": "Dhaka", "NAME_3": "Kadamtali", "NAME_4": "Ward No-89" }, "geometry": { "type": "Polygon", "coordinates": [ [ [ 90.441329956000061, 23.693780899000046 ], [ 90.447090149000132, 23.691135407000161 ], [ 90.441879272000051, 23.687728882000101 ], [ 90.434509277000132, 23.693624496000155 ], [ 90.435668946000078, 23.695652009000128 ], [ 90.438842774000136, 23.696561814000177 ], [ 90.440650940000182, 23.696409226000185 ], [ 90.441329956000061, 23.693780899000046 ] ] ] } },
{ "type": "Feature", "properties": { "GID_4": "BGD.3.1.18.1_1", "NAME_2": "Dhaka", "NAME_3": "Kafrul", "NAME_4": "Ward No-04" }, "geometry": { "type": "Polygon", "coordinates": [ [ [ 90.384712218000118, 23.798013687999969 ], [ 90.373939514000142, 23.805007935000049 ], [ 90.377655030000085, 23.811386109000182 ], [ 90.38204193100006, 23.812068939000028 ], [ 90.38652038500004, 23.809616089000144 ], [ 90.388435363000042, 23.805953980000083 ], [ 90.388511658000027, 23.798240661000023 ], [ 90.384712218000118, 23.798013687999969 ] ] ] } },
{ "type": "Feature", "properties": { "GID_4": "BGD.3.1.18.2_1", "NAME_2": "Dhaka", "NAME_3": "Kafrul", "NAME_4": "Ward No-14 (part)" }, "geometry": { "type": "Polygon", "coordinates": [ [ [ 90.374588014000153, 23.806167602000187 ], [ 90.373939514000142, 23.805007935000049 ], [ 90.37815856900005, 23.801887512000064 ], [ 90.380897522000112, 23.794712068000024 ], [ 90.380294799000069, 23.791730880999978 ], [ 90.37714386100015, 23.792633056000113 ], [ 90.377014160000158, 23.788845063000167 ], [ 90.368545533000145, 23.807117462000065 ], [ 90.374588014000153, 23.806167602000187 ] ] ] } },
{ "type": "Feature", "properties": { "GID_4": "BGD.3.1.18.3_1", "NAME_2": "Dhaka", "NAME_3": "Kafrul", "NAME_4": "Ward No-15 (part)" }, "geometry": { "type": "Polygon", "coordinates": [ [ [ 90.38306427100008, 23.816738128000111 ], [ 90.391159058000085, 23.816303253000058 ], [ 90.391540528000178, 23.814937591000046 ], [ 90.40024566600016, 23.817176818000178 ], [ 90.398666382000044, 23.80585670500011 ], [ 90.394363403000057, 23.80063629100016 ], [ 90.391799928000182, 23.790502548000063 ], [ 90.387886047000052, 23.790977478000116 ], [ 90.388435363000042, 23.805953980000083 ], [ 90.38652038500004, 23.809616089000144 ], [ 90.383056641000167, 23.811418533000051 ], [ 90.38306427100008, 23.816738128000111 ] ] ] } },
{ "type": "Feature", "properties": { "GID_4": "BGD.3.1.18.4_1", "NAME_2": "Dhaka", "NAME_3": "Kafrul", "NAME_4": "Ward No-16" }, "geometry": { "type": "Polygon", "coordinates": [ [ [ 90.38738250800003, 23.797203065000133 ], [ 90.388259887000061, 23.781644820999986 ], [ 90.390892028000167, 23.779375077000168 ], [ 90.392143249000071, 23.78239250300004 ], [ 90.394119262000061, 23.77749443100015 ], [ 90.392997741000045, 23.775777816000129 ], [ 90.38990783700018, 23.775302886000077 ], [ 90.388389588000052, 23.764530181000055 ], [ 90.383277893000184, 23.765459060000069 ], [ 90.378402710000103, 23.783977508000191 ], [ 90.372955322000053, 23.78277015600014 ], [ 90.372985839000194, 23.78452301100009 ], [ 90.369689942000036, 23.783321382000054 ], [ 90.369552613000167, 23.784852981000085 ], [ 90.372497558000191, 23.788127900000063 ], [ 90.377014160000158, 23.788845063000167 ], [ 90.37714386100015, 23.792633056000113 ], [ 90.380294799000069, 23.791730880999978 ], [ 90.380897522000112, 23.794712068000024 ], [ 90.378234862000056, 23.801767349000158 ], [ 90.38738250800003, 23.797203065000133 ] ] ] } },
{ "type": "Feature", "properties": { "GID_4": "BGD.3.1.19.1_1", "NAME_2": "Dhaka", "NAME_3": "Kalabagan", "NAME_4": "Ward No-50" }, "geometry": { "type": "Polygon", "coordinates": [ [ [ 90.383689880000077, 23.741502762000152 ], [ 90.387336731000062, 23.751033784000072 ], [ 90.39324188300003, 23.749851226000089 ], [ 90.391845703000115, 23.741680146000078 ], [ 90.383689880000077, 23.741502762000152 ] ] ] } },
{ "type": "Feature", "properties": { "GID_4": "BGD.3.1.19.2_1", "NAME_2": "Dhaka", "NAME_3": "Kalabagan", "NAME_4": "Ward No-51 (Part)" }, "geometry": { "type": "Polygon", "coordinates": [ [ [ 90.383193970000036, 23.74005317700005 ], [ 90.378227234000178, 23.751274110000054 ], [ 90.381889343000012, 23.753145218000157 ], [ 90.387062073000095, 23.750728607000099 ], [ 90.383193970000036, 23.74005317700005 ] ] ] } },
{ "type": "Feature", "properties": { "GID_4": "BGD.3.1.20.1_1", "NAME_2": "Dhaka", "NAME_3": "Kamrangir Char", "NAME_4": "Sultanganj" }, "geometry": { "type": "Polygon", "coordinates": [ [ [ 90.381210327000133, 23.714269639000122 ], [ 90.385192871000186, 23.712293626000132 ], [ 90.386428833000082, 23.708761215000152 ], [ 90.367385864000198, 23.707405090000123 ], [ 90.362060547000056, 23.712385178000034 ], [ 90.360290527000132, 23.720550538000111 ], [ 90.371673585000167, 23.714088440000126 ], [ 90.37351989800004, 23.710367203000146 ], [ 90.378265381, 23.710929870000086 ], [ 90.381210327000133, 23.714269639000122 ] ] ] } },
{ "type": "Feature", "properties": { "GID_4": "BGD.3.1.21.1_1", "NAME_2": "Dhaka", "NAME_3": "Keraniganj", "NAME_4": "Aganagar" }, "geometry": { "type": "Polygon", "coordinates": [ [ [ 90.40830230600011, 23.705856324000024 ], [ 90.404861450000112, 23.703212738000161 ], [ 90.408851624000079, 23.699699401000146 ], [ 90.404937744000051, 23.697774888000026 ], [ 90.404594422000059, 23.695457459000181 ], [ 90.406906128, 23.694068909000066 ], [ 90.404388428000061, 23.692668914000137 ], [ 90.40456390300011, 23.689992906000043 ], [ 90.401542664000146, 23.688949585000159 ], [ 90.400642395000034, 23.690645219000089 ], [ 90.397613525000054, 23.688880921000134 ], [ 90.40005493200016, 23.692810058000077 ], [ 90.397712707000096, 23.693441390000089 ], [ 90.39884948800011, 23.694898606000038 ], [ 90.396476745000143, 23.697340012999973 ], [ 90.398757934000173, 23.704175948000113 ], [ 90.402259825999977, 23.709571838000159 ], [ 90.40830230600011, 23.705856324000024 ] ] ] } },
{ "type": "Feature", "properties": { "GID_4": "BGD.3.1.21.2_1", "NAME_2": "Dhaka", "NAME_3": "Keraniganj", "NAME_4": "Basta" }, "geometry": { "type": "Polygon", "coordinates": [ [ [ 90.347503662000065, 23.705078125000057 ], [ 90.3449020380001, 23.700019836000138 ], [ 90.351455687999987, 23.695335389000036 ], [ 90.355361938000101, 23.694671630000073 ], [ 90.359115601000099, 23.696430207000049 ], [ 90.35797119200015, 23.692155838000133 ], [ 90.360412597000106, 23.689897537000036 ], [ 90.364608764000081, 23.691825867000091 ], [ 90.366806029000088, 23.690719605000027 ], [ 90.37620544400005, 23.692489623000142 ], [ 90.370895386000143, 23.687152863000165 ], [ 90.367881775000114, 23.68623352000003 ], [ 90.367546081000057, 23.683477403000154 ], [ 90.369453431000125, 23.680986404 ], [ 90.381683349000014, 23.681791306000036 ], [ 90.383880614000191, 23.68059921300005 ], [ 90.383270263000043, 23.678819657000076 ], [ 90.387321473000043, 23.678314209000177 ], [ 90.384437560000094, 23.675134660000083 ], [ 90.383987427000079, 23.676870346000157 ], [ 90.379844665000121, 23.673416137000117 ], [ 90.378555297000048, 23.674972535000109 ], [ 90.376998902000139, 23.67416954000015 ], [ 90.376182556000117, 23.676448822000111 ], [ 90.374763489000031, 23.674631119000082 ], [ 90.372657776000153, 23.676534653000033 ], [ 90.37004852300015, 23.674261094000087 ], [ 90.369224548000091, 23.676204682000161 ], [ 90.366897583000195, 23.673246384000151 ], [ 90.366554260000157, 23.675958633000164 ], [ 90.364318848000096, 23.677389145000177 ], [ 90.36374664300007, 23.673555373000056 ], [ 90.359863281000116, 23.674715043000106 ], [ 90.357284546000187, 23.673542023000039 ], [ 90.355751038000164, 23.667831420000141 ], [ 90.351036072000113, 23.669013978000123 ], [ 90.350532531999988, 23.665275573000145 ], [ 90.353935241000102, 23.661523819000024 ], [ 90.363525390000177, 23.65718078600014 ], [ 90.368255615000123, 23.652652741000054 ], [ 90.364624024000136, 23.650470734000066 ], [ 90.356735230000197, 23.64069175800006 ], [ 90.34711456399998, 23.636678695000114 ], [ 90.335258483000189, 23.63979721100003 ], [ 90.336105346000181, 23.642288208000025 ], [ 90.33436584400016, 23.644721985000047 ], [ 90.334136963000105, 23.650365829000179 ], [ 90.336387634000118, 23.658367157000157 ], [ 90.329223633000197, 23.671859741000105 ], [ 90.333663941000054, 23.670925140000122 ], [ 90.329376220000142, 23.677179336000165 ], [ 90.322906494000051, 23.680946350000113 ], [ 90.320617675000108, 23.688116073000117 ], [ 90.323982240000078, 23.688606263000167 ], [ 90.323516846000075, 23.691148758000111 ], [ 90.32016754100016, 23.691921234000063 ], [ 90.322624206000114, 23.693229675000055 ], [ 90.320259095000097, 23.692808151000179 ], [ 90.319931030000077, 23.694244385 ], [ 90.323234558000195, 23.694299698000066 ], [ 90.323143006000066, 23.695474625000031 ], [ 90.324211121000076, 23.694017410000129 ], [ 90.323783875000061, 23.697103501000129 ], [ 90.32531738300014, 23.695293427000138 ], [ 90.326553345000093, 23.69765472500012 ], [ 90.332565307000095, 23.698247910000077 ], [ 90.332534791000057, 23.701148986000135 ], [ 90.336219788000051, 23.701583862 ], [ 90.340415955000083, 23.704427720000126 ], [ 90.347503662000065, 23.705078125000057 ] ] ] } },
{ "type": "Feature", "properties": { "GID_4": "BGD.3.1.21.3_1", "NAME_2": "Dhaka", "NAME_3": "Keraniganj", "NAME_4": "Hazratpur" }, "geometry": { "type": "Polygon", "coordinates": [ [ [ 90.274040222000167, 23.745935440000096 ], [ 90.273696899000072, 23.735710143000063 ], [ 90.26908111500012, 23.735704423000129 ], [ 90.262557984000125, 23.732379914000092 ], [ 90.2683715820001, 23.72317123300013 ], [ 90.266899110000111, 23.719589233000079 ], [ 90.268394470000032, 23.711053848 ], [ 90.264846801000033, 23.702301025000111 ], [ 90.255592345000139, 23.714958191000051 ], [ 90.253875732000097, 23.722139360000142 ], [ 90.240837096000064, 23.731338500999982 ], [ 90.237907409000059, 23.735746385000027 ], [ 90.223640443000136, 23.739244461000112 ], [ 90.21981811600017, 23.743993759000091 ], [ 90.218566895000151, 23.748558045000095 ], [ 90.224639892000141, 23.758016586000167 ], [ 90.226234437000187, 23.764280320000069 ], [ 90.23698425300006, 23.78001976000013 ], [ 90.245841981000183, 23.77678489800013 ], [ 90.254844665000064, 23.766119003000028 ], [ 90.257034303000069, 23.760200501000099 ], [ 90.256225585000095, 23.752447128000085 ], [ 90.258758546000195, 23.748703002000127 ], [ 90.266647338000098, 23.744466780999971 ], [ 90.274040222000167, 23.745935440000096 ] ] ] } },
{ "type": "Feature", "properties": { "GID_4": "BGD.3.1.21.4_1", "NAME_2": "Dhaka", "NAME_3": "Keraniganj", "NAME_4": "Kalatia" }, "geometry": { "type": "Polygon", "coordinates": [ [ [ 90.264846801000033, 23.702301025000111 ], [ 90.268394470000032, 23.711053848 ], [ 90.266899110000111, 23.719589233000079 ], [ 90.2683715820001, 23.72317123300013 ], [ 90.262557984000125, 23.732379914000092 ], [ 90.26908111500012, 23.735704423000129 ], [ 90.273696899000072, 23.735710143000063 ], [ 90.274040222000167, 23.745935440000096 ], [ 90.282066346000079, 23.744228363000161 ], [ 90.282249452000144, 23.741420746000131 ], [ 90.28569793600019, 23.74143600400015 ], [ 90.287796021000133, 23.739023209000095 ], [ 90.290641785000048, 23.741989135000154 ], [ 90.292213439000079, 23.734521865000147 ], [ 90.295501708000074, 23.732378007000023 ], [ 90.29461669900013, 23.729387284000097 ], [ 90.295776368000077, 23.726154328000121 ], [ 90.297958373000199, 23.726449967000178 ], [ 90.299201966000169, 23.723697663000166 ], [ 90.299819945000081, 23.725625993000051 ], [ 90.301742553000167, 23.72492790299998 ], [ 90.302589417000036, 23.720827103000147 ], [ 90.308776855000076, 23.72356414900014 ], [ 90.308616638000046, 23.719444276000047 ], [ 90.312629700000059, 23.718891145000043 ], [ 90.311561585000049, 23.711303712000074 ], [ 90.306671143000074, 23.710886002000166 ], [ 90.30635833700012, 23.706996918000073 ], [ 90.303436280000028, 23.701938629000153 ], [ 90.300300598000149, 23.703912736000177 ], [ 90.300247193000075, 23.701421739000011 ], [ 90.294654846000185, 23.699827193999965 ], [ 90.297279358000083, 23.694555282000067 ], [ 90.294982911000034, 23.689712525 ], [ 90.284736633000136, 23.688623429000131 ], [ 90.278755188000048, 23.689760208000166 ], [ 90.277229309000177, 23.684154510000155 ], [ 90.272872925000115, 23.693212509000091 ], [ 90.264846801000033, 23.702301025000111 ] ] ] } },
{ "type": "Feature", "properties": { "GID_4": "BGD.3.1.21.5_1", "NAME_2": "Dhaka", "NAME_3": "Keraniganj", "NAME_4": "Kalindi" }, "geometry": { "type": "Polygon", "coordinates": [ [ [ 90.357254029000046, 23.730243682000093 ], [ 90.361228943000128, 23.714555740000037 ], [ 90.363906861000032, 23.709608078000144 ], [ 90.368385315000012, 23.707132339 ], [ 90.375694275000114, 23.707496644000059 ], [ 90.377120972000114, 23.701988221000192 ], [ 90.381050109000057, 23.703241349000109 ], [ 90.384307862000014, 23.700727464000067 ], [ 90.386131287000183, 23.702421188000017 ], [ 90.394302368000069, 23.698856354000156 ], [ 90.38518524300008, 23.695493699000167 ], [ 90.384284972999978, 23.691129684000146 ], [ 90.380180358000132, 23.690422059000127 ], [ 90.381660462000184, 23.687450409000064 ], [ 90.375152588000162, 23.689069748000065 ], [ 90.375450134000062, 23.692895890000102 ], [ 90.370155334, 23.691043853000053 ], [ 90.364608764000081, 23.691825867000091 ], [ 90.360412597000106, 23.689897537000036 ], [ 90.35797119200015, 23.692155838000133 ], [ 90.359115601000099, 23.696430207000049 ], [ 90.355361938000101, 23.694671630000073 ], [ 90.351455687999987, 23.695335389000036 ], [ 90.344795228000123, 23.700145722000059 ], [ 90.347671510000055, 23.705226898000035 ], [ 90.358535767000092, 23.709613800000056 ], [ 90.355987549000076, 23.729932785000017 ], [ 90.357254029000046, 23.730243682000093 ] ] ] } },
{ "type": "Feature", "properties": { "GID_4": "BGD.3.1.21.6_1", "NAME_2": "Dhaka", "NAME_3": "Keraniganj", "NAME_4": "Konda" }, "geometry": { "type": "Polygon", "coordinates": [ [ [ 90.431762695000089, 23.682727813000156 ], [ 90.445426941000051, 23.668838502000142 ], [ 90.448974609000118, 23.668121339000038 ], [ 90.448402405000195, 23.665325165000127 ], [ 90.471473694000167, 23.639465333000146 ], [ 90.473167420000152, 23.634870530000171 ], [ 90.470230103, 23.629255295000178 ], [ 90.453208923000147, 23.623806 ], [ 90.446731567000143, 23.623868942000115 ], [ 90.436790466000161, 23.616031647999989 ], [ 90.433532716000059, 23.610319138000023 ], [ 90.430191039000078, 23.608604432000106 ], [ 90.420433044000163, 23.619989396000108 ], [ 90.402793885000051, 23.636522293000155 ], [ 90.404312134000179, 23.643447877000142 ], [ 90.406745911000201, 23.644290924000131 ], [ 90.40637969900007, 23.64834022399998 ], [ 90.411605836000035, 23.652835847000063 ], [ 90.419281006000062, 23.655275344000074 ], [ 90.420989991000113, 23.657550811000135 ], [ 90.420669556000178, 23.660459519000085 ], [ 90.422767639000142, 23.661130906000153 ], [ 90.421905518000131, 23.664573670000038 ], [ 90.426094055000192, 23.662796021000133 ], [ 90.428077698000095, 23.667631150000091 ], [ 90.43153381400009, 23.66924095100012 ], [ 90.431251526000153, 23.675779343000045 ], [ 90.430007935000049, 23.676599503000034 ], [ 90.431762695000089, 23.682727813000156 ] ] ] } },
{ "type": "Feature", "properties": { "GID_4": "BGD.3.1.21.7_1", "NAME_2": "Dhaka", "NAME_3": "Keraniganj", "NAME_4": "Ruhitpur" }, "geometry": { "type": "Polygon", "coordinates": [ [ [ 90.320617675000108, 23.688116073000117 ], [ 90.322906494000051, 23.680946350000113 ], [ 90.329376220000142, 23.677179336000165 ], [ 90.333663941000054, 23.670925140000122 ], [ 90.329223633000197, 23.671859741000105 ], [ 90.336387634000118, 23.658367157000157 ], [ 90.334136963000105, 23.650365829000179 ], [ 90.33436584400016, 23.644721985000047 ], [ 90.336105346000181, 23.642288208000025 ], [ 90.335319519000109, 23.639911652000023 ], [ 90.327705384000069, 23.644130707000159 ], [ 90.30969238300014, 23.659156799000129 ], [ 90.286605836000149, 23.673414231000095 ], [ 90.279441833000078, 23.680072784000117 ], [ 90.277229309000177, 23.684154510000155 ], [ 90.278755188000048, 23.689760208000166 ], [ 90.284736633000136, 23.688623429000131 ], [ 90.295082093000076, 23.689769745000149 ], [ 90.297279358000083, 23.694555282000067 ], [ 90.294654846000185, 23.699827193999965 ], [ 90.300247193000075, 23.701421739000011 ], [ 90.300300598000149, 23.703912736000177 ], [ 90.305747986000199, 23.701189041000134 ], [ 90.305931091000161, 23.692836762000184 ], [ 90.307907104000151, 23.690475464000031 ], [ 90.320617675000108, 23.688116073000117 ] ] ] } },
{ "type": "Feature", "properties": { "GID_4": "BGD.3.1.21.8_1", "NAME_2": "Dhaka", "NAME_3": "Keraniganj", "NAME_4": "Sakta" }, "geometry": { "type": "Polygon", "coordinates": [ [ [ 90.342079163, 23.748348236000083 ], [ 90.352516174000186, 23.738300324000022 ], [ 90.353836059000059, 23.73851204000016 ], [ 90.356681824000077, 23.731956482000044 ], [ 90.358383179000043, 23.709293365000121 ], [ 90.332534791000057, 23.701148986000135 ], [ 90.332565307000095, 23.698247910000077 ], [ 90.326553345000093, 23.69765472500012 ], [ 90.32547760000017, 23.695337296000105 ], [ 90.323783875000061, 23.697103501000129 ], [ 90.324211121000076, 23.694017410000129 ], [ 90.323143006000066, 23.695474625000031 ], [ 90.323234558000195, 23.694299698000066 ], [ 90.319931030000077, 23.694091798000102 ], [ 90.320259095000097, 23.692808151000179 ], [ 90.322540283000194, 23.693584442000031 ], [ 90.32016754100016, 23.691921234000063 ], [ 90.323379517000035, 23.691427231000148 ], [ 90.323982240000078, 23.688606263000167 ], [ 90.308113099000195, 23.690326691000053 ], [ 90.305931091000161, 23.692836762000184 ], [ 90.306068420000031, 23.700170518000164 ], [ 90.303825378000113, 23.703348159000086 ], [ 90.30635833700012, 23.706996918000073 ], [ 90.306671143000074, 23.710886002000166 ], [ 90.311561585000049, 23.711303712000074 ], [ 90.312629700000059, 23.718891145000043 ], [ 90.315437317000146, 23.717559815000186 ], [ 90.324424743000179, 23.720708848000072 ], [ 90.326599120000196, 23.723463059000153 ], [ 90.325248719000115, 23.725130082000135 ], [ 90.32575988800005, 23.72956085300018 ], [ 90.332626343000186, 23.735063553000032 ], [ 90.340873719000115, 23.736251831000118 ], [ 90.338768005000134, 23.741439819 ], [ 90.342079163, 23.748348236000083 ] ] ] } },
{ "type": "Feature", "properties": { "GID_4": "BGD.3.1.21.9_1", "NAME_2": "Dhaka", "NAME_3": "Keraniganj", "NAME_4": "Subhadya (Part)" }, "geometry": { "type": "Polygon", "coordinates": [ [ [ 90.417083740000123, 23.699703216000046 ], [ 90.431762695000089, 23.682727813000156 ], [ 90.430007935000049, 23.676599503000034 ], [ 90.431846619000112, 23.669944764000036 ], [ 90.429954528000167, 23.667936325000028 ], [ 90.426399231000062, 23.668395996000129 ], [ 90.424942015999989, 23.673616409000147 ], [ 90.422866821000184, 23.67437362700008 ], [ 90.422401429000047, 23.676471710000044 ], [ 90.420051574000183, 23.67490959200012 ], [ 90.41909027100013, 23.676923751000061 ], [ 90.416770935000102, 23.67347908000005 ], [ 90.415496826000094, 23.67554283100003 ], [ 90.4091644290001, 23.678533554000126 ], [ 90.400665283000137, 23.675926209000124 ], [ 90.398796081, 23.67227363600017 ], [ 90.400100709000128, 23.669221878000087 ], [ 90.396621704000154, 23.669296264000025 ], [ 90.393112182000039, 23.671560287000034 ], [ 90.394325256, 23.673789979000105 ], [ 90.390151978000063, 23.67361068800011 ], [ 90.389091491000158, 23.678119660000164 ], [ 90.383270263000043, 23.678819657000076 ], [ 90.382965089000038, 23.681385040000123 ], [ 90.373634339000034, 23.680522920000044 ], [ 90.371780395000087, 23.681732179000164 ], [ 90.370338440000069, 23.680606841000156 ], [ 90.367546081000057, 23.683477403000154 ], [ 90.368049622000058, 23.686431884000115 ], [ 90.374679566000054, 23.690217972000028 ], [ 90.381660462000184, 23.687450409000064 ], [ 90.380180358000132, 23.690422059000127 ], [ 90.384284972999978, 23.691129684000146 ], [ 90.38518524300008, 23.695493699000167 ], [ 90.394302368000069, 23.698856354000156 ], [ 90.39884948800011, 23.694898606000038 ], [ 90.397712707000096, 23.693441390000089 ], [ 90.40005493200016, 23.692810058000077 ], [ 90.397499085000163, 23.690029145000096 ], [ 90.397613525000054, 23.688880921000134 ], [ 90.400642395000034, 23.690645219000089 ], [ 90.401542664000146, 23.688949585000159 ], [ 90.40456390300011, 23.689992906000043 ], [ 90.404388428000061, 23.692668914000137 ], [ 90.406906128, 23.694068909000066 ], [ 90.404594422000059, 23.695457459000181 ], [ 90.404937744000051, 23.697774888000026 ], [ 90.408851624000079, 23.699699401000146 ], [ 90.404861450000112, 23.703212738000161 ], [ 90.40830230600011, 23.705856324000024 ], [ 90.417083740000123, 23.699703216000046 ] ] ] } },
{ "type": "Feature", "properties": { "GID_4": "BGD.3.1.21.10_1", "NAME_2": "Dhaka", "NAME_3": "Keraniganj", "NAME_4": "Taranagar" }, "geometry": { "type": "Polygon", "coordinates": [ [ [ 90.315437317000146, 23.717559815000186 ], [ 90.308616638000046, 23.719444276000047 ], [ 90.308776855000076, 23.72356414900014 ], [ 90.302589417000036, 23.720827103000147 ], [ 90.301742553000167, 23.72492790299998 ], [ 90.299819945000081, 23.725625993000051 ], [ 90.299201966000169, 23.723697663000166 ], [ 90.297958373000199, 23.726449967000178 ], [ 90.295776368000077, 23.726154328000121 ], [ 90.29461669900013, 23.729387284000097 ], [ 90.295501708000074, 23.732378007000023 ], [ 90.292213439000079, 23.734521865000147 ], [ 90.290641785000048, 23.741989135000154 ], [ 90.288795471000071, 23.739068986000063 ], [ 90.286827087000063, 23.739265442000146 ], [ 90.28569793600019, 23.74143600400015 ], [ 90.282249452000144, 23.741420746000131 ], [ 90.282066346000079, 23.744228363000161 ], [ 90.278167725000174, 23.744400025000175 ], [ 90.276847839000197, 23.746179581000149 ], [ 90.282066346000079, 23.751541138000107 ], [ 90.286315918000128, 23.749885560000109 ], [ 90.290809631000059, 23.770025254000075 ], [ 90.301139832000104, 23.773471833000031 ], [ 90.310829163000051, 23.77361488400004 ], [ 90.312774657000091, 23.771974563000128 ], [ 90.312911986000188, 23.763950349000027 ], [ 90.311241150000114, 23.75905609199998 ], [ 90.319953919000056, 23.745826722000174 ], [ 90.326225280000187, 23.74279975800016 ], [ 90.330856322000045, 23.744272232000128 ], [ 90.33359527500005, 23.742826462000096 ], [ 90.337631225000052, 23.746145250000041 ], [ 90.339370728000176, 23.744726181000146 ], [ 90.338775635000047, 23.741119384000058 ], [ 90.340873719000115, 23.736251831000118 ], [ 90.332847595000032, 23.735181809000039 ], [ 90.326629639000146, 23.730560302000185 ], [ 90.325248719000115, 23.725130082000135 ], [ 90.326599120000196, 23.723463059000153 ], [ 90.323585510999976, 23.720046997000111 ], [ 90.315437317000146, 23.717559815000186 ] ] ] } },
{ "type": "Feature", "properties": { "GID_4": "BGD.3.1.21.11_1", "NAME_2": "Dhaka", "NAME_3": "Keraniganj", "NAME_4": "Tegharia" }, "geometry": { "type": "Polygon", "coordinates": [ [ [ 90.368255615000123, 23.652652741000054 ], [ 90.363525390000177, 23.65718078600014 ], [ 90.354446410000037, 23.661125183000081 ], [ 90.350532531999988, 23.665275573000145 ], [ 90.351036072000113, 23.669013978000123 ], [ 90.355751038000164, 23.667831420000141 ], [ 90.357627869000112, 23.673852920000058 ], [ 90.36374664300007, 23.673555373000056 ], [ 90.364318848000096, 23.677389145000177 ], [ 90.366554260000157, 23.675958633000164 ], [ 90.366897583000195, 23.673246384000151 ], [ 90.369224548000091, 23.676204682000161 ], [ 90.37004852300015, 23.674261094000087 ], [ 90.372657776000153, 23.676534653000033 ], [ 90.374763489000031, 23.674631119000082 ], [ 90.376182556000117, 23.676448822000111 ], [ 90.376998902000139, 23.67416954000015 ], [ 90.378555297000048, 23.674972535000109 ], [ 90.379844665000121, 23.673416137000117 ], [ 90.383857728000066, 23.676826477000191 ], [ 90.384330750000174, 23.675090790000183 ], [ 90.387321473000043, 23.678314209000177 ], [ 90.388992309000116, 23.678186418000166 ], [ 90.390151978000063, 23.67361068800011 ], [ 90.394325256, 23.673789979000105 ], [ 90.393058777000135, 23.671783448000099 ], [ 90.394065857000157, 23.670242310000106 ], [ 90.39917755100015, 23.668926239000029 ], [ 90.400451661000034, 23.675739288000045 ], [ 90.4091644290001, 23.678533554000126 ], [ 90.415496826000094, 23.67554283100003 ], [ 90.416770935000102, 23.67347908000005 ], [ 90.41909027100013, 23.676923751000061 ], [ 90.420051574000183, 23.67490959200012 ], [ 90.422401429000047, 23.676471710000044 ], [ 90.422866821000184, 23.67437362700008 ], [ 90.424942015999989, 23.673616409000147 ], [ 90.42630004900019, 23.668523788000016 ], [ 90.42803955100004, 23.66786193900009 ], [ 90.426094055000192, 23.662796021000133 ], [ 90.421905518000131, 23.664573670000038 ], [ 90.422767639000142, 23.661130906000153 ], [ 90.420669556000178, 23.660459519000085 ], [ 90.420989991000113, 23.657550811000135 ], [ 90.419281006000062, 23.655275344000074 ], [ 90.411605836000035, 23.652835847000063 ], [ 90.40637969900007, 23.64834022399998 ], [ 90.406745911000201, 23.644290924000131 ], [ 90.404312134000179, 23.643447877000142 ], [ 90.402816772000051, 23.636629105000111 ], [ 90.395729065000069, 23.641584397000145 ], [ 90.390472413000168, 23.649856568000075 ], [ 90.368255615000123, 23.652652741000054 ] ] ] } },
{ "type": "Feature", "properties": { "GID_4": "BGD.3.1.21.12_1", "NAME_2": "Dhaka", "NAME_3": "Keraniganj", "NAME_4": "Zinjira" }, "geometry": { "type": "Polygon", "coordinates": [ [ [ 90.385978698000088, 23.712570191000168 ], [ 90.402259825999977, 23.709571838000159 ], [ 90.396644592000087, 23.697525024000129 ], [ 90.386131287000183, 23.702421188000017 ], [ 90.384307862000014, 23.700727464000067 ], [ 90.381050109000057, 23.703241349000109 ], [ 90.377120972000114, 23.701988221000192 ], [ 90.375701904000096, 23.706005096000069 ], [ 90.375694275000114, 23.707496644000059 ], [ 90.386428833000082, 23.708761215000152 ], [ 90.385063172000173, 23.711593628000116 ], [ 90.385978698000088, 23.712570191000168 ] ] ] } },
{ "type": "Feature", "properties": { "GID_4": "BGD.3.1.22.1_1", "NAME_2": "Dhaka", "NAME_3": "Khilgaon", "NAME_4": "Dakshingaon (Part)" }, "geometry": { "type": "Polygon", "coordinates": [ [ [ 90.446449279000035, 23.758939744000145 ], [ 90.45922851500012, 23.760379792000094 ], [ 90.463195801000097, 23.757951736000109 ], [ 90.464401245000033, 23.754173279000042 ], [ 90.459732056000121, 23.750097275000087 ], [ 90.460182190000069, 23.742731095000067 ], [ 90.457962036000083, 23.741024017000086 ], [ 90.44152069, 23.745422362999989 ], [ 90.442047120000041, 23.751087189000145 ], [ 90.446449279000035, 23.758939744000145 ] ] ] } },
{ "type": "Feature", "properties": { "GID_4": "BGD.3.1.22.2_1", "NAME_2": "Dhaka", "NAME_3": "Khilgaon", "NAME_4": "Nasirabad" }, "geometry": { "type": "Polygon", "coordinates": [ [ [ 90.463836671000195, 23.783159257000079 ], [ 90.471618653000178, 23.781801223000173 ], [ 90.480392457000107, 23.776018142000112 ], [ 90.48271942100007, 23.772401810000019 ], [ 90.481559754000159, 23.767398835000051 ], [ 90.482955932000039, 23.762035370000149 ], [ 90.473953247000054, 23.761472703000038 ], [ 90.472305298000038, 23.754007340000044 ], [ 90.462104797000109, 23.752296448000095 ], [ 90.464591978999977, 23.755086899000105 ], [ 90.462234498000043, 23.759340286000054 ], [ 90.454483032000155, 23.76012802200006 ], [ 90.454780579000158, 23.763923645000148 ], [ 90.452278137000064, 23.762565614000096 ], [ 90.451927185000159, 23.765363693000097 ], [ 90.454185486000029, 23.76838874900011 ], [ 90.455955506000123, 23.768484116000081 ], [ 90.45661926300005, 23.770812988000046 ], [ 90.461982727000134, 23.773595811000177 ], [ 90.458770751000088, 23.776071549 ], [ 90.463836671000195, 23.783159257000079 ] ] ] } },
{ "type": "Feature", "properties": { "GID_4": "BGD.3.1.22.3_1", "NAME_2": "Dhaka", "NAME_3": "Khilgaon", "NAME_4": "Ward No-24" }, "geometry": { "type": "Polygon", "coordinates": [ [ [ 90.430984497000168, 23.753076554000131 ], [ 90.430114746000072, 23.748256684000125 ], [ 90.431632997000179, 23.745050431000152 ], [ 90.429809571000135, 23.74387168800007 ], [ 90.426620484000125, 23.743982316000142 ], [ 90.422859191000043, 23.748388290000037 ], [ 90.4160079950002, 23.749485016000165 ], [ 90.418235779000156, 23.752397538000082 ], [ 90.424972535000109, 23.750707626000064 ], [ 90.426513672, 23.755559920999985 ], [ 90.430984497000168, 23.753076554000131 ] ] ] } },
{ "type": "Feature", "properties": { "GID_4": "BGD.3.1.22.4_1", "NAME_2": "Dhaka", "NAME_3": "Khilgaon", "NAME_4": "Ward No-25" }, "geometry": { "type": "Polygon", "coordinates": [ [ [ 90.440124512000125, 23.752580644000147 ], [ 90.441902161000087, 23.747018813000125 ], [ 90.437362670000084, 23.743528367000181 ], [ 90.434249877000184, 23.742841720000115 ], [ 90.433807374000082, 23.745716095000148 ], [ 90.430419922000112, 23.745910644000162 ], [ 90.430984497000168, 23.753076554000131 ], [ 90.440124512000125, 23.752580644000147 ] ] ] } },
{ "type": "Feature", "properties": { "GID_4": "BGD.3.1.22.5_1", "NAME_2": "Dhaka", "NAME_3": "Khilgaon", "NAME_4": "Ward No-26" }, "geometry": { "type": "Polygon", "coordinates": [ [ [ 90.433624268000187, 23.763233185000047 ], [ 90.435890199000198, 23.762783051999975 ], [ 90.436950684000067, 23.764764785000068 ], [ 90.441818237000064, 23.766254425000056 ], [ 90.441757201000144, 23.763668061000146 ], [ 90.445678710000152, 23.761680603000173 ], [ 90.446449279000035, 23.758939744000145 ], [ 90.441604614000028, 23.749763489000031 ], [ 90.440124512000125, 23.752580644000147 ], [ 90.434814453000172, 23.75194358900012 ], [ 90.426513672, 23.755559920999985 ], [ 90.42932891900017, 23.760971070000153 ], [ 90.432334900000114, 23.760133743000097 ], [ 90.433624268000187, 23.763233185000047 ] ] ] } },
{ "type": "Feature", "properties": { "GID_4": "BGD.3.1.23.1_1", "NAME_2": "Dhaka", "NAME_3": "Khilkhet", "NAME_4": "Dakshinkhan (part)" }, "geometry": { "type": "Polygon", "coordinates": [ [ [ 90.455467224000074, 23.827621460000159 ], [ 90.448257446000184, 23.828079224000192 ], [ 90.441970826000158, 23.826009750000026 ], [ 90.441444397, 23.833980561000033 ], [ 90.43581390300011, 23.832969666000167 ], [ 90.43595886200012, 23.838539124000192 ], [ 90.420066833000135, 23.838930130000051 ], [ 90.422546386000192, 23.842033386000139 ], [ 90.421897888000046, 23.845966340000132 ], [ 90.42388153100012, 23.847578048000059 ], [ 90.434150695000142, 23.845020295000097 ], [ 90.436637879000045, 23.847606659 ], [ 90.442237854000041, 23.84662437500009 ], [ 90.447067260000097, 23.848865508000188 ], [ 90.453010559000063, 23.845869065000159 ], [ 90.453918456000167, 23.848754883000026 ], [ 90.464073182000163, 23.846302033000086 ], [ 90.464965821000192, 23.844642640000188 ], [ 90.455574036000201, 23.831832885000154 ], [ 90.455467224000074, 23.827621460000159 ] ] ] } },
{ "type": "Feature", "properties": { "GID_4": "BGD.3.1.23.2_1", "NAME_2": "Dhaka", "NAME_3": "Khilkhet", "NAME_4": "Dumni" }, "geometry": { "type": "Polygon", "coordinates": [ [ [ 90.485717774000079, 23.821342468000012 ], [ 90.479736328000115, 23.823017120000031 ], [ 90.473434448000035, 23.821380615000066 ], [ 90.462593078000054, 23.824823379000179 ], [ 90.455467224000074, 23.827621460000159 ], [ 90.455574036000201, 23.831832885000154 ], [ 90.462821961000088, 23.84304237300006 ], [ 90.471351623000089, 23.847307205000106 ], [ 90.471755982000047, 23.84249305700007 ], [ 90.477241516000106, 23.834976197000174 ], [ 90.4804611200002, 23.832214355000133 ], [ 90.483940125000174, 23.831581116000052 ], [ 90.484268188000044, 23.82813835200011 ], [ 90.486610413000164, 23.826101304000133 ], [ 90.485717774000079, 23.821342468000012 ] ] ] } },
{ "type": "Feature", "properties": { "GID_4": "BGD.3.1.23.3_1", "NAME_2": "Dhaka", "NAME_3": "Khilkhet", "NAME_4": "Ward No-17 (Part)" }, "geometry": { "type": "Polygon", "coordinates": [ [ [ 90.4413757330002, 23.826631546000158 ], [ 90.436096191000161, 23.827482224000164 ], [ 90.429115296000134, 23.826070785000184 ], [ 90.429565430000082, 23.821571349000067 ], [ 90.421653747000164, 23.820512772000143 ], [ 90.418991089000144, 23.821630477000156 ], [ 90.416213989000198, 23.81969261100005 ], [ 90.412666321000131, 23.825771331000112 ], [ 90.413246155000138, 23.833688737000045 ], [ 90.420066833000135, 23.838930130000051 ], [ 90.43595886200012, 23.838539124000192 ], [ 90.43581390300011, 23.832969666000167 ], [ 90.441444397, 23.833980561000033 ], [ 90.4413757330002, 23.826631546000158 ] ] ] } },
{ "type": "Feature", "properties": { "GID_4": "BGD.3.1.24.1_1", "NAME_2": "Dhaka", "NAME_3": "Kotwali", "NAME_4": "Ward No-68 (Part)" }, "geometry": { "type": "Polygon", "coordinates": [ [ [ 90.402046203000168, 23.709684371000151 ], [ 90.404808024000147, 23.714486997000165 ], [ 90.406845093000015, 23.714351655000144 ], [ 90.404891969000062, 23.707971573000179 ], [ 90.402046203000168, 23.709684371000151 ] ] ] } },
{ "type": "Feature", "properties": { "GID_4": "BGD.3.1.24.2_1", "NAME_2": "Dhaka", "NAME_3": "Kotwali", "NAME_4": "Ward No-71 (Part)" }, "geometry": { "type": "MultiPolygon", "coordinates": [ [ [ [ 90.40792800100013, 23.713129000000151 ], [ 90.407753020000087, 23.712984084000027 ], [ 90.407791086000088, 23.713145989000054 ], [ 90.40792800100013, 23.713129000000151 ] ] ], [ [ [ 90.40728, 23.714336000000173 ], [ 90.411544798000136, 23.713519952000127 ], [ 90.411537010000188, 23.713161456000137 ], [ 90.407539373000134, 23.713234092000107 ], [ 90.40728, 23.714336000000173 ] ] ] ] } },
{ "type": "Feature", "properties": { "GID_4": "BGD.3.1.24.3_1", "NAME_2": "Dhaka", "NAME_3": "Kotwali", "NAME_4": "Ward No-72" }, "geometry": { "type": "Polygon", "coordinates": [ [ [ 90.406845093000015, 23.714351655000144 ], [ 90.411537010000188, 23.713161456000137 ], [ 90.411926269000162, 23.709951401000012 ], [ 90.406616212000188, 23.710746766 ], [ 90.406845093000015, 23.714351655000144 ] ], [ [ 90.407753020000087, 23.712984084000027 ], [ 90.40792800100013, 23.713129000000151 ], [ 90.407791086000088, 23.713145989000054 ], [ 90.407753020000087, 23.712984084000027 ] ] ] } },
{ "type": "Feature", "properties": { "GID_4": "BGD.3.1.24.4_1", "NAME_2": "Dhaka", "NAME_3": "Kotwali", "NAME_4": "Ward No-73" }, "geometry": { "type": "Polygon", "coordinates": [ [ [ 90.411865235000107, 23.703542709000033 ], [ 90.404891969000062, 23.707971573000179 ], [ 90.406044005000183, 23.710838318000128 ], [ 90.412048339000137, 23.709840774000043 ], [ 90.411865235000107, 23.703542709000033 ] ] ] } },
{ "type": "Feature", "properties": { "GID_4": "BGD.3.1.25.1_1", "NAME_2": "Dhaka", "NAME_3": "Lalbagh", "NAME_4": "Ward No-56 (Part)" }, "geometry": { "type": "Polygon", "coordinates": [ [ [ 90.399467467000136, 23.724044799000126 ], [ 90.393966674000183, 23.724025726000036 ], [ 90.389877320000039, 23.727119446000074 ], [ 90.394096375000174, 23.724893569000187 ], [ 90.399467467000136, 23.724044799000126 ] ] ] } },
{ "type": "Feature", "properties": { "GID_4": "BGD.3.1.25.2_1", "NAME_2": "Dhaka", "NAME_3": "Lalbagh", "NAME_4": "Ward No-59" }, "geometry": { "type": "Polygon", "coordinates": [ [ [ 90.375656129000163, 23.721719743000108 ], [ 90.377281190000019, 23.726007461000165 ], [ 90.375579835000053, 23.729591369000048 ], [ 90.381881713000098, 23.732145309000146 ], [ 90.382278442000143, 23.726837158000137 ], [ 90.380073548000155, 23.723621369000057 ], [ 90.382369996000079, 23.722185135000075 ], [ 90.379226684000059, 23.721721650000177 ], [ 90.378555297000048, 23.720005034999986 ], [ 90.375656129000163, 23.721719743000108 ] ] ] } },
{ "type": "Feature", "properties": { "GID_4": "BGD.3.1.25.3_1", "NAME_2": "Dhaka", "NAME_3": "Lalbagh", "NAME_4": "Ward No-60" }, "geometry": { "type": "Polygon", "coordinates": [ [ [ 90.386573791000046, 23.716657638000072 ], [ 90.383155823000038, 23.713283540000134 ], [ 90.381210327000133, 23.714269639000122 ], [ 90.379547119000051, 23.71587181100017 ], [ 90.379119873000036, 23.721565248000047 ], [ 90.386466980000137, 23.718564987000036 ], [ 90.386573791000046, 23.716657638000072 ] ] ] } },
{ "type": "Feature", "properties": { "GID_4": "BGD.3.1.25.4_1", "NAME_2": "Dhaka", "NAME_3": "Lalbagh", "NAME_4": "Ward No-61" }, "geometry": { "type": "Polygon", "coordinates": [ [ [ 90.39057159500004, 23.720546723000041 ], [ 90.389625549000129, 23.716962815000159 ], [ 90.386924744, 23.716499328000111 ], [ 90.386466980000137, 23.718564987000036 ], [ 90.379241944000114, 23.72146034300016 ], [ 90.384063720000086, 23.723987578999981 ], [ 90.38500976500012, 23.721433639000054 ], [ 90.39057159500004, 23.720546723000041 ] ] ] } },
{ "type": "Feature", "properties": { "GID_4": "BGD.3.1.25.5_1", "NAME_2": "Dhaka", "NAME_3": "Lalbagh", "NAME_4": "Ward No-62" }, "geometry": { "type": "Polygon", "coordinates": [ [ [ 90.392669678000175, 23.724489212000037 ], [ 90.389427184000112, 23.723344804000192 ], [ 90.391441346000136, 23.720556258000045 ], [ 90.38500976500012, 23.721433639000054 ], [ 90.384063720000086, 23.723987578999981 ], [ 90.380744935, 23.722929002000058 ], [ 90.380119323000145, 23.724859237000032 ], [ 90.382278442000143, 23.726837158000137 ], [ 90.381881713000098, 23.732145309000146 ], [ 90.387092590000066, 23.732637407000027 ], [ 90.389999389000138, 23.725927353000088 ], [ 90.392669678000175, 23.724489212000037 ] ] ] } },
{ "type": "Feature", "properties": { "GID_4": "BGD.3.1.25.6_1", "NAME_2": "Dhaka", "NAME_3": "Lalbagh", "NAME_4": "Ward No-91" }, "geometry": { "type": "Polygon", "coordinates": [ [ [ 90.358558655000195, 23.727731705000167 ], [ 90.36027526800018, 23.72776794400005 ], [ 90.36064148000014, 23.725368501000048 ], [ 90.365570069000171, 23.724590302000024 ], [ 90.365119935000052, 23.723337174000108 ], [ 90.373443603000055, 23.722074509000151 ], [ 90.371795655000142, 23.718738556000119 ], [ 90.376037597000106, 23.717660905 ], [ 90.378143310000155, 23.713951111000029 ], [ 90.371726990000013, 23.71569824300019 ], [ 90.370155334, 23.714475631000084 ], [ 90.363868714000148, 23.717708587000061 ], [ 90.359931947000121, 23.720581054000149 ], [ 90.358558655000195, 23.727731705000167 ] ] ] } },
{ "type": "Feature", "properties": { "GID_4": "BGD.3.1.25.7_1", "NAME_2": "Dhaka", "NAME_3": "Lalbagh", "NAME_4": "Ward No-92" }, "geometry": { "type": "Polygon", "coordinates": [ [ [ 90.373443603000055, 23.722074509000151 ], [ 90.378776550000111, 23.719799043000023 ], [ 90.379722595000146, 23.715404512000134 ], [ 90.381263734000072, 23.714511872000173 ], [ 90.377922058000138, 23.710779190000039 ], [ 90.372093202000144, 23.71115875300012 ], [ 90.371726990000013, 23.71569824300019 ], [ 90.378143310000155, 23.713951111000029 ], [ 90.376037597000106, 23.717660905 ], [ 90.371795655000142, 23.718738556000119 ], [ 90.373443603000055, 23.722074509000151 ] ] ] } },
{ "type": "Feature", "properties": { "GID_4": "BGD.3.1.26.1_1", "NAME_2": "Dhaka", "NAME_3": "Mirpur", "NAME_4": "Ward No-07 (Part)" }, "geometry": { "type": "Polygon", "coordinates": [ [ [ 90.368545533000145, 23.807117462000065 ], [ 90.355262756000059, 23.799865722000106 ], [ 90.351570130000084, 23.80602645800019 ], [ 90.360984802000132, 23.810287476000155 ], [ 90.367637633000186, 23.810468674000049 ], [ 90.368545533000145, 23.807117462000065 ] ] ] } },
{ "type": "Feature", "properties": { "GID_4": "BGD.3.1.26.2_1", "NAME_2": "Dhaka", "NAME_3": "Mirpur", "NAME_4": "Ward No-11" }, "geometry": { "type": "Polygon", "coordinates": [ [ [ 90.36203765800019, 23.777431488000161 ], [ 90.357658386000196, 23.776565553000012 ], [ 90.357826233000139, 23.783390045000147 ], [ 90.35519409200009, 23.784132005000117 ], [ 90.355888367000034, 23.789600373000098 ], [ 90.36218261700003, 23.790115357000104 ], [ 90.361015320000149, 23.788934707000124 ], [ 90.363281249000124, 23.78726005599998 ], [ 90.363525390000177, 23.784204483000053 ], [ 90.366424561000144, 23.782684327000027 ], [ 90.36203765800019, 23.777431488000161 ] ] ] } },
{ "type": "Feature", "properties": { "GID_4": "BGD.3.1.26.3_1", "NAME_2": "Dhaka", "NAME_3": "Mirpur", "NAME_4": "Ward No-12" }, "geometry": { "type": "Polygon", "coordinates": [ [ [ 90.355171204000101, 23.78515625 ], [ 90.351806641000167, 23.781572342000118 ], [ 90.348915101000046, 23.783010482000122 ], [ 90.350204468000072, 23.793436051000015 ], [ 90.349128723000149, 23.796302795000088 ], [ 90.357742309000116, 23.801441193000187 ], [ 90.358985900000107, 23.798301696000181 ], [ 90.36082458400017, 23.798391343000048 ], [ 90.362274169000102, 23.792400360000045 ], [ 90.360656738000159, 23.792627335000077 ], [ 90.361198426000044, 23.791282655000032 ], [ 90.357627869000112, 23.790126801000156 ], [ 90.358039856000175, 23.789154053000118 ], [ 90.355888367000034, 23.789600373000098 ], [ 90.355171204000101, 23.78515625 ] ] ] } },
{ "type": "Feature", "properties": { "GID_4": "BGD.3.1.26.4_1", "NAME_2": "Dhaka", "NAME_3": "Mirpur", "NAME_4": "Ward No-13" }, "geometry": { "type": "Polygon", "coordinates": [ [ [ 90.372497558000191, 23.788127900000063 ], [ 90.369689942000036, 23.783321382000054 ], [ 90.366012574000081, 23.782672882000043 ], [ 90.363525390000177, 23.784204483000053 ], [ 90.363281249000124, 23.78726005599998 ], [ 90.361015320000149, 23.788934707000124 ], [ 90.36218261700003, 23.790115357000104 ], [ 90.359878540000068, 23.790229798000041 ], [ 90.360656738000159, 23.792627335000077 ], [ 90.362274169000102, 23.792400360000045 ], [ 90.361534119000169, 23.79640197700013 ], [ 90.357742309000116, 23.801441193000187 ], [ 90.366874695000092, 23.806737898999984 ], [ 90.366516113000102, 23.80400085600013 ], [ 90.369995116000098, 23.799345017000121 ], [ 90.369529724000131, 23.797346115999972 ], [ 90.366920472000061, 23.796377181000025 ], [ 90.369583129000034, 23.794542313000079 ], [ 90.369262694000042, 23.792768479000074 ], [ 90.372497558000191, 23.788127900000063 ] ] ] } },
{ "type": "Feature", "properties": { "GID_4": "BGD.3.1.26.5_1", "NAME_2": "Dhaka", "NAME_3": "Mirpur", "NAME_4": "Ward No-14 (part)" }, "geometry": { "type": "Polygon", "coordinates": [ [ [ 90.366874695000092, 23.806737898999984 ], [ 90.368812561000198, 23.806272507000074 ], [ 90.376510621000136, 23.788648606000152 ], [ 90.371421813000097, 23.78887748700015 ], [ 90.369583129000034, 23.794542313000079 ], [ 90.366920472000061, 23.796377181000025 ], [ 90.369529724000131, 23.797346115999972 ], [ 90.369995116000098, 23.799345017000121 ], [ 90.366516113000102, 23.80400085600013 ], [ 90.366874695000092, 23.806737898999984 ] ] ] } },
{ "type": "Feature", "properties": { "GID_4": "BGD.3.1.27.1_1", "NAME_2": "Dhaka", "NAME_3": "Mohammadpur", "NAME_4": "Ward No-42" }, "geometry": { "type": "Polygon", "coordinates": [ [ [ 90.358894348000149, 23.76241874700014 ], [ 90.358642579000048, 23.769458772000064 ], [ 90.362258911000083, 23.773790360000191 ], [ 90.364364625000064, 23.772237778000147 ], [ 90.363510132000158, 23.770608901000116 ], [ 90.365493775000061, 23.764295578000088 ], [ 90.358894348000149, 23.76241874700014 ] ] ] } },
{ "type": "Feature", "properties": { "GID_4": "BGD.3.1.27.2_1", "NAME_2": "Dhaka", "NAME_3": "Mohammadpur", "NAME_4": "Ward No-44" }, "geometry": { "type": "Polygon", "coordinates": [ [ [ 90.358818055000143, 23.762395859000037 ], [ 90.365493775000061, 23.764295578000088 ], [ 90.367752076000102, 23.756929398000068 ], [ 90.363868714000148, 23.75696754400019 ], [ 90.363952638000171, 23.755064010000069 ], [ 90.360671997000054, 23.757898331000035 ], [ 90.358818055000143, 23.762395859000037 ] ] ] } },
{ "type": "Feature", "properties": { "GID_4": "BGD.3.1.27.3_1", "NAME_2": "Dhaka", "NAME_3": "Mohammadpur", "NAME_4": "Ward No-45" }, "geometry": { "type": "Polygon", "coordinates": [ [ [ 90.362258911000083, 23.773790360000191 ], [ 90.366592406999985, 23.774030686000174 ], [ 90.375129699000126, 23.757020950000026 ], [ 90.36729431200007, 23.75224113500019 ], [ 90.363952638000171, 23.755064010000069 ], [ 90.363868714000148, 23.75696754400019 ], [ 90.367752076000102, 23.756929398000068 ], [ 90.367645263000099, 23.75840187100016 ], [ 90.363510132000158, 23.770608901000116 ], [ 90.364364625000064, 23.772237778000147 ], [ 90.362258911000083, 23.773790360000191 ] ] ] } },
{ "type": "Feature", "properties": { "GID_4": "BGD.3.1.27.4_1", "NAME_2": "Dhaka", "NAME_3": "Mohammadpur", "NAME_4": "Ward No-46" }, "geometry": { "type": "Polygon", "coordinates": [ [ [ 90.34416198800011, 23.768590927000105 ], [ 90.349449158000084, 23.762268068000026 ], [ 90.358818055000143, 23.762395859000037 ], [ 90.363571167000146, 23.755386353 ], [ 90.362106324000194, 23.753145218000157 ], [ 90.357765198000152, 23.753185272000053 ], [ 90.351493836000145, 23.758071899000186 ], [ 90.346504211000024, 23.75389099 ], [ 90.33942413300008, 23.752031326000179 ], [ 90.336921691000157, 23.749471665000044 ], [ 90.330101014000036, 23.749977112000181 ], [ 90.33012390000016, 23.751911163000102 ], [ 90.336807251000096, 23.759241104000012 ], [ 90.34000396800019, 23.765390397000147 ], [ 90.34416198800011, 23.768590927000105 ] ] ] } },
{ "type": "Feature", "properties": { "GID_4": "BGD.3.1.27.5_1", "NAME_2": "Dhaka", "NAME_3": "Mohammadpur", "NAME_4": "Ward No-47(part)" }, "geometry": { "type": "Polygon", "coordinates": [ [ [ 90.367599486000131, 23.750438691000113 ], [ 90.356170653000106, 23.745389939000177 ], [ 90.354621888000167, 23.747510911000177 ], [ 90.353416442000082, 23.745532989000083 ], [ 90.351135255000031, 23.746253967000087 ], [ 90.354988098000092, 23.753898621000019 ], [ 90.362106324000194, 23.753145218000157 ], [ 90.363571167000146, 23.755386353 ], [ 90.367599486000131, 23.750438691000113 ] ] ] } },
{ "type": "Feature", "properties": { "GID_4": "BGD.3.1.27.6_1", "NAME_2": "Dhaka", "NAME_3": "Mohammadpur", "NAME_4": "Ward No-51(part)" }, "geometry": { "type": "Polygon", "coordinates": [ [ [ 90.378227234000178, 23.751274110000054 ], [ 90.374580383000136, 23.758062363000136 ], [ 90.381820678000111, 23.758586883000191 ], [ 90.382492066000054, 23.753044128000113 ], [ 90.378227234000178, 23.751274110000054 ] ] ] } },
{ "type": "Feature", "properties": { "GID_4": "BGD.3.1.28.1_1", "NAME_2": "Dhaka", "NAME_3": "Motijheel", "NAME_4": "Ward No-31" }, "geometry": { "type": "Polygon", "coordinates": [ [ [ 90.422355960000061, 23.72156123600007 ], [ 90.424194336000141, 23.72200965900015 ], [ 90.423866273000101, 23.726739883000164 ], [ 90.421402089000139, 23.730657737000172 ], [ 90.4251859270002, 23.732414203000189 ], [ 90.424026240999979, 23.737745113000187 ], [ 90.426864598000122, 23.740802877000078 ], [ 90.42839066900018, 23.738588374000074 ], [ 90.428779735000035, 23.722335901000122 ], [ 90.422355960000061, 23.72156123600007 ] ] ] } },
{ "type": "Feature", "properties": { "GID_4": "BGD.3.1.28.2_1", "NAME_2": "Dhaka", "NAME_3": "Motijheel", "NAME_4": "Ward No-32" }, "geometry": { "type": "Polygon", "coordinates": [ [ [ 90.417091370000037, 23.735155105000104 ], [ 90.423637390000067, 23.728088379000042 ], [ 90.424194336000141, 23.72200965900015 ], [ 90.413902283000084, 23.722618103 ], [ 90.415199279000092, 23.732221605000063 ], [ 90.417091370000037, 23.735155105000104 ] ] ] } },
{ "type": "Feature", "properties": { "GID_4": "BGD.3.1.28.3_1", "NAME_2": "Dhaka", "NAME_3": "Motijheel", "NAME_4": "Ward No-33" }, "geometry": { "type": "Polygon", "coordinates": [ [ [ 90.419876098000088, 23.739946367000073 ], [ 90.4251859270002, 23.732414203000189 ], [ 90.422905021000133, 23.731927924 ], [ 90.422828696000124, 23.730532031000052 ], [ 90.417091370000037, 23.735155105000104 ], [ 90.419876098000088, 23.739946367000073 ] ] ] } },
{ "type": "Feature", "properties": { "GID_4": "BGD.3.1.28.4_1", "NAME_2": "Dhaka", "NAME_3": "Motijheel", "NAME_4": "Ward No-34" }, "geometry": { "type": "Polygon", "coordinates": [ [ [ 90.420883178000111, 23.748804092000114 ], [ 90.424644470000089, 23.74738693300003 ], [ 90.42646789500003, 23.744676591000143 ], [ 90.426864598000122, 23.740802877000078 ], [ 90.424079894999977, 23.735792160000187 ], [ 90.415977478000059, 23.742969513000105 ], [ 90.420364379000034, 23.743091584000183 ], [ 90.420883178000111, 23.748804092000114 ] ] ] } },
{ "type": "Feature", "properties": { "GID_4": "BGD.3.1.28.5_1", "NAME_2": "Dhaka", "NAME_3": "Motijheel", "NAME_4": "Ward No-35" }, "geometry": { "type": "Polygon", "coordinates": [ [ [ 90.413002014000085, 23.750003815000184 ], [ 90.420883178000111, 23.748804092000114 ], [ 90.420364379000034, 23.743091584000183 ], [ 90.415977478000059, 23.742969513000105 ], [ 90.41249084500015, 23.745563507000156 ], [ 90.413002014000085, 23.750003815000184 ] ] ] } },
{ "type": "Feature", "properties": { "GID_4": "BGD.3.1.29.1_1", "NAME_2": "Dhaka", "NAME_3": "Nawabganj", "NAME_4": "Agla" }, "geometry": { "type": "Polygon", "coordinates": [ [ [ 90.206192018000195, 23.645774841000105 ], [ 90.212982178000175, 23.648504257000184 ], [ 90.211784362000174, 23.657951355000023 ], [ 90.215148925000108, 23.666675568000073 ], [ 90.223014831000114, 23.662263871000164 ], [ 90.228652955000143, 23.665140152000049 ], [ 90.232330323000099, 23.663019180000049 ], [ 90.232467652000196, 23.658321382 ], [ 90.235702515000071, 23.658412934000125 ], [ 90.2394332880001, 23.655017852000071 ], [ 90.24842834500015, 23.651821137000127 ], [ 90.246726990000127, 23.649364472000173 ], [ 90.248374939000144, 23.645498276000069 ], [ 90.247459412000183, 23.633899690000135 ], [ 90.245285035000109, 23.632335664000038 ], [ 90.2413635260001, 23.633480073000158 ], [ 90.237586974000067, 23.629652023000119 ], [ 90.237258911000197, 23.623126983000077 ], [ 90.234817504000091, 23.620512008000162 ], [ 90.227462769000056, 23.623826981000093 ], [ 90.206459045000031, 23.624679566000054 ], [ 90.210494995000147, 23.635145187999967 ], [ 90.209930420000092, 23.639249801000062 ], [ 90.205902099000127, 23.644235612000045 ], [ 90.206192018000195, 23.645774841000105 ] ] ] } },
{ "type": "Feature", "properties": { "GID_4": "BGD.3.1.29.2_1", "NAME_2": "Dhaka", "NAME_3": "Nawabganj", "NAME_4": "Bakshanagar" }, "geometry": { "type": "Polygon", "coordinates": [ [ [ 90.160697936000133, 23.626125336000086 ], [ 90.158203124000124, 23.629138947000115 ], [ 90.156135560000109, 23.629148483000051 ], [ 90.15626525800019, 23.633344651000129 ], [ 90.160171509000179, 23.634738922000111 ], [ 90.15760040300006, 23.638061523000147 ], [ 90.159942628000124, 23.640281677000189 ], [ 90.158554078000179, 23.639913559000092 ], [ 90.155380249000018, 23.643501281999988 ], [ 90.156547547000173, 23.649095535000072 ], [ 90.165367127000195, 23.649715424000078 ], [ 90.167037963000041, 23.646875381000029 ], [ 90.170936584000117, 23.646036149000054 ], [ 90.186164857000051, 23.656587601000183 ], [ 90.19635009700005, 23.658187866000162 ], [ 90.20023345900006, 23.654350281000177 ], [ 90.204399109000121, 23.658781051000119 ], [ 90.204566956000065, 23.656953813000086 ], [ 90.206901551000044, 23.656135559000063 ], [ 90.207344055000021, 23.653779984000153 ], [ 90.205596925000066, 23.651317596000126 ], [ 90.201293946000135, 23.650260926000101 ], [ 90.197242736000135, 23.651222229000155 ], [ 90.184761048000155, 23.646963120000123 ], [ 90.188758851000102, 23.636381149000044 ], [ 90.188232421000066, 23.634916305000161 ], [ 90.183166504000042, 23.633968353000057 ], [ 90.183563232000154, 23.630073548000098 ], [ 90.180778504000159, 23.630376815000091 ], [ 90.175186157000098, 23.627508163000016 ], [ 90.173553466000101, 23.623819352000112 ], [ 90.16920471200018, 23.623355866000111 ], [ 90.167572021000183, 23.625452042000177 ], [ 90.167747497000107, 23.622907640000165 ], [ 90.164123534000055, 23.621686935000128 ], [ 90.160903931000178, 23.624675750000051 ], [ 90.162803650000058, 23.628520966000053 ], [ 90.159019470000146, 23.630157472000121 ], [ 90.160964966000165, 23.628149033000113 ], [ 90.160697936000133, 23.626125336000086 ] ] ] } },
{ "type": "Feature", "properties": { "GID_4": "BGD.3.1.29.3_1", "NAME_2": "Dhaka", "NAME_3": "Nawabganj", "NAME_4": "Bandura" }, "geometry": { "type": "Polygon", "coordinates": [ [ [ 90.139450073000035, 23.640356065000105 ], [ 90.136466980000193, 23.638151169000082 ], [ 90.138122558000077, 23.63723754900019 ], [ 90.135017395000091, 23.636360168000124 ], [ 90.135803222000163, 23.643171310000071 ], [ 90.133911133000197, 23.64435005200005 ], [ 90.134239196000067, 23.642116547000114 ], [ 90.130294799000126, 23.63948249900011 ], [ 90.128135680000071, 23.640514375000066 ], [ 90.126663209000014, 23.636281967000173 ], [ 90.121437074000085, 23.637931824000134 ], [ 90.123550415000068, 23.643945693000092 ], [ 90.122726439000076, 23.646299363000139 ], [ 90.10497284000013, 23.645446778000064 ], [ 90.100257874000079, 23.647069932000079 ], [ 90.098014831, 23.64977073600005 ], [ 90.092086791000156, 23.647226334000038 ], [ 90.086997985000096, 23.647043228000143 ], [ 90.085517883000023, 23.647893906000036 ], [ 90.086921692000089, 23.648818969000104 ], [ 90.08615875300012, 23.651054382000041 ], [ 90.081192016000159, 23.652542114000028 ], [ 90.075798035000162, 23.651714325 ], [ 90.074081420000141, 23.654251099000135 ], [ 90.068908692000093, 23.655303955000022 ], [ 90.066963196000017, 23.659355163000043 ], [ 90.067359925000062, 23.662170410000158 ], [ 90.071029664000037, 23.660934449000138 ], [ 90.073738099000082, 23.663200378000113 ], [ 90.07341766400009, 23.660942077000072 ], [ 90.077941895000095, 23.660299302000055 ], [ 90.081268311000144, 23.655813217000059 ], [ 90.084075928000175, 23.655220032000102 ], [ 90.085693359000174, 23.662851334000038 ], [ 90.085289002000195, 23.670398713000168 ], [ 90.089118957000096, 23.667110444000173 ], [ 90.090072632000044, 23.663230897000062 ], [ 90.093643189000147, 23.66209983900012 ], [ 90.09506225500013, 23.662860870000088 ], [ 90.09429168700018, 23.66451835700019 ], [ 90.103302002000078, 23.666170120000174 ], [ 90.108070373000146, 23.661844254000187 ], [ 90.110321045000035, 23.661582947000113 ], [ 90.11880493100017, 23.670431137000037 ], [ 90.123741149000182, 23.668504714000051 ], [ 90.13080597000004, 23.659767152000086 ], [ 90.1453475940001, 23.664262773000189 ], [ 90.149574280000081, 23.65368080200011 ], [ 90.147628784, 23.653814316000137 ], [ 90.145683288000157, 23.657430650000038 ], [ 90.144340515000181, 23.65504646300019 ], [ 90.140861511000082, 23.654739379000034 ], [ 90.144226074000017, 23.649108888000171 ], [ 90.145248412000058, 23.645990372000085 ], [ 90.144081115000063, 23.645048142000121 ], [ 90.146133423000038, 23.641160965000097 ], [ 90.139450073000035, 23.640356065000105 ] ] ] } },
{ "type": "Feature", "properties": { "GID_4": "BGD.3.1.29.4_1", "NAME_2": "Dhaka", "NAME_3": "Nawabganj", "NAME_4": "Barrah" }, "geometry": { "type": "Polygon", "coordinates": [ [ [ 90.215148925000108, 23.666675568000073 ], [ 90.211784362000174, 23.657951355000023 ], [ 90.212982178000175, 23.648504257000184 ], [ 90.206413268000063, 23.645832062000125 ], [ 90.203689575000169, 23.648546219000082 ], [ 90.207344055000021, 23.653779984000153 ], [ 90.204399109000121, 23.658781051000119 ], [ 90.20023345900006, 23.654350281000177 ], [ 90.19635009700005, 23.658187866000162 ], [ 90.184242249000135, 23.655912399000101 ], [ 90.170936584000117, 23.646036149000054 ], [ 90.167037963000041, 23.646875381000029 ], [ 90.16551208400017, 23.64928817800012 ], [ 90.164245605000076, 23.65600204600014 ], [ 90.170059205000086, 23.654697419000115 ], [ 90.168128967000087, 23.659564973000158 ], [ 90.169410707000054, 23.669822693000128 ], [ 90.171218872, 23.674535752000111 ], [ 90.175666810000166, 23.676395416000105 ], [ 90.17275238100018, 23.68012619100017 ], [ 90.174705505000134, 23.686223984000151 ], [ 90.184730530000138, 23.685623169000053 ], [ 90.187301635000154, 23.691219331000184 ], [ 90.188293457000157, 23.688653946000102 ], [ 90.198043823000035, 23.690351486000054 ], [ 90.206336975000056, 23.686050416000171 ], [ 90.217758180000089, 23.687789918000192 ], [ 90.219444274000182, 23.685445786000059 ], [ 90.218643189000034, 23.678758622000089 ], [ 90.213745117000144, 23.67946624800004 ], [ 90.206192018000195, 23.677679062000095 ], [ 90.214004516000045, 23.673809052000024 ], [ 90.213569641, 23.669786454000075 ], [ 90.215148925000108, 23.666675568000073 ] ] ] } },
{ "type": "Feature", "properties": { "GID_4": "BGD.3.1.29.5_1", "NAME_2": "Dhaka", "NAME_3": "Nawabganj", "NAME_4": "Baruakhali" }, "geometry": { "type": "Polygon", "coordinates": [ [ [ 90.067474365000123, 23.658782959000121 ], [ 90.059532165000064, 23.65509414800016 ], [ 90.055068969000104, 23.655029298000102 ], [ 90.053680419000159, 23.655717850000087 ], [ 90.053375244, 23.660385131000169 ], [ 90.05113983200016, 23.660232544000053 ], [ 90.050209046000077, 23.663726808000149 ], [ 90.052284241000052, 23.664075852000053 ], [ 90.052291871000193, 23.67050171000011 ], [ 90.055351256999984, 23.670053482000128 ], [ 90.058197021000069, 23.673450471000081 ], [ 90.060272217000033, 23.673725129000104 ], [ 90.060295106000069, 23.682600022000145 ], [ 90.054252625000061, 23.685331345000066 ], [ 90.054367066, 23.68775749100007 ], [ 90.065498352000134, 23.689418794000176 ], [ 90.068496703000164, 23.694210053000177 ], [ 90.074966431000064, 23.694866182000055 ], [ 90.080139161000147, 23.690687179 ], [ 90.077407838000056, 23.688129426000046 ], [ 90.068634032000091, 23.686620713000025 ], [ 90.068031311000198, 23.679924012000072 ], [ 90.070152283000198, 23.677253724000082 ], [ 90.072669983000139, 23.676767349000102 ], [ 90.093627930000025, 23.684877396000104 ], [ 90.09875488300014, 23.690382004000071 ], [ 90.101692199000183, 23.690849304000039 ], [ 90.101715087000116, 23.688585282000133 ], [ 90.090270996000129, 23.673559189 ], [ 90.091140747000054, 23.669641495000064 ], [ 90.096771240000066, 23.665296554000179 ], [ 90.093841553000061, 23.664157868000132 ], [ 90.094902038000157, 23.662609100000054 ], [ 90.090171814000087, 23.663145065000094 ], [ 90.089118957000096, 23.667110444000173 ], [ 90.085289002000195, 23.670398713000168 ], [ 90.084297181000125, 23.655340195000178 ], [ 90.081268311000144, 23.655813217000059 ], [ 90.077941895000095, 23.660299302000055 ], [ 90.07341766400009, 23.660942077000072 ], [ 90.073738099000082, 23.663200378000113 ], [ 90.070823670000038, 23.660902023000119 ], [ 90.067459107000104, 23.662260056000093 ], [ 90.067474365000123, 23.658782959000121 ] ] ] } },
{ "type": "Feature", "properties": { "GID_4": "BGD.3.1.29.6_1", "NAME_2": "Dhaka", "NAME_3": "Nawabganj", "NAME_4": "Churain" }, "geometry": { "type": "Polygon", "coordinates": [ [ [ 90.205673218000072, 23.568944931000033 ], [ 90.201217652000196, 23.570972444000176 ], [ 90.197395325000059, 23.577249528000152 ], [ 90.192039490000184, 23.577192308000065 ], [ 90.190208434000056, 23.580598832000192 ], [ 90.180915833000086, 23.581113816000141 ], [ 90.182884216000105, 23.585094453000067 ], [ 90.182106019000116, 23.590076447000172 ], [ 90.177085876000149, 23.597635268000033 ], [ 90.18025970500014, 23.600532532000159 ], [ 90.174629211000195, 23.608509063000099 ], [ 90.174377442000036, 23.611738204000062 ], [ 90.182823180000071, 23.614185334000183 ], [ 90.186210632000041, 23.620235442000023 ], [ 90.19112396200012, 23.621583938000072 ], [ 90.193794250000053, 23.625413895000122 ], [ 90.197639465000179, 23.626791000000139 ], [ 90.206726075000063, 23.624605179000184 ], [ 90.228988648000097, 23.623447418000069 ], [ 90.234611512000129, 23.620492935000129 ], [ 90.226196290000132, 23.613550186000055 ], [ 90.224899292000146, 23.60619163400014 ], [ 90.225936890000185, 23.601432801000101 ], [ 90.22160339300018, 23.595973968000067 ], [ 90.208770751000145, 23.589159011000106 ], [ 90.206130982000104, 23.57980728300015 ], [ 90.205673218000072, 23.568944931000033 ] ] ] } },
{ "type": "Feature", "properties": { "GID_4": "BGD.3.1.29.7_1", "NAME_2": "Dhaka", "NAME_3": "Nawabganj", "NAME_4": "Galimpur" }, "geometry": { "type": "Polygon", "coordinates": [ [ [ 90.176033020000091, 23.606124878000116 ], [ 90.173393249000071, 23.605649949000167 ], [ 90.170211792000032, 23.608087540000156 ], [ 90.168128967000087, 23.615798950000112 ], [ 90.16889953600014, 23.618732452000188 ], [ 90.164688110000043, 23.619682312000066 ], [ 90.164123534000055, 23.621686935000128 ], [ 90.167747497000107, 23.622907640000165 ], [ 90.167747497000107, 23.625511169000163 ], [ 90.16920471200018, 23.623355866000111 ], [ 90.173553466000101, 23.623819352000112 ], [ 90.175186157000098, 23.627508163000016 ], [ 90.180778504000159, 23.630376815000091 ], [ 90.183563232000154, 23.630073548000098 ], [ 90.183456420000198, 23.634250641000108 ], [ 90.188377381000123, 23.634990691000098 ], [ 90.184890747000168, 23.647094726000148 ], [ 90.197242736000135, 23.651222229000155 ], [ 90.201293946000135, 23.650260926000101 ], [ 90.205596925000066, 23.651317596000126 ], [ 90.203689575000169, 23.648546219000082 ], [ 90.209480285000041, 23.640176774000111 ], [ 90.210494995000147, 23.635145187999967 ], [ 90.206245423000098, 23.62478256300011 ], [ 90.198188783000148, 23.626819611000087 ], [ 90.194084168000074, 23.625621797000122 ], [ 90.191467284999987, 23.621791840000185 ], [ 90.186210632000041, 23.620235442000023 ], [ 90.182823180000071, 23.614185334000183 ], [ 90.174598695000157, 23.612007142000095 ], [ 90.176033020000091, 23.606124878000116 ] ] ] } },
{ "type": "Feature", "properties": { "GID_4": "BGD.3.1.29.8_1", "NAME_2": "Dhaka", "NAME_3": "Nawabganj", "NAME_4": "Jantrail" }, "geometry": { "type": "Polygon", "coordinates": [ [ [ 90.151687621000065, 23.668039322000084 ], [ 90.134956360000103, 23.660179139000149 ], [ 90.129028320000032, 23.66086959900008 ], [ 90.12725830100004, 23.668577195000125 ], [ 90.128570556, 23.669427872000085 ], [ 90.128776550000168, 23.67451858600009 ], [ 90.126556396000183, 23.674430847000053 ], [ 90.123756408000133, 23.678548812000145 ], [ 90.125267028000053, 23.679710389000036 ], [ 90.124977112000067, 23.686166764000177 ], [ 90.12221527000014, 23.688264847000141 ], [ 90.120689391000099, 23.693223953000143 ], [ 90.11573028600003, 23.695672990000162 ], [ 90.124572753000109, 23.696455001000118 ], [ 90.128219604000094, 23.700996399000189 ], [ 90.126296997000111, 23.702161789000172 ], [ 90.129188537000061, 23.703899383000021 ], [ 90.14260101300016, 23.704748155000118 ], [ 90.146102905000191, 23.700798035000105 ], [ 90.157363892000092, 23.698671340000089 ], [ 90.164451599000074, 23.688846588000047 ], [ 90.174041749000082, 23.689279557000077 ], [ 90.175354003000109, 23.686256409000066 ], [ 90.17275238100018, 23.68012619100017 ], [ 90.175682068000185, 23.676527023000119 ], [ 90.171218872, 23.674535752000111 ], [ 90.169296264000081, 23.669471742000155 ], [ 90.168128967000087, 23.659564973000158 ], [ 90.170036316000051, 23.654600143000039 ], [ 90.164245605000076, 23.65600204600014 ], [ 90.162094116000162, 23.662832261000119 ], [ 90.156784058000085, 23.667413713000144 ], [ 90.151687621000065, 23.668039322000084 ] ] ] } },
{ "type": "Feature", "properties": { "GID_4": "BGD.3.1.29.9_1", "NAME_2": "Dhaka", "NAME_3": "Nawabganj", "NAME_4": "Joykrishnapur" }, "geometry": { "type": "Polygon", "coordinates": [ [ [ 90.052810668, 23.658788681000033 ], [ 90.045913697, 23.659164429000043 ], [ 90.044532775000164, 23.652580261000082 ], [ 90.042022705000136, 23.650104522000163 ], [ 90.039482116000158, 23.657094955000048 ], [ 90.035789490000184, 23.656501768999988 ], [ 90.035591126000099, 23.657943727000145 ], [ 90.032455444000163, 23.658145904000037 ], [ 90.032386781000071, 23.66126442000018 ], [ 90.029205322, 23.666257859000041 ], [ 90.027328491000048, 23.664392471000099 ], [ 90.024414062000062, 23.664323808000177 ], [ 90.023017884000183, 23.668493271000102 ], [ 90.020538331000125, 23.665245056000174 ], [ 90.018218994000165, 23.670589447000168 ], [ 90.022224427000197, 23.674247741000158 ], [ 90.026184083000032, 23.671743393000042 ], [ 90.03053283700018, 23.676399231000175 ], [ 90.030731201000037, 23.680553436000082 ], [ 90.034690857000101, 23.681154252000056 ], [ 90.035148620000086, 23.683397294000031 ], [ 90.036216736000142, 23.681953430000078 ], [ 90.037101745000086, 23.682722093 ], [ 90.037910462000127, 23.684936524000022 ], [ 90.034736634000069, 23.686948776000065 ], [ 90.038307191, 23.690320969000084 ], [ 90.036666868999987, 23.695262908000188 ], [ 90.042587281000124, 23.694366456000068 ], [ 90.039932252000085, 23.695810319000088 ], [ 90.039855956000167, 23.698989868000183 ], [ 90.036743165000132, 23.700317382000037 ], [ 90.040138244000104, 23.701023103000068 ], [ 90.040618897000172, 23.705825806000178 ], [ 90.043067932000042, 23.707126619000064 ], [ 90.042304993000016, 23.713012695000032 ], [ 90.045303344000047, 23.71136284 ], [ 90.055877686000144, 23.712694167000109 ], [ 90.062126160000048, 23.70445442100015 ], [ 90.072128296000187, 23.698690414000055 ], [ 90.074966431000064, 23.694866182000055 ], [ 90.068496703000164, 23.694210053000177 ], [ 90.065498352000134, 23.689418794000176 ], [ 90.054367066, 23.68775749100007 ], [ 90.054252625000061, 23.685331345000066 ], [ 90.059730530000081, 23.683780670000147 ], [ 90.060668946000078, 23.678144456000098 ], [ 90.060157775000164, 23.673563004000073 ], [ 90.058197021000069, 23.673450471000081 ], [ 90.055351256999984, 23.670053482000128 ], [ 90.052116393000063, 23.670207977000018 ], [ 90.052833557000042, 23.665908815000137 ], [ 90.051933288999976, 23.663341522000053 ], [ 90.050209046000077, 23.663347245000125 ], [ 90.051200867000148, 23.660146713000131 ], [ 90.053375244, 23.660385131000169 ], [ 90.052810668, 23.658788681000033 ] ] ] } },
{ "type": "Feature", "properties": { "GID_4": "BGD.3.1.29.10_1", "NAME_2": "Dhaka", "NAME_3": "Nawabganj", "NAME_4": "Kailail" }, "geometry": { "type": "Polygon", "coordinates": [ [ [ 90.255546570000149, 23.71513175900003 ], [ 90.272872925000115, 23.693212509000091 ], [ 90.279441833000078, 23.680072784000117 ], [ 90.286132812000119, 23.673889161000147 ], [ 90.273506165000128, 23.66241073600014 ], [ 90.26832580700011, 23.653139114000055 ], [ 90.262908936000031, 23.656223298000157 ], [ 90.253952026000036, 23.653669357000126 ], [ 90.250099183000032, 23.654766083000084 ], [ 90.24842834500015, 23.651821137000127 ], [ 90.2394332880001, 23.655017852000071 ], [ 90.235702515000071, 23.658412934000125 ], [ 90.232467652000196, 23.658321382 ], [ 90.232330323000099, 23.663019180000049 ], [ 90.228652955000143, 23.665140152000049 ], [ 90.223381043000188, 23.662233353000147 ], [ 90.216262817000086, 23.665725709000071 ], [ 90.213592530000199, 23.669672014000184 ], [ 90.214004516000045, 23.673809052000024 ], [ 90.206192018000195, 23.677679062000095 ], [ 90.218925477000141, 23.679119111000148 ], [ 90.219444274000182, 23.685445786000059 ], [ 90.21765136700003, 23.687877655000079 ], [ 90.21369171200007, 23.689155579000158 ], [ 90.216583252000021, 23.691530228000033 ], [ 90.217002869000055, 23.694349290000048 ], [ 90.219062806000011, 23.69498443700013 ], [ 90.216262817000086, 23.695350647000055 ], [ 90.221160888999975, 23.701162339000064 ], [ 90.223846435000155, 23.709527969000192 ], [ 90.236030578999987, 23.713249206000114 ], [ 90.236732484000072, 23.715669632000186 ], [ 90.255546570000149, 23.71513175900003 ] ] ] } },
{ "type": "Feature", "properties": { "GID_4": "BGD.3.1.29.11_1", "NAME_2": "Dhaka", "NAME_3": "Nawabganj", "NAME_4": "Kalakopa" }, "geometry": { "type": "Polygon", "coordinates": [ [ [ 90.156135560000109, 23.629148483000051 ], [ 90.149940492000155, 23.629995347000147 ], [ 90.1453475940001, 23.633745193000038 ], [ 90.146636962000059, 23.636447907000047 ], [ 90.149223328000176, 23.636396409000042 ], [ 90.14730834900007, 23.63876533500013 ], [ 90.143875123000043, 23.636434556000097 ], [ 90.143768309999984, 23.638210297 ], [ 90.139450073000035, 23.640356065000105 ], [ 90.146041869000101, 23.640804291000052 ], [ 90.144081115000063, 23.645048142000121 ], [ 90.145248412000058, 23.645990372000085 ], [ 90.144226074000017, 23.649108888000171 ], [ 90.140861511000082, 23.654739379000034 ], [ 90.144340515000181, 23.65504646300019 ], [ 90.145683288000157, 23.657430650000038 ], [ 90.147628784, 23.653814316000137 ], [ 90.149452209000174, 23.653373718000068 ], [ 90.1453475940001, 23.664262773000189 ], [ 90.152046203000054, 23.66809845 ], [ 90.158157349000135, 23.666782379000097 ], [ 90.161911010000097, 23.663108825999984 ], [ 90.165367127000195, 23.649715424000078 ], [ 90.15602874700005, 23.648509980000028 ], [ 90.155380249000018, 23.643501281999988 ], [ 90.158554078000179, 23.639913559000092 ], [ 90.159942628000124, 23.640281677000189 ], [ 90.15760040300006, 23.638061523000147 ], [ 90.160171509000179, 23.634738922000111 ], [ 90.15626525800019, 23.633344651000129 ], [ 90.156135560000109, 23.629148483000051 ] ] ] } },
{ "type": "Feature", "properties": { "GID_4": "BGD.3.1.29.12_1", "NAME_2": "Dhaka", "NAME_3": "Nawabganj", "NAME_4": "Nayansree" }, "geometry": { "type": "Polygon", "coordinates": [ [ [ 90.128181457000039, 23.661880494000172 ], [ 90.124038696000014, 23.66821670600001 ], [ 90.119728089000148, 23.670352936000029 ], [ 90.117149353000116, 23.669797897000024 ], [ 90.112693787000069, 23.663204193000183 ], [ 90.109817504000034, 23.661458969000023 ], [ 90.10456085300001, 23.6659259810001 ], [ 90.096046449000028, 23.665447236000034 ], [ 90.091140747000054, 23.669641495000064 ], [ 90.090888977000191, 23.675529481000183 ], [ 90.102088927000125, 23.68972396800018 ], [ 90.10021209700011, 23.691116334000071 ], [ 90.097816467000143, 23.689479827000127 ], [ 90.094856263000167, 23.69638443000008 ], [ 90.088813782000159, 23.69678878700006 ], [ 90.088691712000184, 23.699140550000038 ], [ 90.086921692000089, 23.70025634700005 ], [ 90.087310792000153, 23.703168868999967 ], [ 90.085174560000155, 23.703584671000101 ], [ 90.084663391000049, 23.702310563000026 ], [ 90.083251952000069, 23.704368592000037 ], [ 90.084495544999982, 23.709997177999981 ], [ 90.081459045000145, 23.709882736000111 ], [ 90.080505371000072, 23.71446800300015 ], [ 90.081825255000069, 23.725465776000192 ], [ 90.084495544999982, 23.72950363200016 ], [ 90.100440980000144, 23.730112076000069 ], [ 90.107826233000196, 23.728286743000069 ], [ 90.104759217000094, 23.727073669000106 ], [ 90.105171204000158, 23.718832017000125 ], [ 90.112525939000022, 23.716964722000057 ], [ 90.116149903000064, 23.718801498000175 ], [ 90.123962402000132, 23.71101379400011 ], [ 90.126113891000045, 23.704887391000057 ], [ 90.129066467000087, 23.703767777000166 ], [ 90.126296997000111, 23.702161789000172 ], [ 90.128219604000094, 23.700996399000189 ], [ 90.124572753000109, 23.696455001000118 ], [ 90.115570069, 23.695125579000091 ], [ 90.12051391600005, 23.693395615000099 ], [ 90.12221527000014, 23.688264847000141 ], [ 90.124977112000067, 23.686166764000177 ], [ 90.124107361000142, 23.67714118900011 ], [ 90.125885010000047, 23.67715835700011 ], [ 90.126708984000174, 23.674343110000166 ], [ 90.128776550000168, 23.67451858600009 ], [ 90.128570556, 23.669427872000085 ], [ 90.12725830100004, 23.66889763000006 ], [ 90.128181457000039, 23.661880494000172 ] ] ] } },
{ "type": "Feature", "properties": { "GID_4": "BGD.3.1.29.13_1", "NAME_2": "Dhaka", "NAME_3": "Nawabganj", "NAME_4": "Shikari Para" }, "geometry": { "type": "Polygon", "coordinates": [ [ [ 90.097816467000143, 23.689479827000127 ], [ 90.093452453000168, 23.684801103000098 ], [ 90.074218751000046, 23.677099229000191 ], [ 90.069740296000134, 23.677553177999982 ], [ 90.06797027600004, 23.680494308000164 ], [ 90.068908692000093, 23.687120439000125 ], [ 90.077407838000056, 23.688129426000046 ], [ 90.080108642000198, 23.691253663000168 ], [ 90.076263427000129, 23.693372727000167 ], [ 90.072128296000187, 23.698690414000055 ], [ 90.062652587000173, 23.703977584000029 ], [ 90.056213380000031, 23.712459563999971 ], [ 90.050529481000183, 23.712425232000157 ], [ 90.052703858000086, 23.718725205000169 ], [ 90.051284789000135, 23.725761414000146 ], [ 90.055976869000062, 23.727239609000151 ], [ 90.058792113000152, 23.725013732000093 ], [ 90.064338683000017, 23.725214004000122 ], [ 90.069313049000016, 23.726854326000137 ], [ 90.069366456000125, 23.72433090300018 ], [ 90.074859619000108, 23.722757339000168 ], [ 90.075874329000044, 23.718660354 ], [ 90.079010010000104, 23.719665527000132 ], [ 90.079605103, 23.717227937000075 ], [ 90.08106994700006, 23.717020035000132 ], [ 90.081459045000145, 23.709882736000111 ], [ 90.084495544999982, 23.709997177999981 ], [ 90.083625794000056, 23.703689575000112 ], [ 90.084663391000049, 23.702310563000026 ], [ 90.085174560000155, 23.703584671000101 ], [ 90.087310792000153, 23.703168868999967 ], [ 90.086921692000089, 23.70025634700005 ], [ 90.088691712000184, 23.699140550000038 ], [ 90.088813782000159, 23.69678878700006 ], [ 90.094856263000167, 23.69638443000008 ], [ 90.097816467000143, 23.689479827000127 ] ] ] } },
{ "type": "Feature", "properties": { "GID_4": "BGD.3.1.29.14_1", "NAME_2": "Dhaka", "NAME_3": "Nawabganj", "NAME_4": "Sholla" }, "geometry": { "type": "Polygon", "coordinates": [ [ [ 90.214714050000111, 23.688051225000038 ], [ 90.206336975000056, 23.686050416000171 ], [ 90.198043823000035, 23.690351486000054 ], [ 90.188293457000157, 23.688653946000102 ], [ 90.187446594000164, 23.691247940000153 ], [ 90.185752868000179, 23.686138153000059 ], [ 90.178840636000018, 23.685098649 ], [ 90.17549896200012, 23.686059952000051 ], [ 90.172332763999975, 23.69008636500007 ], [ 90.164741516, 23.688728332000039 ], [ 90.156845093000072, 23.698999405000166 ], [ 90.153442383000083, 23.698442459000091 ], [ 90.149116516000049, 23.700998307000191 ], [ 90.146102905000191, 23.700798035000105 ], [ 90.14260101300016, 23.704748155000118 ], [ 90.129066467000087, 23.703767777000166 ], [ 90.126113891000045, 23.704887391000057 ], [ 90.120506287000069, 23.715837479000129 ], [ 90.116218567000033, 23.718591691000142 ], [ 90.117584228000169, 23.721027375000062 ], [ 90.116744994000157, 23.724916458000052 ], [ 90.12100982600009, 23.726179124000055 ], [ 90.123825073000035, 23.734560012000031 ], [ 90.129577638000058, 23.734844208000084 ], [ 90.1373214730001, 23.746112823000146 ], [ 90.142349244000172, 23.745759964000172 ], [ 90.145683288000157, 23.748155594000139 ], [ 90.148910523000097, 23.746429443000011 ], [ 90.155166627000142, 23.747428895000098 ], [ 90.158782959, 23.738447189 ], [ 90.155624391000174, 23.73321914700017 ], [ 90.159690856000111, 23.72563743600017 ], [ 90.169570922000105, 23.727212905000044 ], [ 90.176391600999978, 23.726253510000163 ], [ 90.182823180000071, 23.72197342000004 ], [ 90.185768128000177, 23.722322464000172 ], [ 90.188400269000113, 23.7165622710001 ], [ 90.191169739000088, 23.722423553000112 ], [ 90.198013305000188, 23.723514557000101 ], [ 90.202934265000067, 23.722391129000073 ], [ 90.203636170000095, 23.72533226000013 ], [ 90.205314637000185, 23.726057052999977 ], [ 90.210235595000199, 23.723384858000145 ], [ 90.215515137000068, 23.714199066000049 ], [ 90.219696045000092, 23.710603714000115 ], [ 90.223846435000155, 23.709527969000192 ], [ 90.221160888999975, 23.701162339000064 ], [ 90.216293336000035, 23.695451737000099 ], [ 90.219093322000049, 23.695114136000143 ], [ 90.2138519290001, 23.689617158000033 ], [ 90.214714050000111, 23.688051225000038 ] ] ] } },
{ "type": "Feature", "properties": { "GID_4": "BGD.3.1.30.1_1", "NAME_2": "Dhaka", "NAME_3": "New Market", "NAME_4": "Ward No-52" }, "geometry": { "type": "Polygon", "coordinates": [ [ [ 90.370216369, 23.732599258000107 ], [ 90.370887756000059, 23.736375809000037 ], [ 90.383529663000047, 23.738471985000103 ], [ 90.383689880000077, 23.741502762000152 ], [ 90.391845703000115, 23.741680146000078 ], [ 90.387092590000066, 23.732637407000027 ], [ 90.382080077000182, 23.732242584000119 ], [ 90.376304627000138, 23.729341507000129 ], [ 90.370216369, 23.732599258000107 ] ] ] } },
{ "type": "Feature", "properties": { "GID_4": "BGD.3.1.31.1_1", "NAME_2": "Dhaka", "NAME_3": "Pallabi", "NAME_4": "Ward No-02" }, "geometry": { "type": "Polygon", "coordinates": [ [ [ 90.377647400000171, 23.822866439999984 ], [ 90.364952087000177, 23.820287704000179 ], [ 90.363235474000192, 23.833166123000183 ], [ 90.360801698000046, 23.834043503000089 ], [ 90.361351013000103, 23.843362808000165 ], [ 90.362968444000103, 23.844808578000084 ], [ 90.365829468000015, 23.844371795000086 ], [ 90.367042542000036, 23.836347579000176 ], [ 90.377601622999975, 23.829774856000142 ], [ 90.377647400000171, 23.822866439999984 ] ] ] } },
{ "type": "Feature", "properties": { "GID_4": "BGD.3.1.31.2_1", "NAME_2": "Dhaka", "NAME_3": "Pallabi", "NAME_4": "Ward No-03" }, "geometry": { "type": "Polygon", "coordinates": [ [ [ 90.377655030000085, 23.811386109000182 ], [ 90.374588014000153, 23.806167602000187 ], [ 90.368545533000145, 23.807117462000065 ], [ 90.366958619000116, 23.812929154000074 ], [ 90.370124817000089, 23.813411712 ], [ 90.369293213, 23.816364288000045 ], [ 90.377426147000051, 23.817989349000129 ], [ 90.376609803000179, 23.812187195000035 ], [ 90.377655030000085, 23.811386109000182 ] ] ] } },
{ "type": "Feature", "properties": { "GID_4": "BGD.3.1.31.3_1", "NAME_2": "Dhaka", "NAME_3": "Pallabi", "NAME_4": "Ward No-05" }, "geometry": { "type": "Polygon", "coordinates": [ [ [ 90.38286590600012, 23.820837022000148 ], [ 90.382987975000162, 23.811748504000093 ], [ 90.377655030000085, 23.811386109000182 ], [ 90.376609803000179, 23.812187195000035 ], [ 90.377426147000051, 23.817989349000129 ], [ 90.369293213, 23.816364288000045 ], [ 90.370124817000089, 23.813411712 ], [ 90.366958619000116, 23.812929154000074 ], [ 90.364952087000177, 23.820287704000179 ], [ 90.380050660000052, 23.823522568000101 ], [ 90.38286590600012, 23.820837022000148 ] ] ] } },
{ "type": "Feature", "properties": { "GID_4": "BGD.3.1.31.4_1", "NAME_2": "Dhaka", "NAME_3": "Pallabi", "NAME_4": "Ward No-06" }, "geometry": { "type": "Polygon", "coordinates": [ [ [ 90.367637633000186, 23.810468674000049 ], [ 90.360984802000132, 23.810287476000155 ], [ 90.354507446000071, 23.806985855999983 ], [ 90.352958680000199, 23.811014175000139 ], [ 90.356704711000077, 23.811939240000072 ], [ 90.356109620000154, 23.814403533000132 ], [ 90.352973938000048, 23.813814163000188 ], [ 90.352676392000092, 23.816955566000161 ], [ 90.351249695000092, 23.817623139000034 ], [ 90.352668762000178, 23.820665359000031 ], [ 90.351318359000118, 23.820991517000039 ], [ 90.350860597000064, 23.826560975000064 ], [ 90.354499817000089, 23.829156875000081 ], [ 90.356018066000047, 23.84321785100019 ], [ 90.353286743000069, 23.845403670999985 ], [ 90.357192994000059, 23.848314285000129 ], [ 90.363189697, 23.848606111000151 ], [ 90.364105225000117, 23.846857070999988 ], [ 90.361351013000103, 23.843362808000165 ], [ 90.360801698000046, 23.834043503000089 ], [ 90.363235474000192, 23.833166123000183 ], [ 90.367637633000186, 23.810468674000049 ] ] ] } },
{ "type": "Feature", "properties": { "GID_4": "BGD.3.1.31.5_1", "NAME_2": "Dhaka", "NAME_3": "Pallabi", "NAME_4": "Ward No-15 (part)" }, "geometry": { "type": "Polygon", "coordinates": [ [ [ 90.387245179000161, 23.841722488000187 ], [ 90.388931274000129, 23.832077026000036 ], [ 90.393478394000113, 23.826927185000159 ], [ 90.38286590600012, 23.820837022000148 ], [ 90.382133485000168, 23.822748184000147 ], [ 90.3837738040001, 23.825925827999981 ], [ 90.381439210000167, 23.836326598000085 ], [ 90.384140014000195, 23.842823030000091 ], [ 90.387245179000161, 23.841722488000187 ] ] ] } },
{ "type": "Feature", "properties": { "GID_4": "BGD.3.1.32.1_1", "NAME_2": "Dhaka", "NAME_3": "Paltan", "NAME_4": "Ward No-36" }, "geometry": { "type": "Polygon", "coordinates": [ [ [ 90.419876098000088, 23.739946367000073 ], [ 90.415199279000092, 23.732221605000063 ], [ 90.413902283000084, 23.722618103 ], [ 90.411911002000068, 23.722991943000068 ], [ 90.410369872999979, 23.737228394000169 ], [ 90.40877533000014, 23.737506867000036 ], [ 90.414268493000179, 23.744163514000036 ], [ 90.419876098000088, 23.739946367000073 ] ] ] } },
{ "type": "Feature", "properties": { "GID_4": "BGD.3.1.33.1_1", "NAME_2": "Dhaka", "NAME_3": "Ramna", "NAME_4": "Ward No-53" }, "geometry": { "type": "Polygon", "coordinates": [ [ [ 90.413002014000085, 23.750003815000184 ], [ 90.41249084500015, 23.745563507000156 ], [ 90.414268493000179, 23.744163514000036 ], [ 90.40877533000014, 23.737506867000036 ], [ 90.410316468000133, 23.736249924000049 ], [ 90.404235840000069, 23.736616136000123 ], [ 90.398551942000154, 23.742136002000166 ], [ 90.395996094000054, 23.741479874000049 ], [ 90.395164490000184, 23.744421006000039 ], [ 90.396385193000185, 23.746377946000109 ], [ 90.413002014000085, 23.750003815000184 ] ] ] } },
{ "type": "Feature", "properties": { "GID_4": "BGD.3.1.33.2_1", "NAME_2": "Dhaka", "NAME_3": "Ramna", "NAME_4": "Ward No-54" }, "geometry": { "type": "Polygon", "coordinates": [ [ [ 90.411430358000075, 23.750070571000037 ], [ 90.409934998000153, 23.748407363000069 ], [ 90.405624390000185, 23.749250413000027 ], [ 90.394676208000135, 23.745904923000126 ], [ 90.394126892000145, 23.747611999000185 ], [ 90.405998230000023, 23.758440017999988 ], [ 90.407760621000136, 23.752857209000183 ], [ 90.411430358000075, 23.750070571000037 ] ] ] } },
{ "type": "Feature", "properties": { "GID_4": "BGD.3.1.33.3_1", "NAME_2": "Dhaka", "NAME_3": "Ramna", "NAME_4": "Ward No-55" }, "geometry": { "type": "Polygon", "coordinates": [ [ [ 90.413002014000085, 23.750003815000184 ], [ 90.409645081000065, 23.750286102000189 ], [ 90.407691955000132, 23.752979280000091 ], [ 90.405998230000023, 23.758440017999988 ], [ 90.409011842000155, 23.761133195000184 ], [ 90.416358948000038, 23.755901337000182 ], [ 90.413002014000085, 23.750003815000184 ] ] ] } },
{ "type": "Feature", "properties": { "GID_4": "BGD.3.1.34.1_1", "NAME_2": "Dhaka", "NAME_3": "Rampura", "NAME_4": "Ward No-22" }, "geometry": { "type": "Polygon", "coordinates": [ [ [ 90.42472839300018, 23.768404008 ], [ 90.433746338000162, 23.763757705000103 ], [ 90.432334900000114, 23.760133743000097 ], [ 90.42932891900017, 23.760971070000153 ], [ 90.424674988000106, 23.756515503 ], [ 90.41967010400009, 23.759162902000128 ], [ 90.416358948000038, 23.755901337000182 ], [ 90.409011842000155, 23.761133195000184 ], [ 90.415367127000138, 23.767652512000041 ], [ 90.415206910000109, 23.770257950000143 ], [ 90.42472839300018, 23.768404008 ] ] ] } },
{ "type": "Feature", "properties": { "GID_4": "BGD.3.1.34.2_1", "NAME_2": "Dhaka", "NAME_3": "Rampura", "NAME_4": "Ward No-23" }, "geometry": { "type": "Polygon", "coordinates": [ [ [ 90.42668914800015, 23.757627488000082 ], [ 90.424972535000109, 23.750707626000064 ], [ 90.418235779000156, 23.752397538000082 ], [ 90.4160079950002, 23.749485016000165 ], [ 90.413002014000085, 23.750003815000184 ], [ 90.417831420000198, 23.758647918000179 ], [ 90.41967010400009, 23.759162902000128 ], [ 90.424674988000106, 23.756515503 ], [ 90.42668914800015, 23.757627488000082 ] ] ] } },
{ "type": "Feature", "properties": { "GID_4": "BGD.3.1.35.1_1", "NAME_2": "Dhaka", "NAME_3": "Sabujbagh", "NAME_4": "Dakshingaon (Part)" }, "geometry": { "type": "Polygon", "coordinates": [ [ [ 90.460182190000069, 23.742731095000067 ], [ 90.459999084, 23.740594865000105 ], [ 90.464103698000031, 23.73845481900014 ], [ 90.46434784000013, 23.73478698800011 ], [ 90.449508667000089, 23.730627060000188 ], [ 90.448120117000087, 23.733226777000084 ], [ 90.443481444999975, 23.734395982000137 ], [ 90.443260192000082, 23.738395692000097 ], [ 90.446807861000082, 23.741163254000128 ], [ 90.444435119000048, 23.741920472000061 ], [ 90.443099976000155, 23.744503021000128 ], [ 90.448234557000148, 23.74423408500013 ], [ 90.457122804000051, 23.740793229000133 ], [ 90.460182190000069, 23.742731095000067 ] ] ] } },
{ "type": "Feature", "properties": { "GID_4": "BGD.3.1.35.2_1", "NAME_2": "Dhaka", "NAME_3": "Sabujbagh", "NAME_4": "Manda" }, "geometry": { "type": "Polygon", "coordinates": [ [ [ 90.449592591000055, 23.730651856000122 ], [ 90.446723939000037, 23.728597640000146 ], [ 90.4466323850001, 23.72585868900012 ], [ 90.448127747, 23.724632264000149 ], [ 90.446830749000185, 23.723279953000088 ], [ 90.439590455000086, 23.722764969000082 ], [ 90.438331603000051, 23.724842072000115 ], [ 90.434616089000087, 23.726142882999966 ], [ 90.437843323000152, 23.735788345000117 ], [ 90.438995362000185, 23.732704163 ], [ 90.443756103000169, 23.733327866000025 ], [ 90.443595887000072, 23.734388351000121 ], [ 90.448120117000087, 23.733226777000084 ], [ 90.449592591000055, 23.730651856000122 ] ] ] } },
{ "type": "Feature", "properties": { "GID_4": "BGD.3.1.35.3_1", "NAME_2": "Dhaka", "NAME_3": "Sabujbagh", "NAME_4": "Ward No-27" }, "geometry": { "type": "Polygon", "coordinates": [ [ [ 90.441902161000087, 23.747018813000125 ], [ 90.44152069, 23.745422362999989 ], [ 90.444297790000121, 23.742382051000163 ], [ 90.441917419000106, 23.742355347000114 ], [ 90.43958282400007, 23.738241197000036 ], [ 90.435554505000141, 23.739152909000154 ], [ 90.434890747000111, 23.740837098000156 ], [ 90.431427002000135, 23.737503052000136 ], [ 90.426887512000064, 23.740606308000054 ], [ 90.426620484000125, 23.743982316000142 ], [ 90.433807374000082, 23.745716095000148 ], [ 90.434249877000184, 23.742841720000115 ], [ 90.441902161000087, 23.747018813000125 ] ] ] } },
{ "type": "Feature", "properties": { "GID_4": "BGD.3.1.35.4_1", "NAME_2": "Dhaka", "NAME_3": "Sabujbagh", "NAME_4": "Ward No-28" }, "geometry": { "type": "Polygon", "coordinates": [ [ [ 90.428474426000093, 23.732490540000185 ], [ 90.42839066900018, 23.738588374000074 ], [ 90.431427002000135, 23.737503052000136 ], [ 90.434890747000111, 23.740837098000156 ], [ 90.435554505000141, 23.739152909000154 ], [ 90.43958282400007, 23.738241197000036 ], [ 90.441917419000106, 23.742355347000114 ], [ 90.446807861000082, 23.741163254000128 ], [ 90.443260192000082, 23.738395692000097 ], [ 90.443756103000169, 23.733327866000025 ], [ 90.438995362000185, 23.732704163 ], [ 90.437843323000152, 23.735788345000117 ], [ 90.436981200000105, 23.734422683000105 ], [ 90.428474426000093, 23.732490540000185 ] ] ] } },
{ "type": "Feature", "properties": { "GID_4": "BGD.3.1.35.5_1", "NAME_2": "Dhaka", "NAME_3": "Sabujbagh", "NAME_4": "Ward No-29" }, "geometry": { "type": "Polygon", "coordinates": [ [ [ 90.428710998000099, 23.725210144000187 ], [ 90.428474426000093, 23.732490540000185 ], [ 90.437248230000193, 23.734531403000062 ], [ 90.434623719, 23.725440980000087 ], [ 90.428710998000099, 23.725210144000187 ] ] ] } },
{ "type": "Feature", "properties": { "GID_4": "BGD.3.1.35.6_1", "NAME_2": "Dhaka", "NAME_3": "Sabujbagh", "NAME_4": "Ward No-30" }, "geometry": { "type": "Polygon", "coordinates": [ [ [ 90.439537047000101, 23.722837448000121 ], [ 90.431724549000137, 23.722457885000097 ], [ 90.431221008000136, 23.71966743400003 ], [ 90.428398133000087, 23.71988487200008 ], [ 90.428710998000099, 23.725210144000187 ], [ 90.434616089000087, 23.726142882999966 ], [ 90.439537047000101, 23.722837448000121 ] ] ] } },
{ "type": "Feature", "properties": { "GID_4": "BGD.3.1.36.1_1", "NAME_2": "Dhaka", "NAME_3": "Savar", "NAME_4": "Amin Bazar" }, "geometry": { "type": "Polygon", "coordinates": [ [ [ 90.342308044000049, 23.772054672000081 ], [ 90.34416198800011, 23.768590927000105 ], [ 90.340507506999984, 23.766016006000143 ], [ 90.336807251000096, 23.759241104000012 ], [ 90.330688477000081, 23.75261688300003 ], [ 90.33015441900011, 23.754459382000164 ], [ 90.325492858000189, 23.756380082000078 ], [ 90.322746277000192, 23.760808945000178 ], [ 90.324096680000082, 23.765249252000103 ], [ 90.320869446000074, 23.766273498000146 ], [ 90.317741395000155, 23.772907257000043 ], [ 90.314704895000091, 23.775646210000104 ], [ 90.316017151000153, 23.776161194000053 ], [ 90.310890199000141, 23.78052330100013 ], [ 90.310768128000063, 23.786659241000109 ], [ 90.313598633000026, 23.787000657000135 ], [ 90.315399170000092, 23.789592743000185 ], [ 90.316528321000135, 23.786739349000186 ], [ 90.318855285000154, 23.7860946670001 ], [ 90.319282532000045, 23.788730623000106 ], [ 90.322021485000107, 23.791048051000189 ], [ 90.3280944830002, 23.78940773000005 ], [ 90.331665040000132, 23.791032791000134 ], [ 90.335723877000135, 23.78779602100019 ], [ 90.335502625000174, 23.782543183000087 ], [ 90.338035583000135, 23.779314041000077 ], [ 90.334609984999986, 23.774732589000052 ], [ 90.342308044000049, 23.772054672000081 ] ] ] } },
{ "type": "Feature", "properties": { "GID_4": "BGD.3.1.36.2_1", "NAME_2": "Dhaka", "NAME_3": "Savar", "NAME_4": "Ashulia" }, "geometry": { "type": "Polygon", "coordinates": [ [ [ 90.352317810000102, 23.877964019000046 ], [ 90.350036621000129, 23.877410888000043 ], [ 90.350311279000096, 23.874818802000107 ], [ 90.345710755000141, 23.870927812000048 ], [ 90.343132019999985, 23.872983933000114 ], [ 90.344451904000152, 23.876361847000169 ], [ 90.343269349000082, 23.876928330000055 ], [ 90.340156555000078, 23.876817703000029 ], [ 90.336463927000125, 23.872531892000097 ], [ 90.334167480000076, 23.872335433000103 ], [ 90.33018493600008, 23.874391557000024 ], [ 90.329299927000136, 23.87733841000005 ], [ 90.324371338000105, 23.877485275000026 ], [ 90.321296692000089, 23.879692078000119 ], [ 90.304733276000093, 23.877109527000016 ], [ 90.299911499000189, 23.878555297000105 ], [ 90.302291871000136, 23.871109008000133 ], [ 90.296180725000056, 23.870859146000043 ], [ 90.292068482000047, 23.878416061000166 ], [ 90.290184021000186, 23.887924194 ], [ 90.286674499000071, 23.887525560000086 ], [ 90.283439635000093, 23.890981674000045 ], [ 90.284751892000031, 23.893196106000119 ], [ 90.282623292000153, 23.894727707000072 ], [ 90.282157898000037, 23.901065827000139 ], [ 90.279273987000067, 23.902566910000075 ], [ 90.281120301000044, 23.905160904000127 ], [ 90.277244567000196, 23.907350541000028 ], [ 90.277099610000164, 23.912954331000037 ], [ 90.274948120000147, 23.913986207000164 ], [ 90.275154114000145, 23.915836334 ], [ 90.283943176000093, 23.920896531000096 ], [ 90.285522460000038, 23.927133561000119 ], [ 90.28881072900009, 23.927835464000054 ], [ 90.289741516000049, 23.925716400000056 ], [ 90.293701171000066, 23.926036834000058 ], [ 90.295074463000162, 23.927366257000187 ], [ 90.294891357000097, 23.931230545000176 ], [ 90.296936034999987, 23.931243896000126 ], [ 90.302734374000067, 23.915943146000188 ], [ 90.308151245000147, 23.90938949700012 ], [ 90.317947387000174, 23.905422211000143 ], [ 90.330772400000171, 23.90785026500015 ], [ 90.33337402300009, 23.902975083000172 ], [ 90.338539124000135, 23.906419755000115 ], [ 90.344772339000087, 23.90424347000004 ], [ 90.344734192000033, 23.901617050000027 ], [ 90.348495484000068, 23.896123885000179 ], [ 90.349822998000093, 23.883249282000122 ], [ 90.351875305000192, 23.881916047000175 ], [ 90.352317810000102, 23.877964019000046 ] ] ] } },
{ "type": "Feature", "properties": { "GID_4": "BGD.3.1.36.3_1", "NAME_2": "Dhaka", "NAME_3": "Savar", "NAME_4": "Banagram" }, "geometry": { "type": "Polygon", "coordinates": [ [ [ 90.289405822, 23.8431568150001 ], [ 90.290481568000189, 23.831977844000164 ], [ 90.288864137000019, 23.829065323000179 ], [ 90.291770935000045, 23.825172425000119 ], [ 90.294242859000121, 23.826051712000094 ], [ 90.294692993000069, 23.824142457000164 ], [ 90.297149658000194, 23.823575973000175 ], [ 90.298210145000098, 23.828882217000114 ], [ 90.301727295000148, 23.829961777000051 ], [ 90.304428101000155, 23.828763961000107 ], [ 90.30846405, 23.831935882000096 ], [ 90.312347412000179, 23.830188751000037 ], [ 90.316123962000177, 23.824720382000123 ], [ 90.320068359000118, 23.824111938000044 ], [ 90.31752777000014, 23.819349290000162 ], [ 90.322738647000108, 23.816699981000056 ], [ 90.31546783400006, 23.817342759000098 ], [ 90.317657471000132, 23.81042289700008 ], [ 90.3145904550002, 23.806695937000086 ], [ 90.309013366000158, 23.806917190000036 ], [ 90.308815002000131, 23.803016662000061 ], [ 90.304786683000145, 23.797954560000051 ], [ 90.304534911000076, 23.793581010000025 ], [ 90.293533326000102, 23.792474746000153 ], [ 90.287422179000089, 23.793699265000157 ], [ 90.285049438000158, 23.797571182000127 ], [ 90.286712646000126, 23.801357269000164 ], [ 90.284553527000071, 23.803552627000045 ], [ 90.278869629000155, 23.803405763000171 ], [ 90.277694701000144, 23.800792695000155 ], [ 90.272155761000135, 23.799377442000036 ], [ 90.270019531000116, 23.806833268000162 ], [ 90.27217102000003, 23.809848784999986 ], [ 90.26749420100009, 23.812854768000136 ], [ 90.26710510200013, 23.81503868100009 ], [ 90.26991271900016, 23.812797546000184 ], [ 90.274642945000039, 23.812219621000054 ], [ 90.274284363000049, 23.814563751000037 ], [ 90.276565553000125, 23.815635681000117 ], [ 90.27793884200014, 23.818796159000101 ], [ 90.27133941600016, 23.82179641700003 ], [ 90.272666930000071, 23.825014115000158 ], [ 90.269126892000088, 23.835765839000146 ], [ 90.272850036000079, 23.836112976000038 ], [ 90.271461486000135, 23.834857942000099 ], [ 90.27341461300017, 23.831033707000131 ], [ 90.275672913000164, 23.83509636000008 ], [ 90.289405822, 23.8431568150001 ] ] ] } },
{ "type": "Feature", "properties": { "GID_4": "BGD.3.1.36.4_1", "NAME_2": "Dhaka", "NAME_3": "Savar", "NAME_4": "Bhakurta" }, "geometry": { "type": "Polygon", "coordinates": [ [ [ 90.33786773800017, 23.750299454000071 ], [ 90.342079163, 23.748348236000083 ], [ 90.339370728000176, 23.744726181000146 ], [ 90.337409974000138, 23.746091842000055 ], [ 90.33359527500005, 23.742826462000096 ], [ 90.330856322000045, 23.744272232000128 ], [ 90.326576234000072, 23.742795945000125 ], [ 90.322753907000106, 23.743877411000085 ], [ 90.317070008000144, 23.748582839000051 ], [ 90.311683654000149, 23.757572175000064 ], [ 90.312774657000091, 23.771974563000128 ], [ 90.310829163000051, 23.77361488400004 ], [ 90.301139832000104, 23.773471833000031 ], [ 90.290809631000059, 23.770025254000075 ], [ 90.286315918000128, 23.749885560000109 ], [ 90.282066346000079, 23.751541138000107 ], [ 90.276977540000189, 23.746215821000135 ], [ 90.265792846000068, 23.744630814000175 ], [ 90.256980895000083, 23.751016618000051 ], [ 90.255905152000139, 23.764131545000112 ], [ 90.245262146000073, 23.777141572000176 ], [ 90.24835205100004, 23.779863357000067 ], [ 90.25047302300004, 23.775657655000032 ], [ 90.252983093000068, 23.776731491000078 ], [ 90.260978698000031, 23.773437501000046 ], [ 90.260894776000157, 23.780591964 ], [ 90.266052246000072, 23.782106400000089 ], [ 90.27151489400012, 23.790538788000049 ], [ 90.274284363000049, 23.790027619000114 ], [ 90.274993897000115, 23.787801742000056 ], [ 90.273323059000063, 23.787382127000058 ], [ 90.271041869000157, 23.782009125000116 ], [ 90.279159547000177, 23.775159837000047 ], [ 90.281433106000065, 23.776081085000101 ], [ 90.284202576000098, 23.774900437000099 ], [ 90.290351867000197, 23.77838516300011 ], [ 90.295547485000043, 23.777860641000075 ], [ 90.310890199000141, 23.78052330100013 ], [ 90.316017151000153, 23.776161194000053 ], [ 90.314704895000091, 23.775646210000104 ], [ 90.317741395000155, 23.772907257000043 ], [ 90.320869446000074, 23.766273498000146 ], [ 90.324096680000082, 23.765249252000103 ], [ 90.322784424000076, 23.760572433000164 ], [ 90.32598114100017, 23.755903244000081 ], [ 90.33015441900011, 23.754459382000164 ], [ 90.330101014000036, 23.749977112000181 ], [ 90.334434510000165, 23.749126434000175 ], [ 90.33786773800017, 23.750299454000071 ] ] ] } },
{ "type": "Feature", "properties": { "GID_4": "BGD.3.1.36.5_1", "NAME_2": "Dhaka", "NAME_3": "Savar", "NAME_4": "Biralia" }, "geometry": { "type": "Polygon", "coordinates": [ [ [ 90.296104431000117, 23.870988845000056 ], [ 90.302291871000136, 23.871109008000133 ], [ 90.299530029000039, 23.878458023000064 ], [ 90.304733276000093, 23.877109527000016 ], [ 90.321296692000089, 23.879692078000119 ], [ 90.324371338000105, 23.877485275000026 ], [ 90.329299927000136, 23.87733841000005 ], [ 90.33018493600008, 23.874391557000024 ], [ 90.334167480000076, 23.872335433000103 ], [ 90.336463927000125, 23.872531892000097 ], [ 90.340156555000078, 23.876817703000029 ], [ 90.34399414000012, 23.876722336000057 ], [ 90.343132019999985, 23.872983933000114 ], [ 90.345710755000141, 23.870927812000048 ], [ 90.350311279000096, 23.874818802000107 ], [ 90.350036621000129, 23.877410888000043 ], [ 90.352317810000102, 23.877964019000046 ], [ 90.356361390000188, 23.872087479000186 ], [ 90.353141784000059, 23.869312286000138 ], [ 90.353691102000028, 23.861415864000151 ], [ 90.350608825, 23.860258102000103 ], [ 90.348548889000085, 23.853389740000068 ], [ 90.342979430000184, 23.85387992800014 ], [ 90.337127686000031, 23.847917556000084 ], [ 90.341011048000041, 23.843389512000044 ], [ 90.337677002000191, 23.838655472000085 ], [ 90.337341308000134, 23.834203721000051 ], [ 90.330131531000177, 23.829624176000095 ], [ 90.325347901000157, 23.828725815000155 ], [ 90.32528686600017, 23.823648454000022 ], [ 90.31948089600013, 23.818416596000077 ], [ 90.317520142000035, 23.819585801000073 ], [ 90.320068359000118, 23.824111938000044 ], [ 90.316123962000177, 23.824720382000123 ], [ 90.312347412000179, 23.830188751000037 ], [ 90.30846405, 23.831935882000096 ], [ 90.304428101000155, 23.828763961000107 ], [ 90.301727295000148, 23.829961777000051 ], [ 90.298210145000098, 23.828882217000114 ], [ 90.297149658000194, 23.823575973000175 ], [ 90.294692993000069, 23.824142457000164 ], [ 90.294242859000121, 23.826051712000094 ], [ 90.291770935000045, 23.825172425000119 ], [ 90.288932800000111, 23.828859330000057 ], [ 90.290481568000189, 23.831977844000164 ], [ 90.289405822, 23.8431568150001 ], [ 90.292411803000107, 23.846246720000067 ], [ 90.290443421000134, 23.849510193000128 ], [ 90.2916183480001, 23.858982087000129 ], [ 90.286201477000191, 23.871292114000028 ], [ 90.289794923000159, 23.871458054000072 ], [ 90.294662476000099, 23.867151260000071 ], [ 90.296104431000117, 23.870988845000056 ] ] ] } },
{ "type": "Feature", "properties": { "GID_4": "BGD.3.1.36.6_1", "NAME_2": "Dhaka", "NAME_3": "Savar", "NAME_4": "Dhamsana" }, "geometry": { "type": "Polygon", "coordinates": [ [ [ 90.228210450000176, 23.931407929000102 ], [ 90.227981567000143, 23.934564591000026 ], [ 90.23173523000014, 23.936086655000167 ], [ 90.23054504400011, 23.943693162000102 ], [ 90.208709716000158, 23.958480835000159 ], [ 90.210227967000094, 23.96016311600016 ], [ 90.215011596000011, 23.960382461000108 ], [ 90.219833374000189, 23.958957672000111 ], [ 90.220123291000107, 23.963960649000057 ], [ 90.224510194000118, 23.964727402000165 ], [ 90.224433900000179, 23.967624665000187 ], [ 90.228240966000044, 23.969928741000047 ], [ 90.233451843000182, 23.969974518000186 ], [ 90.23327636700003, 23.966142654 ], [ 90.236381530000187, 23.965974808000169 ], [ 90.23715209900007, 23.96217346300017 ], [ 90.238815307000039, 23.961603166000145 ], [ 90.245994568000128, 23.967157364000172 ], [ 90.251655578000111, 23.967834473000153 ], [ 90.254905701000155, 23.96591186500001 ], [ 90.256393433000142, 23.968248367000115 ], [ 90.258277893000127, 23.96723175000011 ], [ 90.260368347000053, 23.972723007000127 ], [ 90.260047912000118, 23.971220017000121 ], [ 90.262794495000037, 23.969543458000032 ], [ 90.266014099000188, 23.970129013000076 ], [ 90.269653319000042, 23.968477250000092 ], [ 90.268653870000037, 23.965225221000082 ], [ 90.271240234000118, 23.962463379000155 ], [ 90.281318665000128, 23.967374802 ], [ 90.28202056900011, 23.964994430000047 ], [ 90.297813416000054, 23.961874009000098 ], [ 90.300224304000039, 23.954633712000089 ], [ 90.300170899000136, 23.948835373 ], [ 90.294624329000044, 23.947925568000187 ], [ 90.285385131000112, 23.941001893000077 ], [ 90.28414154100011, 23.938274383000191 ], [ 90.285079957000107, 23.922605514000054 ], [ 90.271850587000074, 23.913682938000022 ], [ 90.264610290000121, 23.919237138000028 ], [ 90.262611389000199, 23.916994095000177 ], [ 90.258193969999979, 23.917060851000031 ], [ 90.251434326000094, 23.921459198000036 ], [ 90.24700164800015, 23.920476914000119 ], [ 90.245117187000062, 23.922016144000111 ], [ 90.243438721000132, 23.928075790000037 ], [ 90.241516113000046, 23.928342820000069 ], [ 90.238426208000078, 23.932821274999981 ], [ 90.228210450000176, 23.931407929000102 ] ] ] } },
{ "type": "Feature", "properties": { "GID_4": "BGD.3.1.36.7_1", "NAME_2": "Dhaka", "NAME_3": "Savar", "NAME_4": "Kaundia" }, "geometry": { "type": "Polygon", "coordinates": [ [ [ 90.343154908000145, 23.798616409000033 ], [ 90.339538574000017, 23.797508239000024 ], [ 90.339584350999985, 23.790142059000175 ], [ 90.338005067000097, 23.78643226700018 ], [ 90.3356781, 23.785444259000144 ], [ 90.335723877000135, 23.78779602100019 ], [ 90.331665040000132, 23.791032791000134 ], [ 90.3280944830002, 23.78940773000005 ], [ 90.322227478000173, 23.79112625200014 ], [ 90.319282532000045, 23.788730623000106 ], [ 90.319000244000108, 23.786142349000158 ], [ 90.316528321000135, 23.786739349000186 ], [ 90.315399170000092, 23.789592743000185 ], [ 90.312705994000169, 23.786878586000057 ], [ 90.312133790000075, 23.789228439000055 ], [ 90.304687501000103, 23.793642045000013 ], [ 90.304786683000145, 23.797954560000051 ], [ 90.308815002000131, 23.803016662000061 ], [ 90.309013366000158, 23.806917190000036 ], [ 90.3145904550002, 23.806695937000086 ], [ 90.317657471000132, 23.81042289700008 ], [ 90.31546783400006, 23.817342759000098 ], [ 90.322639465000066, 23.816225051000174 ], [ 90.319732666000164, 23.819189072000029 ], [ 90.325225831000182, 23.823543549000135 ], [ 90.325347901000157, 23.828725815000155 ], [ 90.330131531000177, 23.829624176000095 ], [ 90.33728790300006, 23.834152221000068 ], [ 90.33714294400005, 23.831962586000145 ], [ 90.343002319, 23.824666977000049 ], [ 90.34101867600009, 23.821737289000112 ], [ 90.341491700000176, 23.817485810000164 ], [ 90.339630128000181, 23.811227799000051 ], [ 90.343315124000071, 23.803833008000083 ], [ 90.343154908000145, 23.798616409000033 ] ] ] } },
{ "type": "Feature", "properties": { "GID_4": "BGD.3.1.36.8_1", "NAME_2": "Dhaka", "NAME_3": "Savar", "NAME_4": "Pathalia(part)" }, "geometry": { "type": "Polygon", "coordinates": [ [ [ 90.225028991000102, 23.928596497000058 ], [ 90.228286743000183, 23.931474687000161 ], [ 90.236946106000175, 23.933305740000037 ], [ 90.23940277100013, 23.932222367000179 ], [ 90.241600037000069, 23.928270339000051 ], [ 90.243438721000132, 23.928075790000037 ], [ 90.245117187000062, 23.922016144000111 ], [ 90.24700164800015, 23.920476914000119 ], [ 90.251434326000094, 23.921459198000036 ], [ 90.258193969999979, 23.917060851000031 ], [ 90.262611389000199, 23.916994095000177 ], [ 90.264610290000121, 23.919237138000028 ], [ 90.269996643000184, 23.916210174000071 ], [ 90.271362304000093, 23.913614272000189 ], [ 90.275154114000145, 23.915836334 ], [ 90.274948120000147, 23.913986207000164 ], [ 90.277099610000164, 23.912954331000037 ], [ 90.277244567000196, 23.907350541000028 ], [ 90.281120301000044, 23.905160904000127 ], [ 90.279273987000067, 23.902566910000075 ], [ 90.282157898000037, 23.901065827000139 ], [ 90.282623292000153, 23.894727707000072 ], [ 90.284751892000031, 23.893196106000119 ], [ 90.283439635000093, 23.890981674000045 ], [ 90.28724670400004, 23.887256622 ], [ 90.28408050500019, 23.885904312000036 ], [ 90.282989502000078, 23.876285553000059 ], [ 90.280090333000089, 23.874879837000094 ], [ 90.273910522999984, 23.881948471000044 ], [ 90.267150879000098, 23.881847381000171 ], [ 90.261268616, 23.87653732300015 ], [ 90.263175965000187, 23.872625351000124 ], [ 90.260185243000194, 23.872247696000045 ], [ 90.258590698000148, 23.874664307000046 ], [ 90.252708435000045, 23.875982284000145 ], [ 90.25167846700009, 23.868860245000121 ], [ 90.248855592000041, 23.866836548000151 ], [ 90.248664856000062, 23.864440918000128 ], [ 90.245285035000109, 23.867717744 ], [ 90.236892699000123, 23.865386963000162 ], [ 90.231971741000109, 23.871332169000027 ], [ 90.233909607000044, 23.875905990000035 ], [ 90.234146118000126, 23.882221221 ], [ 90.228981018000184, 23.884752275000039 ], [ 90.230148315, 23.895641327000192 ], [ 90.226745606000122, 23.900388718000158 ], [ 90.228485107000097, 23.908912659000123 ], [ 90.226860046000184, 23.915750505000119 ], [ 90.224815368000122, 23.91817283600011 ], [ 90.225028991000102, 23.928596497000058 ] ] ] } },
{ "type": "Feature", "properties": { "GID_4": "BGD.3.1.36.9_1", "NAME_2": "Dhaka", "NAME_3": "Savar", "NAME_4": "Savar" }, "geometry": { "type": "Polygon", "coordinates": [ [ [ 90.284248353000066, 23.886276246000079 ], [ 90.290184021000186, 23.887924194 ], [ 90.292068482000047, 23.878416061000166 ], [ 90.296104431000117, 23.870988845000056 ], [ 90.294662476000099, 23.867151260000071 ], [ 90.289794923000159, 23.871458054000072 ], [ 90.286201477000191, 23.871292114000028 ], [ 90.2916183480001, 23.858982087000129 ], [ 90.290443421000134, 23.849510193000128 ], [ 90.292411803000107, 23.846246720000067 ], [ 90.282768249000128, 23.839912414000139 ], [ 90.280792236000195, 23.843101501000149 ], [ 90.286628722000103, 23.849491120000096 ], [ 90.286636352000187, 23.853479385000128 ], [ 90.28411102400014, 23.856914520000032 ], [ 90.272048951000158, 23.861375809000094 ], [ 90.271827698000095, 23.864208222000059 ], [ 90.268402100000117, 23.864843369000141 ], [ 90.268180847000053, 23.86757278500005 ], [ 90.263389588000166, 23.869785309000122 ], [ 90.26306915300006, 23.874334336000175 ], [ 90.261192322000113, 23.876359939 ], [ 90.26655578600014, 23.881656647000057 ], [ 90.273399352000069, 23.882041931000117 ], [ 90.280410766000045, 23.874784470000122 ], [ 90.283683777000078, 23.877820970000187 ], [ 90.284248353000066, 23.886276246000079 ] ] ] } },
{ "type": "Feature", "properties": { "GID_4": "BGD.3.1.36.10_1", "NAME_2": "Dhaka", "NAME_3": "Savar", "NAME_4": "Savar Paurashava" }, "geometry": { "type": "Polygon", "coordinates": [ [ [ 90.245765687000073, 23.838399888000026 ], [ 90.243804933000035, 23.843864441 ], [ 90.238365173000091, 23.846015930000135 ], [ 90.236312867000095, 23.863357545000156 ], [ 90.236892699000123, 23.865386963000162 ], [ 90.244918823000035, 23.867708206000145 ], [ 90.248664856000062, 23.864440918000128 ], [ 90.248855592000041, 23.866836548000151 ], [ 90.25167846700009, 23.868860245000121 ], [ 90.252708435000045, 23.875982284000145 ], [ 90.258590698000148, 23.874664307000046 ], [ 90.260185243000194, 23.872247696000045 ], [ 90.263008118000073, 23.872562409000068 ], [ 90.263389588000166, 23.869785309000122 ], [ 90.268180847000053, 23.86757278500005 ], [ 90.268058777000078, 23.865159989000063 ], [ 90.271827698000095, 23.864208222000059 ], [ 90.272048951000158, 23.861375809000094 ], [ 90.28411102400014, 23.856914520000032 ], [ 90.286636352000187, 23.853479385000128 ], [ 90.286628722000103, 23.849491120000096 ], [ 90.280792236000195, 23.843101501000149 ], [ 90.282768249000128, 23.839912414000139 ], [ 90.277717590000123, 23.835155488 ], [ 90.275672913000164, 23.83509636000008 ], [ 90.27341461300017, 23.831033707000131 ], [ 90.271461486000135, 23.834857942000099 ], [ 90.272850036000079, 23.836112976000038 ], [ 90.269126892000088, 23.835765839000146 ], [ 90.272666930000071, 23.825014115000158 ], [ 90.27133941600016, 23.82179641700003 ], [ 90.277915954000036, 23.81901550200007 ], [ 90.274177551000093, 23.813716889000148 ], [ 90.259124756000119, 23.82449340900007 ], [ 90.253791808000074, 23.823509217000151 ], [ 90.254035950000059, 23.820249557000125 ], [ 90.256416321000074, 23.819612503000144 ], [ 90.25868988000019, 23.815269471000192 ], [ 90.255134583000086, 23.813282013000048 ], [ 90.252082826000105, 23.822362899000154 ], [ 90.246818542000085, 23.821794510000132 ], [ 90.245765687000073, 23.838399888000026 ] ] ] } },
{ "type": "Feature", "properties": { "GID_4": "BGD.3.1.36.11_1", "NAME_2": "Dhaka", "NAME_3": "Savar", "NAME_4": "Shimulia" }, "geometry": { "type": "Polygon", "coordinates": [ [ [ 90.186294556, 23.989885331000153 ], [ 90.185882569000114, 23.999626160000048 ], [ 90.183334351000155, 24.001682282 ], [ 90.184577942000089, 24.002317429000072 ], [ 90.180908203000115, 24.004432678000057 ], [ 90.182876588, 24.007095338000056 ], [ 90.186088561000133, 24.007364273 ], [ 90.184066772999984, 24.00980568000017 ], [ 90.184875489000149, 24.010925292000081 ], [ 90.192291259000172, 24.013952256000039 ], [ 90.194351196000127, 24.008249284000158 ], [ 90.197639465000179, 24.007654191000029 ], [ 90.198898316000168, 24.00957489100017 ], [ 90.203071594000107, 24.009637832000124 ], [ 90.204315185000098, 24.005277635000027 ], [ 90.207962036000083, 24.006601334000038 ], [ 90.209548950000112, 24.00988960300009 ], [ 90.215957641000045, 24.005077363000169 ], [ 90.222702026000036, 24.010240555000166 ], [ 90.239715575999981, 24.009210587000041 ], [ 90.241226197, 24.012277603000143 ], [ 90.239700318000132, 24.022840500000029 ], [ 90.241172790000121, 24.02441024899997 ], [ 90.241157531, 24.029745102000049 ], [ 90.23867035, 24.029552460000104 ], [ 90.242843628000173, 24.033681869000077 ], [ 90.246032715000183, 24.033319474000052 ], [ 90.25329589800009, 24.027210235000041 ], [ 90.250602722, 24.022954941000023 ], [ 90.252281190000133, 24.018642426000156 ], [ 90.260047912000118, 24.014835358000084 ], [ 90.260276795000095, 24.010086060000106 ], [ 90.256324767000137, 24.008337021000045 ], [ 90.251998902000082, 24.000267030000145 ], [ 90.254486083000074, 23.998905182000101 ], [ 90.255859375000171, 23.994913102 ], [ 90.250068664000082, 23.992164613000057 ], [ 90.253707887000189, 23.983621598000127 ], [ 90.256141663000108, 23.983791351000036 ], [ 90.255783082000164, 23.980957031000173 ], [ 90.260192871000072, 23.975519181000038 ], [ 90.26201629600007, 23.975402832999976 ], [ 90.258331299000076, 23.967287065000107 ], [ 90.256393433000142, 23.968248367000115 ], [ 90.254905701000155, 23.96591186500001 ], [ 90.251655578000111, 23.967834473000153 ], [ 90.245994568000128, 23.967157364000172 ], [ 90.238815307000039, 23.961603166000145 ], [ 90.23715209900007, 23.96217346300017 ], [ 90.236381530000187, 23.965974808000169 ], [ 90.23327636700003, 23.966142654 ], [ 90.233451843000182, 23.969974518000186 ], [ 90.228805542000032, 23.970085144000109 ], [ 90.224433900000179, 23.967624665000187 ], [ 90.224510194000118, 23.964727402000165 ], [ 90.220123291000107, 23.963960649000057 ], [ 90.219833374000189, 23.958957672000111 ], [ 90.215011596000011, 23.960382461000108 ], [ 90.210227967000094, 23.96016311600016 ], [ 90.208709716000158, 23.958480835000159 ], [ 90.203178406000063, 23.965896607 ], [ 90.198280335000106, 23.968309403000148 ], [ 90.199348450000116, 23.974720001000151 ], [ 90.190208434000056, 23.977754593000043 ], [ 90.190757752000195, 23.98464965800008 ], [ 90.186294556, 23.989885331000153 ] ] ] } },
{ "type": "Feature", "properties": { "GID_4": "BGD.3.1.36.12_1", "NAME_2": "Dhaka", "NAME_3": "Savar", "NAME_4": "Tetuljhora" }, "geometry": { "type": "Polygon", "coordinates": [ [ [ 90.245262146000073, 23.777141572000176 ], [ 90.24114227299998, 23.77817154000013 ], [ 90.241134643000066, 23.780115127000101 ], [ 90.247390746000178, 23.807157516000188 ], [ 90.246818542000085, 23.821794510000132 ], [ 90.252082826000105, 23.822362899000154 ], [ 90.254028320000145, 23.818838119000191 ], [ 90.253036498000142, 23.81714630200014 ], [ 90.255134583000086, 23.813282013000048 ], [ 90.256607055000075, 23.813493728000083 ], [ 90.25868988000019, 23.815269471000192 ], [ 90.256416321000074, 23.819612503000144 ], [ 90.254035950000059, 23.820249557000125 ], [ 90.253791808000074, 23.823509217000151 ], [ 90.255554199000187, 23.823968886999978 ], [ 90.259124756000119, 23.82449340900007 ], [ 90.27429199200003, 23.813762666000116 ], [ 90.274642945000039, 23.812219621000054 ], [ 90.270393371000125, 23.812662124000155 ], [ 90.26710510200013, 23.81503868100009 ], [ 90.267990111000074, 23.811948776000122 ], [ 90.27217102000003, 23.809848784999986 ], [ 90.270019531000116, 23.806833268000162 ], [ 90.272155761000135, 23.799377442000036 ], [ 90.277694701000144, 23.800792695000155 ], [ 90.278869629000155, 23.803405763000171 ], [ 90.284751892000031, 23.803512573000148 ], [ 90.286712646000126, 23.801357269000164 ], [ 90.285049438000158, 23.797571182000127 ], [ 90.287307739000028, 23.793756486000177 ], [ 90.293533326000102, 23.792474746000153 ], [ 90.304687501000103, 23.793642045000013 ], [ 90.312469483000029, 23.788688661000151 ], [ 90.31032562200005, 23.785633088000054 ], [ 90.310890199000141, 23.78052330100013 ], [ 90.309555054000043, 23.779785156000059 ], [ 90.290351867000197, 23.77838516300011 ], [ 90.284088135000104, 23.774868011000081 ], [ 90.27745056200007, 23.775815965000163 ], [ 90.271209717000033, 23.781791688000169 ], [ 90.270866394000109, 23.783714295000152 ], [ 90.274993897000115, 23.787801742000056 ], [ 90.274284363000049, 23.790027619000114 ], [ 90.27178955100004, 23.790544510000132 ], [ 90.265953063000097, 23.782014848000131 ], [ 90.260894776000157, 23.780591964 ], [ 90.260978698000031, 23.773437501000046 ], [ 90.252983093000068, 23.776731491000078 ], [ 90.25047302300004, 23.775657655000032 ], [ 90.24835205100004, 23.779863357000067 ], [ 90.245262146000073, 23.777141572000176 ] ] ] } },
{ "type": "Feature", "properties": { "GID_4": "BGD.3.1.36.13_1", "NAME_2": "Dhaka", "NAME_3": "Savar", "NAME_4": "Yearpur" }, "geometry": { "type": "Polygon", "coordinates": [ [ [ 90.344772339000087, 23.90424347000004 ], [ 90.338539124000135, 23.906419755000115 ], [ 90.33337402300009, 23.902975083000172 ], [ 90.330772400000171, 23.90785026500015 ], [ 90.317947387000174, 23.905422211000143 ], [ 90.308151245000147, 23.90938949700012 ], [ 90.302734374000067, 23.915943146000188 ], [ 90.29718017600004, 23.931100846000049 ], [ 90.294891357000097, 23.931230545000176 ], [ 90.295074463000162, 23.927366257000187 ], [ 90.293701171000066, 23.926036834000058 ], [ 90.289741516000049, 23.925716400000056 ], [ 90.28881072900009, 23.927835464000054 ], [ 90.285522460000038, 23.927133561000119 ], [ 90.284645081000178, 23.939924239999982 ], [ 90.295066833000078, 23.948118209000029 ], [ 90.319160461000138, 23.950553893000119 ], [ 90.317237854000155, 23.957490921000158 ], [ 90.330421447, 23.954912185000126 ], [ 90.330718993000119, 23.95038414000004 ], [ 90.335174560000098, 23.94788169800006 ], [ 90.339157104000094, 23.948715210000103 ], [ 90.339706422000063, 23.950853347000191 ], [ 90.338867187000176, 23.95314598200008 ], [ 90.335647584000128, 23.954065323000066 ], [ 90.340682983000136, 23.955734253000116 ], [ 90.345252991000052, 23.948060989000112 ], [ 90.348220826000045, 23.930431365000175 ], [ 90.347770692000097, 23.911567689000094 ], [ 90.344772339000087, 23.90424347000004 ] ] ] } },
{ "type": "Feature", "properties": { "GID_4": "BGD.3.1.37.1_1", "NAME_2": "Dhaka", "NAME_3": "Shah Ali", "NAME_4": "Ward No-08" }, "geometry": { "type": "Polygon", "coordinates": [ [ [ 90.349128723000149, 23.796302795000088 ], [ 90.343154908000145, 23.798616409000033 ], [ 90.343315124000071, 23.803833008000083 ], [ 90.340095520000091, 23.808158875000174 ], [ 90.339653014000078, 23.812187195000035 ], [ 90.342163087000017, 23.823774338000135 ], [ 90.3449020380001, 23.82744789200018 ], [ 90.348571777000075, 23.826957704000108 ], [ 90.349319457000092, 23.825082779000127 ], [ 90.350822448000031, 23.828018189000034 ], [ 90.351318359000118, 23.820991517000039 ], [ 90.352668762000178, 23.820665359000031 ], [ 90.351249695000092, 23.817623139000034 ], [ 90.352676392000092, 23.816955566000161 ], [ 90.352973938000048, 23.813814163000188 ], [ 90.356109620000154, 23.814403533000132 ], [ 90.356704711000077, 23.811939240000072 ], [ 90.352958680000199, 23.811014175000139 ], [ 90.354507446000071, 23.806985855999983 ], [ 90.351570130000084, 23.80602645800019 ], [ 90.355262756000059, 23.799865722000106 ], [ 90.349128723000149, 23.796302795000088 ] ] ] } },
{ "type": "Feature", "properties": { "GID_4": "BGD.3.1.38.1_1", "NAME_2": "Dhaka", "NAME_3": "Shahbagh", "NAME_4": "Ward No-56(part)" }, "geometry": { "type": "Polygon", "coordinates": [ [ [ 90.411911002000068, 23.722991943000068 ], [ 90.394454957, 23.724782944000026 ], [ 90.389587402000075, 23.727499008 ], [ 90.392967225000177, 23.728218080000033 ], [ 90.391929626000035, 23.729671478000171 ], [ 90.395393371000011, 23.730976104000149 ], [ 90.395782472000178, 23.738142015000165 ], [ 90.398551942000154, 23.742136002000166 ], [ 90.404235840000069, 23.736616136000123 ], [ 90.410316468000133, 23.736249924000049 ], [ 90.411911002000068, 23.722991943000068 ] ] ] } },
{ "type": "Feature", "properties": { "GID_4": "BGD.3.1.38.2_1", "NAME_2": "Dhaka", "NAME_3": "Shahbagh", "NAME_4": "Ward No-57" }, "geometry": { "type": "Polygon", "coordinates": [ [ [ 90.391845703000115, 23.741680146000078 ], [ 90.39324188300003, 23.749851226000089 ], [ 90.394676208000135, 23.745904923000126 ], [ 90.396385193000185, 23.746377946000109 ], [ 90.395164490000184, 23.744421006000039 ], [ 90.395996094000054, 23.741479874000049 ], [ 90.398284912000065, 23.740785599000048 ], [ 90.395782472000178, 23.738142015000165 ], [ 90.395393371000011, 23.730976104000149 ], [ 90.391929626000035, 23.729671478000171 ], [ 90.392967225000177, 23.728218080000033 ], [ 90.389587402000075, 23.727499008 ], [ 90.387092590000066, 23.732637407000027 ], [ 90.391845703000115, 23.741680146000078 ] ] ] } },
{ "type": "Feature", "properties": { "GID_4": "BGD.3.1.39.1_1", "NAME_2": "Dhaka", "NAME_3": "Sher-e-bangla Nagar", "NAME_4": "Ward No-40 (Part)" }, "geometry": { "type": "Polygon", "coordinates": [ [ [ 90.380638122000164, 23.77686500700014 ], [ 90.383804321000184, 23.758285523000097 ], [ 90.390068054000039, 23.75825500500008 ], [ 90.387191772000108, 23.750656129000163 ], [ 90.382492066000054, 23.753044128000113 ], [ 90.381820678000111, 23.758586883000191 ], [ 90.374229432000163, 23.758157730000107 ], [ 90.367118836000145, 23.773319245000039 ], [ 90.380638122000164, 23.77686500700014 ] ] ] } },
{ "type": "Feature", "properties": { "GID_4": "BGD.3.1.39.2_1", "NAME_2": "Dhaka", "NAME_3": "Sher-e-bangla Nagar", "NAME_4": "Ward No-41" }, "geometry": { "type": "Polygon", "coordinates": [ [ [ 90.367118836000145, 23.773319245000039 ], [ 90.362030030000085, 23.777584076000039 ], [ 90.366004944000167, 23.782453536000048 ], [ 90.372070313000108, 23.784790038000097 ], [ 90.372955322000053, 23.78277015600014 ], [ 90.378402710000103, 23.783977508000191 ], [ 90.380638122000164, 23.77686500700014 ], [ 90.367118836000145, 23.773319245000039 ] ] ] } },
{ "type": "Feature", "properties": { "GID_4": "BGD.3.1.40.1_1", "NAME_2": "Dhaka", "NAME_3": "Shyampur", "NAME_4": "Ward No-83" }, "geometry": { "type": "Polygon", "coordinates": [ [ [ 90.420288085000152, 23.695989609000151 ], [ 90.423789977000183, 23.698265076000041 ], [ 90.423507691000054, 23.700006485000188 ], [ 90.425727845000097, 23.700479507000068 ], [ 90.426277161000087, 23.699180604000162 ], [ 90.42652130200014, 23.701416016000167 ], [ 90.429176331000122, 23.701719285000138 ], [ 90.431365967000147, 23.697910309000122 ], [ 90.427581787000179, 23.697597505000147 ], [ 90.424514771000077, 23.69536972100002 ], [ 90.427589417000092, 23.693281175000095 ], [ 90.427764893000074, 23.690090180000084 ], [ 90.430221558000198, 23.691125869000075 ], [ 90.432281495000041, 23.689065933000165 ], [ 90.427223205000189, 23.688665391000086 ], [ 90.420288085000152, 23.695989609000151 ] ] ] } },
{ "type": "Feature", "properties": { "GID_4": "BGD.3.1.40.2_1", "NAME_2": "Dhaka", "NAME_3": "Shyampur", "NAME_4": "Ward No-87" }, "geometry": { "type": "Polygon", "coordinates": [ [ [ 90.430412292000199, 23.699577332000104 ], [ 90.424148559000173, 23.710191727 ], [ 90.429481506000059, 23.707731247000027 ], [ 90.433700561000194, 23.703424453000025 ], [ 90.4382934570001, 23.702983857000163 ], [ 90.438713074000077, 23.701105119000147 ], [ 90.435539245000086, 23.700237274000187 ], [ 90.434837342000037, 23.697975160000055 ], [ 90.431945801000154, 23.700330735000023 ], [ 90.430412292000199, 23.699577332000104 ] ] ] } },
{ "type": "Feature", "properties": { "GID_4": "BGD.3.1.40.3_1", "NAME_2": "Dhaka", "NAME_3": "Shyampur", "NAME_4": "Ward No-90" }, "geometry": { "type": "Polygon", "coordinates": [ [ [ 90.434509277000132, 23.693624496000155 ], [ 90.438270568000064, 23.688295364000112 ], [ 90.437347412000065, 23.687126159000059 ], [ 90.430221558000198, 23.691125869000075 ], [ 90.428047181000181, 23.689870835000136 ], [ 90.427589417000092, 23.693281175000095 ], [ 90.424514771000077, 23.69536972100002 ], [ 90.427581787000179, 23.697597505000147 ], [ 90.431365967000147, 23.697910309000122 ], [ 90.430412292000199, 23.699577332000104 ], [ 90.431945801000154, 23.700330735000023 ], [ 90.435745239000084, 23.698307038000166 ], [ 90.434509277000132, 23.693624496000155 ] ] ] } },
{ "type": "Feature", "properties": { "GID_4": "BGD.3.1.41.1_1", "NAME_2": "Dhaka", "NAME_3": "Sutrapur", "NAME_4": "Ward No-74" }, "geometry": { "type": "Polygon", "coordinates": [ [ [ 90.411521912000183, 23.71371841500013 ], [ 90.411911002000068, 23.722991943000068 ], [ 90.417274474000124, 23.721380234000037 ], [ 90.413909912000065, 23.713125230000173 ], [ 90.411521912000183, 23.71371841500013 ] ] ] } },
{ "type": "Feature", "properties": { "GID_4": "BGD.3.1.41.2_1", "NAME_2": "Dhaka", "NAME_3": "Sutrapur", "NAME_4": "Ward No-75" }, "geometry": { "type": "Polygon", "coordinates": [ [ [ 90.427734374000124, 23.716749192000179 ], [ 90.424301148000097, 23.717861177000088 ], [ 90.423118591000048, 23.716217042000039 ], [ 90.420570373000032, 23.716430665000189 ], [ 90.416061402000082, 23.722190857000044 ], [ 90.428779735000035, 23.722335901000122 ], [ 90.427734374000124, 23.716749192000179 ] ] ] } },
{ "type": "Feature", "properties": { "GID_4": "BGD.3.1.41.3_1", "NAME_2": "Dhaka", "NAME_3": "Sutrapur", "NAME_4": "Ward No-77" }, "geometry": { "type": "Polygon", "coordinates": [ [ [ 90.419860840000069, 23.717027665000046 ], [ 90.418037415000072, 23.710496902000159 ], [ 90.413909912000065, 23.713125230000173 ], [ 90.417274474000124, 23.721380234000037 ], [ 90.419860840000069, 23.717027665000046 ] ] ] } },
{ "type": "Feature", "properties": { "GID_4": "BGD.3.1.41.4_1", "NAME_2": "Dhaka", "NAME_3": "Sutrapur", "NAME_4": "Ward No-78" }, "geometry": { "type": "Polygon", "coordinates": [ [ [ 90.411544798000136, 23.713519952000127 ], [ 90.418037415000072, 23.710496902000159 ], [ 90.417922974000135, 23.707269668000094 ], [ 90.41191101000004, 23.708755493000183 ], [ 90.411544798000136, 23.713519952000127 ] ] ] } },
{ "type": "Feature", "properties": { "GID_4": "BGD.3.1.41.5_1", "NAME_2": "Dhaka", "NAME_3": "Sutrapur", "NAME_4": "Ward No-79" }, "geometry": { "type": "Polygon", "coordinates": [ [ [ 90.417922974000135, 23.707269668000094 ], [ 90.417663575000063, 23.702404023000099 ], [ 90.419487, 23.701988221000192 ], [ 90.417083740000123, 23.699703216000046 ], [ 90.411865235000107, 23.703542709000033 ], [ 90.41265106200018, 23.708988191000117 ], [ 90.417922974000135, 23.707269668000094 ] ] ] } },
{ "type": "Feature", "properties": { "GID_4": "BGD.3.1.41.6_1", "NAME_2": "Dhaka", "NAME_3": "Sutrapur", "NAME_4": "Ward No-80 (Part)" }, "geometry": { "type": "Polygon", "coordinates": [ [ [ 90.418037415000072, 23.710496902000159 ], [ 90.420562743000119, 23.70865631099997 ], [ 90.418151855000133, 23.704786302000173 ], [ 90.417472839000084, 23.709350586000141 ], [ 90.418037415000072, 23.710496902000159 ] ] ] } },
{ "type": "Feature", "properties": { "GID_4": "BGD.3.1.43.1_1", "NAME_2": "Dhaka", "NAME_3": "Tejgaon", "NAME_4": "Ward No-38 (Part)" }, "geometry": { "type": "Polygon", "coordinates": [ [ [ 90.38990783700018, 23.775302886000077 ], [ 90.397827148000033, 23.778110505000143 ], [ 90.395790100000056, 23.765560150000113 ], [ 90.388992309000116, 23.764738083 ], [ 90.38990783700018, 23.775302886000077 ] ] ] } },
{ "type": "Feature", "properties": { "GID_4": "BGD.3.1.43.2_1", "NAME_2": "Dhaka", "NAME_3": "Tejgaon", "NAME_4": "Ward No-39" }, "geometry": { "type": "Polygon", "coordinates": [ [ [ 90.388961792000146, 23.764574051000125 ], [ 90.395790100000056, 23.765560150000113 ], [ 90.394149780000077, 23.7538394930001 ], [ 90.398658752000131, 23.751663208000082 ], [ 90.394279479000033, 23.747650148000048 ], [ 90.39324188300003, 23.749851226000089 ], [ 90.387123108000083, 23.751104355000109 ], [ 90.390083312000058, 23.757900238000104 ], [ 90.388961792000146, 23.764574051000125 ] ] ] } },
{ "type": "Feature", "properties": { "GID_4": "BGD.3.1.43.3_1", "NAME_2": "Dhaka", "NAME_3": "Tejgaon", "NAME_4": "Ward No-40 (Part)" }, "geometry": { "type": "Polygon", "coordinates": [ [ [ 90.383277893000184, 23.765459060000069 ], [ 90.388961792000146, 23.764574051000125 ], [ 90.389976502000081, 23.758497239 ], [ 90.383956910000109, 23.758111953000139 ], [ 90.383277893000184, 23.765459060000069 ] ] ] } },
{ "type": "Feature", "properties": { "GID_4": "BGD.3.1.42.1_1", "NAME_2": "Dhaka", "NAME_3": "Tejgaon Ind. Area", "NAME_4": "Ward No-20 (Part)" }, "geometry": { "type": "Polygon", "coordinates": [ [ [ 90.397178650000058, 23.773883820000094 ], [ 90.39818573000008, 23.77805709800009 ], [ 90.400032044000056, 23.773344039000108 ], [ 90.397178650000058, 23.773883820000094 ] ] ] } },
{ "type": "Feature", "properties": { "GID_4": "BGD.3.1.42.2_1", "NAME_2": "Dhaka", "NAME_3": "Tejgaon Ind. Area", "NAME_4": "Ward No-37" }, "geometry": { "type": "Polygon", "coordinates": [ [ [ 90.413948058000017, 23.772235869999975 ], [ 90.415367127000138, 23.767652512000041 ], [ 90.401405335000106, 23.753032685000164 ], [ 90.398658752000131, 23.751663208000082 ], [ 90.395233153999982, 23.752552032999972 ], [ 90.394111634000126, 23.754978181000183 ], [ 90.396057130000145, 23.767223358000024 ], [ 90.400451661000034, 23.76610756000008 ], [ 90.400108337000063, 23.773324966000018 ], [ 90.413948058000017, 23.772235869999975 ] ] ] } },
{ "type": "Feature", "properties": { "GID_4": "BGD.3.1.42.3_1", "NAME_2": "Dhaka", "NAME_3": "Tejgaon Ind. Area", "NAME_4": "Ward No-38 (Part)" }, "geometry": { "type": "Polygon", "coordinates": [ [ [ 90.400032044000056, 23.773344039000108 ], [ 90.401191711000195, 23.771017075000145 ], [ 90.400451661000034, 23.76610756000008 ], [ 90.396057130000145, 23.767223358000024 ], [ 90.397178650000058, 23.773883820000094 ], [ 90.400032044000056, 23.773344039000108 ] ] ] } },
{ "type": "Feature", "properties": { "GID_4": "BGD.3.1.44.1_1", "NAME_2": "Dhaka", "NAME_3": "Turag", "NAME_4": "Harirampur (Part)" }, "geometry": { "type": "Polygon", "coordinates": [ [ [ 90.38655090400016, 23.857578279000165 ], [ 90.38545227000003, 23.856864930000029 ], [ 90.393135070000142, 23.84682846000004 ], [ 90.394371033000198, 23.841516494000189 ], [ 90.38831329400017, 23.844268800000179 ], [ 90.387245179000161, 23.841722488000187 ], [ 90.384140014000195, 23.842823030000091 ], [ 90.381385802000182, 23.836046220000185 ], [ 90.383834839000087, 23.825229645000036 ], [ 90.382171631000119, 23.822874070000125 ], [ 90.377647400000171, 23.822866439999984 ], [ 90.377601622999975, 23.829774856000142 ], [ 90.3666687, 23.836828232000016 ], [ 90.367286682000156, 23.839540481000029 ], [ 90.365760803000114, 23.844463349000023 ], [ 90.363014221000071, 23.844617844000084 ], [ 90.364151002000085, 23.846593857000073 ], [ 90.363189697, 23.848606111000151 ], [ 90.357192994000059, 23.848314285000129 ], [ 90.353393555000196, 23.845682144000023 ], [ 90.356018066000047, 23.84321785100019 ], [ 90.354499817000089, 23.829156875000081 ], [ 90.350204468000072, 23.827877045000093 ], [ 90.349716186000137, 23.825223923000124 ], [ 90.346015930000078, 23.827625275 ], [ 90.343002319, 23.824666977000049 ], [ 90.33714294400005, 23.831962586000145 ], [ 90.337677002000191, 23.838655472000085 ], [ 90.341011048000041, 23.843389512000044 ], [ 90.337127686000031, 23.847917556000084 ], [ 90.342979430000184, 23.85387992800014 ], [ 90.348236084000064, 23.853034974000025 ], [ 90.350608825, 23.860258102000103 ], [ 90.353691102000028, 23.861415864000151 ], [ 90.353141784000059, 23.869312286000138 ], [ 90.356315613000049, 23.872652055000174 ], [ 90.351516722999975, 23.878789903000154 ], [ 90.351875305000192, 23.881916047000175 ], [ 90.355041503000166, 23.882259368000064 ], [ 90.355499267000198, 23.884445190000122 ], [ 90.353645325000059, 23.885856629000102 ], [ 90.361587525000175, 23.891839982000192 ], [ 90.361427307000042, 23.893503190000104 ], [ 90.36644745000018, 23.893161774000134 ], [ 90.370689391000042, 23.895784379000133 ], [ 90.372795105000193, 23.894798278000167 ], [ 90.377151489000084, 23.898040772000058 ], [ 90.385490417000085, 23.896814347000088 ], [ 90.382125854000151, 23.893791198000145 ], [ 90.382408143000134, 23.892234803000065 ], [ 90.385414124000079, 23.892797470000176 ], [ 90.385589599000127, 23.889617919999978 ], [ 90.387687683000195, 23.889598847000116 ], [ 90.386978149000072, 23.887720109000099 ], [ 90.384635925000111, 23.887210845000027 ], [ 90.387153625000053, 23.88698387200003 ], [ 90.387763975999974, 23.885475159000123 ], [ 90.387168883000072, 23.878604889000144 ], [ 90.379608154000039, 23.875274658000023 ], [ 90.379203797000059, 23.872453691000089 ], [ 90.379425048000144, 23.869161607000024 ], [ 90.38655090400016, 23.857578279000165 ] ] ] } },
{ "type": "Feature", "properties": { "GID_4": "BGD.3.1.45.1_1", "NAME_2": "Dhaka", "NAME_3": "Uttar Khan", "NAME_4": "Uttar Khan" }, "geometry": { "type": "Polygon", "coordinates": [ [ [ 90.464073182000163, 23.846302033000086 ], [ 90.448989868000012, 23.849210739000057 ], [ 90.447288513000046, 23.852304459000038 ], [ 90.448013307000167, 23.854581833 ], [ 90.443740844000047, 23.859706879000044 ], [ 90.439331055000139, 23.860023499000135 ], [ 90.438446046000195, 23.85698890600014 ], [ 90.434280396000133, 23.863431931000093 ], [ 90.437210083000139, 23.866056443000161 ], [ 90.433952331000057, 23.865255356000034 ], [ 90.429779053000118, 23.867748261000145 ], [ 90.428009032000091, 23.864816666000138 ], [ 90.422386169, 23.863414765000073 ], [ 90.418945312000176, 23.86733818100015 ], [ 90.419227600000056, 23.872949599000094 ], [ 90.415588380000031, 23.870347977000165 ], [ 90.416160584000124, 23.868362426999965 ], [ 90.413803101000042, 23.870399475000113 ], [ 90.419036864000077, 23.877933503000179 ], [ 90.418357850000064, 23.880208968999966 ], [ 90.415206910000109, 23.882007599000133 ], [ 90.416358948000038, 23.886053086000118 ], [ 90.418975831000125, 23.885824203000084 ], [ 90.438201905000142, 23.901063919000137 ], [ 90.442512512, 23.898548126000094 ], [ 90.446166993000134, 23.898426056000119 ], [ 90.448501587000067, 23.895780564000063 ], [ 90.457801818000121, 23.896446228000116 ], [ 90.460044861000199, 23.894561767000027 ], [ 90.461204530000089, 23.889791489000061 ], [ 90.459686279000152, 23.884860992000029 ], [ 90.461555481000119, 23.883390426000062 ], [ 90.459602355000129, 23.879623414000093 ], [ 90.471649170000092, 23.866077422000046 ], [ 90.47086334300019, 23.858283997000115 ], [ 90.465614319000053, 23.853761673000179 ], [ 90.464073182000163, 23.846302033000086 ] ] ] } },
{ "type": "Feature", "properties": { "GID_4": "BGD.3.1.46.1_1", "NAME_2": "Dhaka", "NAME_3": "Uttara", "NAME_4": "Ward No-01" }, "geometry": { "type": "Polygon", "coordinates": [ [ [ 90.406517030000145, 23.882005691000131 ], [ 90.406387328999983, 23.853670121000107 ], [ 90.40036773700001, 23.860712051000064 ], [ 90.392463684000177, 23.86126136900009 ], [ 90.38655090400016, 23.857578279000165 ], [ 90.384513854000033, 23.860197067000115 ], [ 90.384292603000119, 23.862928390000036 ], [ 90.382133485000168, 23.863927841000077 ], [ 90.379425048000144, 23.869161607000024 ], [ 90.379203797000059, 23.872453691000089 ], [ 90.379608154000039, 23.875274658000023 ], [ 90.387168883000072, 23.878604889000144 ], [ 90.387763975999974, 23.885475159000123 ], [ 90.387153625000053, 23.88698387200003 ], [ 90.384635925000111, 23.887210845000027 ], [ 90.386978149000072, 23.887720109000099 ], [ 90.387687683000195, 23.889598847000116 ], [ 90.385589599000127, 23.889617919999978 ], [ 90.385414124000079, 23.892797470000176 ], [ 90.382408143000134, 23.892234803000065 ], [ 90.382843018000131, 23.894912721000139 ], [ 90.384170533000145, 23.895423890000075 ], [ 90.385787964000087, 23.893386842000098 ], [ 90.390487671000187, 23.89364624100017 ], [ 90.390304565000179, 23.89050102200008 ], [ 90.3937301630001, 23.888360977000161 ], [ 90.392395020000038, 23.883586883000078 ], [ 90.395698548000155, 23.88018226600019 ], [ 90.406517030000145, 23.882005691000131 ] ] ] } }
]
}
