GID_4,NAME_2,NAME_3,NAME_4,pop,builtup,flood
BGD.3.1.1.1_1,Dhaka,Adabor,Ward No-43,806.0263661168439,0.42921193865030677,0.8979591836734694
BGD.3.1.1.2_1,Dhaka,Adabor,Ward No-46,903.248519444808,0.39697846889952154,0.7169811320754718
BGD.3.1.2.1_1,Dhaka,Badda,Badda,731.0169301068607,0.341654255248692,0.8326572008113592
BGD.3.1.2.2_1,Dhaka,Badda,Beraid,107.2789983526918,0.034489031596079696,0.9743710322125557
BGD.3.1.2.3_1,Dhaka,Badda,Bhatara,689.6443995683449,0.2525293779938011,0.9258684863523575
BGD.3.1.2.4_1,Dhaka,Badda,Satarkul,180.89735914441152,0.03325254201334056,0.9663259170174389
BGD.3.1.2.5_1,Dhaka,Badda,Ward No-17 (Part),363.9541883276231,0.3907141165882026,0.24448897795591182
BGD.3.1.2.6_1,Dhaka,Badda,Ward No-21,416.2970172557662,0.3386625613629801,0.9950738916256158
BGD.3.1.3.1_1,Dhaka,Bangshal,Ward No-63 (Part),1198.7332164898794,0.4750379403794037,
BGD.3.1.3.2_1,Dhaka,Bangshal,Ward No-66 (Part),716.2814121997264,0.3017220472440945,1.0
BGD.3.1.3.3_1,Dhaka,Bangshal,Ward No-67 (part),1040.3577946368312,0.4958383507853403,
BGD.3.1.3.4_1,Dhaka,Bangshal,Ward No-68 (part),1148.910685536293,0.49280495356037146,0.0
BGD.3.1.3.5_1,Dhaka,Bangshal,Ward No-69,1526.113882512792,0.535252421307506,
BGD.3.1.3.6_1,Dhaka,Bangshal,Ward No-70,1924.7187894505382,0.3866835761589404,
BGD.3.1.3.7_1,Dhaka,Bangshal,Ward No-71 (Part),1245.8289369491977,0.4350477006311993,0.0
BGD.3.1.4.1_1,Dhaka,Biman Bandar,Dakshinkhan (part),107.3020732241385,0.2767266159338595,0.8295454545454545
BGD.3.1.4.2_1,Dhaka,Biman Bandar,Ward No-01,12.651576531116783,0.38990661538461546,0.6666666666666666
BGD.3.1.4.3_1,Dhaka,Biman Bandar,Ward No-98 (rest. Area),5.266141739996264,0.06920772283643135,0.9283582089552239
BGD.3.1.5.1_1,Dhaka,Cantonment,Ward No-15 (part),157.95976595412804,0.19689503017153698,0.9788461538461539
BGD.3.1.5.2_1,Dhaka,Cantonment,Ward No-98 (Rest. Area),203.4217511856937,0.16233144920755588,0.9642147117296224
BGD.3.1.6.1_1,Dhaka,Chak Bazar,Ward No-63 (Part),1314.6183714124893,0.36013798611111114,
BGD.3.1.6.2_1,Dhaka,Chak Bazar,Ward No-64,1511.6390456854128,0.4460062745098039,
BGD.3.1.6.3_1,Dhaka,Chak Bazar,Ward No-65,687.4464124435757,0.4083803534730784,0.9866666666666667
BGD.3.1.6.4_1,Dhaka,Chak Bazar,Ward No-66 (Part),661.5951619395747,0.3640249134948097,1.0
BGD.3.1.6.5_1,Dhaka,Chak Bazar,Ward No-67 (Part),1167.3173192703707,0.4081622432859401,
BGD.3.1.7.1_1,Dhaka,Dakshinkhan,Dakshinkhan (Part),235.6195920400544,0.3007861800378327,0.8656609195402302
BGD.3.1.8.1_1,Dhaka,Darus Salam,Ward No-09,267.47564556136905,0.22231884518461706,0.9456106870229007
BGD.3.1.8.2_1,Dhaka,Darus Salam,Ward No-10,322.6992011995866,0.23325552456033957,0.9675516224188792
BGD.3.1.9.1_1,Dhaka,Demra,Demra (part),75.37205927517574,0.07468517641773505,0.8945294741627521
BGD.3.1.9.2_1,Dhaka,Demra,Matuail (part),415.99886073012584,0.29064753609901434,0.7886178861788619
BGD.3.1.9.3_1,Dhaka,Demra,Saralia,292.1834401498169,0.31048460484783497,0.9899274778404513
BGD.3.1.10.1_1,Dhaka,Dhamrai,Amta,10.172251737838533,0.024921720518005404,0.26356589147286874
BGD.3.1.10.2_1,Dhaka,Dhamrai,Baisakanda,8.194361254926648,0.025799902523424838,0.0
BGD.3.1.10.3_1,Dhaka,Dhamrai,Balia,9.513258048396674,0.03245699378297743,0.01838235294117651
BGD.3.1.10.4_1,Dhaka,Dhamrai,Bhararia,13.270500004413568,0.04166319758672699,0.4181146025878013
BGD.3.1.10.5_1,Dhaka,Dhamrai,Chauhat,8.433125051131434,0.02077615506941162,0.38489646772229064
BGD.3.1.10.6_1,Dhaka,Dhamrai,Dhamrai,27.989502597802446,0.05771858712212331,0.5499697153240465
BGD.3.1.10.7_1,Dhaka,Dhamrai,Dhamrai Paurashava,73.88292153115454,0.17599952595585946,0.7470039946737687
BGD.3.1.10.8_1,Dhaka,Dhamrai,Gangutia,13.064076940216685,0.04929344130981557,0.05728314238952547
BGD.3.1.10.9_1,Dhaka,Dhamrai,Jadabpur,9.063574016032714,0.02273496182159023,0.032051282051282125
BGD.3.1.10.10_1,Dhaka,Dhamrai,Kulla,16.47383779892088,0.030434202855653715,0.3802698145025302
BGD.3.1.10.11_1,Dhaka,Dhamrai,Kushura,9.78020577002476,0.03364963969865705,0.0
BGD.3.1.10.12_1,Dhaka,Dhamrai,Nannar,12.652308064062643,0.027668055593554224,0.05217391304347841
BGD.3.1.10.13_1,Dhaka,Dhamrai,Rowail,9.010020281854816,0.032037948251573696,0.1615720524017471
BGD.3.1.10.14_1,Dhaka,Dhamrai,Sanora,14.359066456580239,0.031168120492258006,0.09873060648801149
BGD.3.1.10.15_1,Dhaka,Dhamrai,Sombhag,20.896741080812728,0.05235697112430882,0.16995768688293414
BGD.3.1.10.16_1,Dhaka,Dhamrai,Suapur,10.440488448723343,0.028705445794178316,0.0
BGD.3.1.10.17_1,Dhaka,Dhamrai,Suti Para,22.99805767039784,0.051526734059819154,0.08285862247540156
BGD.3.1.11.1_1,Dhaka,Dhanmondi,Ward No-47 (Part),615.4775744279224,0.4229566406249998,
BGD.3.1.11.2_1,Dhaka,Dhanmondi,Ward No-48 (Part),547.3589272692655,0.44845254431103476,0.9411764705882353
BGD.3.1.11.3_1,Dhaka,Dhanmondi,Ward No-49,552.4880544963975,0.37956943744752314,1.0
BGD.3.1.12.1_1,Dhaka,Dohar,Bilaspur,26.156316013458728,0.04990661574799674,0.9020256304257959
BGD.3.1.12.2_1,Dhaka,Dohar,Dohar Paurashava,43.78504882856187,0.08684242639911127,0.17085427135678422
BGD.3.1.12.3_1,Dhaka,Dohar,Kushumhati,13.375609804337675,0.0450730795444688,0.8352586639879459
BGD.3.1.12.4_1,Dhaka,Dohar,Mahmudpur,15.0221618887624,1.9064526647585238e-05,0.9999497062847026
BGD.3.1.12.5_1,Dhaka,Dohar,Muksudpur,33.355366576800755,0.03842224048814441,0.9875540416612077
BGD.3.1.12.6_1,Dhaka,Dohar,Narisha,30.256314561673086,0.04978416793059512,0.9859629421673215
BGD.3.1.12.7_1,Dhaka,Dohar,Nayabari,9.019315206721473,0.02042753033704073,0.983889085015565
BGD.3.1.12.8_1,Dhaka,Dohar,Roypara,20.414498400166153,0.0545725295485371,0.0
BGD.3.1.12.9_1,Dhaka,Dohar,Sutar Para,27.817540220088667,0.04933098291508672,0.5884900990099016
BGD.3.1.13.1_1,Dhaka,Gendaria,Ward No-76 (Part),732.8796830047482,0.35761033687125054,1.0
BGD.3.1.13.2_1,Dhaka,Gendaria,Ward No-80 (Part),699.7464627352628,0.2854481060606061,1.0
BGD.3.1.13.3_1,Dhaka,Gendaria,Ward No-81,524.0318367739758,0.4250124623493976,0.6666666666666666
BGD.3.1.13.4_1,Dhaka,Gendaria,Ward No-82,390.9526977539062,0.379955930359086,1.0
BGD.3.1.14.1_1,Dhaka,Gulshan,Ward No-18,237.4296834685175,0.36574350300347763,0.9793103448275863
BGD.3.1.14.2_1,Dhaka,Gulshan,Ward No-19,287.59618480565825,0.33252388730767624,0.9956896551724138
BGD.3.1.14.3_1,Dhaka,Gulshan,Ward No-20 (Part),408.4976381035981,0.34089118979494515,0.9736842105263159
BGD.3.1.15.1_1,Dhaka,Hazaribagh,Ward No-46 (Part),263.15639886437583,0.2566673681046145,0.9922752808988764
BGD.3.1.15.2_1,Dhaka,Hazaribagh,Ward No-48 (Part),406.05508338818913,0.3060210310828876,0.9511568123393317
BGD.3.1.15.3_1,Dhaka,Hazaribagh,Ward No-58,545.7918652895678,0.3814289315726291,0.7903225806451615
BGD.3.1.16.1_1,Dhaka,Jatrabari,Dhania(part),359.84953649217965,0.413410391742904,
BGD.3.1.16.2_1,Dhaka,Jatrabari,Matuail (part),640.4534848857219,0.2483847526506369,0.8776190476190476
BGD.3.1.16.3_1,Dhaka,Jatrabari,Ward No-76 (Part),636.9471709236266,0.4504119047619048,
BGD.3.1.16.4_1,Dhaka,Jatrabari,Ward No-84,429.51506025200115,0.44791182128451745,0.5
BGD.3.1.16.5_1,Dhaka,Jatrabari,Ward No-85,378.8258042689214,0.32162345513678975,0.4335664335664336
BGD.3.1.16.6_1,Dhaka,Jatrabari,Ward No-86,402.56619393472647,0.34362258246405414,0.9836065573770493
BGD.3.1.17.1_1,Dhaka,Kadamtali,Dhania(part),436.07831216012903,0.4506446811573341,0.0
BGD.3.1.17.2_1,Dhaka,Kadamtali,Matuail (part),504.33919262327083,0.3050977649265395,0.627450980392157
BGD.3.1.17.3_1,Dhaka,Kadamtali,Shyampur,393.97060309366884,0.26805598455598456,0.9900095147478593
BGD.3.1.17.4_1,Dhaka,Kadamtali,Ward No-88,376.28974076414016,0.4417361396303902,0.0
BGD.3.1.17.5_1,Dhaka,Kadamtali,Ward No-89,363.10590802796423,0.4937212162623846,
BGD.3.1.18.1_1,Dhaka,Kafrul,Ward No-04,444.41029738563014,0.3042341893830702,0.6547085201793723
BGD.3.1.18.2_1,Dhaka,Kafrul,Ward No-14 (part),895.8500364087763,0.41689189686924505,1.0
BGD.3.1.18.3_1,Dhaka,Kafrul,Ward No-15 (part),502.34801245515246,0.28366208447085284,0.9402597402597405
BGD.3.1.18.4_1,Dhaka,Kafrul,Ward No-16,433.0251356575882,0.2111023657030754,0.9653179190751446
BGD.3.1.19.1_1,Dhaka,Kalabagan,Ward No-50,899.8107260911623,0.45089208201892755,
BGD.3.1.19.2_1,Dhaka,Kalabagan,Ward No-51 (Part),667.4195481610291,0.3964804931910196,
BGD.3.1.20.1_1,Dhaka,Kamrangir Char,Sultanganj,205.9518892800089,0.3804904524699046,0.9956363636363637
BGD.3.1.21.1_1,Dhaka,Keraniganj,Aganagar,348.30538378632923,0.4026156846000569,0.9840425531914894
BGD.3.1.21.2_1,Dhaka,Keraniganj,Basta,27.687081648244856,0.049964302127700484,0.748717948717949
BGD.3.1.21.3_1,Dhaka,Keraniganj,Hazratpur,18.497452341278493,0.04910630495141138,0.8390804597701154
BGD.3.1.21.4_1,Dhaka,Keraniganj,Kalatia,18.80751021313257,0.06131336809369111,0.8344322344322348
BGD.3.1.21.5_1,Dhaka,Keraniganj,Kalindi,92.12104739306362,0.1574434584356366,0.9200857317819966
BGD.3.1.21.6_1,Dhaka,Keraniganj,Konda,63.550948042612106,0.08248567971364094,0.9327615417196076
BGD.3.1.21.7_1,Dhaka,Keraniganj,Ruhitpur,25.11386283968426,0.06944284670719475,0.9315417810906241
BGD.3.1.21.8_1,Dhaka,Keraniganj,Sakta,49.93183655473193,0.11914748798282214,0.8818587555788924
BGD.3.1.21.9_1,Dhaka,Keraniganj,Subhadya (Part),120.3917215534939,0.17892629088232198,0.8055968301139182
BGD.3.1.21.10_1,Dhaka,Keraniganj,Taranagar,25.51809787740096,0.06708653626065629,0.3178053830227747
BGD.3.1.21.11_1,Dhaka,Keraniganj,Tegharia,42.517359604930185,0.07321650231813798,0.20349761526232146
BGD.3.1.21.12_1,Dhaka,Keraniganj,Zinjira,308.8468863509962,0.2827753024193548,0.9966254218222722
BGD.3.1.22.1_1,Dhaka,Khilgaon,Dakshingaon (Part),429.47357264244476,0.2382438929133858,0.7082228116710878
BGD.3.1.22.2_1,Dhaka,Khilgaon,Nasirabad,79.72953643629064,0.03816470794720586,0.9765484894468202
BGD.3.1.22.3_1,Dhaka,Khilgaon,Ward No-24,961.2547310502429,0.37625619874577915,0.9024390243902439
BGD.3.1.22.4_1,Dhaka,Khilgaon,Ward No-25,1062.8341383656684,0.47345311913696053,0.6551724137931034
BGD.3.1.22.5_1,Dhaka,Khilgaon,Ward No-26,898.5948557020918,0.3958209711084259,0.4000000000000001
BGD.3.1.23.1_1,Dhaka,Khilkhet,Dakshinkhan (part),85.81277495647257,0.08420925693373041,0.9310260186548847
BGD.3.1.23.2_1,Dhaka,Khilkhet,Dumni,61.14477620705127,0.07122905152122742,0.9854758291784089
BGD.3.1.23.3_1,Dhaka,Khilkhet,Ward No-17 (Part),159.93841135550286,0.261251849357646,0.778084714548803
BGD.3.1.24.1_1,Dhaka,Kotwali,Ward No-68 (Part),665.1050650177563,0.46909179926560585,0.9166666666666666
BGD.3.1.24.2_1,Dhaka,Kotwali,Ward No-71 (Part),783.871287693487,0.35475046728971965,
BGD.3.1.24.3_1,Dhaka,Kotwali,Ward No-72,719.3339772676647,0.4866857142857142,
BGD.3.1.24.4_1,Dhaka,Kotwali,Ward No-73,502.76521466254604,0.3358390348197924,0.9931506849315068
BGD.3.1.25.1_1,Dhaka,Lalbagh,Ward No-56 (Part),1253.5221860658871,0.2330702797202797,
BGD.3.1.25.2_1,Dhaka,Lalbagh,Ward No-59,713.0949704960507,0.38509563189143337,0.0
BGD.3.1.25.3_1,Dhaka,Lalbagh,Ward No-60,743.4827752297972,0.47988735157459983,0.8181818181818182
BGD.3.1.25.4_1,Dhaka,Lalbagh,Ward No-61,1192.0013079874313,0.45029609030837003,
BGD.3.1.25.5_1,Dhaka,Lalbagh,Ward No-62,955.5652256250024,0.3167900898652022,0.7777777777777778
BGD.3.1.25.6_1,Dhaka,Lalbagh,Ward No-91,260.5333717998937,0.4235497063142438,0.9519230769230771
BGD.3.1.25.7_1,Dhaka,Lalbagh,Ward No-92,282.2351601705967,0.4104448395217119,0.8292682926829269
BGD.3.1.26.1_1,Dhaka,Mirpur,Ward No-07 (Part),1547.5918076812704,0.36091539166284936,0.0
BGD.3.1.26.2_1,Dhaka,Mirpur,Ward No-11,581.2097339757116,0.36372432372993185,0.7727272727272727
BGD.3.1.26.3_1,Dhaka,Mirpur,Ward No-12,597.1200356646925,0.38176474670367805,0.8333333333333334
BGD.3.1.26.4_1,Dhaka,Mirpur,Ward No-13,1017.7461022913728,0.4362010768899418,0.0
BGD.3.1.26.5_1,Dhaka,Mirpur,Ward No-14 (part),1003.3442914954512,0.4400706782106782,
BGD.3.1.27.1_1,Dhaka,Mohammadpur,Ward No-42,927.1094611989699,0.4252641412283928,0.42857142857142855
BGD.3.1.27.2_1,Dhaka,Mohammadpur,Ward No-44,995.6870441078066,0.37560944399018814,0.8
BGD.3.1.27.3_1,Dhaka,Mohammadpur,Ward No-45,762.9810455266816,0.3142470102411629,1.0
BGD.3.1.27.4_1,Dhaka,Mohammadpur,Ward No-46,534.0461028423977,0.2943863590772317,0.8435091879075283
BGD.3.1.27.5_1,Dhaka,Mohammadpur,Ward No-47(part),493.9836397321529,0.25866554641060824,0.9805068226120858
BGD.3.1.27.6_1,Dhaka,Mohammadpur,Ward No-51(part),516.481319489771,0.29937709183673467,
BGD.3.1.28.1_1,Dhaka,Motijheel,Ward No-31,541.8436338915217,0.40585842335095373,0.4
BGD.3.1.28.2_1,Dhaka,Motijheel,Ward No-32,440.5317206430126,0.3224256923732425,0.9333333333333336
BGD.3.1.28.3_1,Dhaka,Motijheel,Ward No-33,588.1998229019408,0.2743475993804853,0.4
BGD.3.1.28.4_1,Dhaka,Motijheel,Ward No-34,697.3839520985948,0.3389292381812706,0.7777777777777778
BGD.3.1.28.5_1,Dhaka,Motijheel,Ward No-35,673.4117262936127,0.4039991908006815,1.0
BGD.3.1.29.1_1,Dhaka,Nawabganj,Agla,11.880521958982543,0.0163431142078158,0.2805907172995788
BGD.3.1.29.2_1,Dhaka,Nawabganj,Bakshanagar,20.727556417379677,0.049530106359887124,0.682424916573972
BGD.3.1.29.3_1,Dhaka,Nawabganj,Bandura,14.29774060022897,0.04137319396744812,0.5536277602523666
BGD.3.1.29.4_1,Dhaka,Nawabganj,Barrah,16.238925778565946,0.0300966919205023,0.43784639746635046
BGD.3.1.29.5_1,Dhaka,Nawabganj,Baruakhali,9.621674568619342,0.031866803352831215,0.19777960526315838
BGD.3.1.29.6_1,Dhaka,Nawabganj,Churain,11.599268700581778,0.02852559365086056,0.37521853146853207
BGD.3.1.29.7_1,Dhaka,Nawabganj,Galimpur,14.537266432648906,0.027026233490566026,0.5934065934065941
BGD.3.1.29.8_1,Dhaka,Nawabganj,Jantrail,13.915890047838998,0.024258800859531932,0.18551294657489398
BGD.3.1.29.9_1,Dhaka,Nawabganj,Joykrishnapur,8.27442784387908,0.03145400316758142,0.6689130810437192
BGD.3.1.29.10_1,Dhaka,Nawabganj,Kailail,12.822424244252115,0.021214161107606842,0.6696832579185529
BGD.3.1.29.11_1,Dhaka,Nawabganj,Kalakopa,25.78127234550061,0.07837133442576226,0.48844884488448903
BGD.3.1.29.12_1,Dhaka,Nawabganj,Nayansree,9.422853970653819,0.028394723435578056,0.24039580908032643
BGD.3.1.29.13_1,Dhaka,Nawabganj,Shikari Para,8.618487077623698,0.03391291902795121,0.29205479452054833
BGD.3.1.29.14_1,Dhaka,Nawabganj,Sholla,11.179066570705384,0.029452748707044545,0.7974388824214207
BGD.3.1.30.1_1,Dhaka,New Market,Ward No-52,444.77161976647744,0.295092318169436,0.9
BGD.3.1.31.1_1,Dhaka,Pallabi,Ward No-02,107.90560243851897,0.2927339117280655,0.9904191616766468
BGD.3.1.31.2_1,Dhaka,Pallabi,Ward No-03,314.03439510508605,0.4219020473157417,0.0
BGD.3.1.31.3_1,Dhaka,Pallabi,Ward No-05,167.3806421715639,0.40781774298760604,0.9787234042553192
BGD.3.1.31.4_1,Dhaka,Pallabi,Ward No-06,775.3533809465025,0.2797414137380192,0.958490566037736
BGD.3.1.31.5_1,Dhaka,Pallabi,Ward No-15 (part),92.96927949216848,0.1812795936931474,0.9917469050894085
BGD.3.1.32.1_1,Dhaka,Paltan,Ward No-36,449.2239174244457,0.3544896636731819,0.8888888888888888
BGD.3.1.33.1_1,Dhaka,Ramna,Ward No-53,489.28174174123956,0.29829534436321664,0.9285714285714286
BGD.3.1.33.2_1,Dhaka,Ramna,Ward No-54,593.7448575901101,0.30886732340221057,0.9964788732394366
BGD.3.1.33.3_1,Dhaka,Ramna,Ward No-55,567.5454849171526,0.35977403529763685,0.9965277777777778
BGD.3.1.34.1_1,Dhaka,Rampura,Ward No-22,849.5819847639917,0.3484872801477018,0.9446540880503147
BGD.3.1.34.2_1,Dhaka,Rampura,Ward No-23,880.7579756820296,0.37751305970149246,0.47619047619047616
BGD.3.1.35.1_1,Dhaka,Sabujbagh,Dakshingaon (Part),272.9989236397203,0.1857530731707317,0.7608695652173916
BGD.3.1.35.2_1,Dhaka,Sabujbagh,Manda,668.882899203181,0.2619472186076773,0.4
BGD.3.1.35.3_1,Dhaka,Sabujbagh,Ward No-27,821.1411624023439,0.4596173028571429,0.16666666666666666
BGD.3.1.35.4_1,Dhaka,Sabujbagh,Ward No-28,784.4809783411016,0.4154066059225513,0.5333333333333334
BGD.3.1.35.5_1,Dhaka,Sabujbagh,Ward No-29,693.3350713597112,0.44877245421245426,0.14285714285714285
BGD.3.1.35.6_1,Dhaka,Sabujbagh,Ward No-30,584.6253665913736,0.3922663414634146,0.1818181818181818
BGD.3.1.36.1_1,Dhaka,Savar,Amin Bazar,99.44525754960846,0.06200290167186171,0.9966822023856545
BGD.3.1.36.2_1,Dhaka,Savar,Ashulia,60.228709907631696,0.17186881112105565,0.9814416077104464
BGD.3.1.36.3_1,Dhaka,Savar,Banagram,28.169783611866787,0.05484619309469676,0.9568703681205198
BGD.3.1.36.4_1,Dhaka,Savar,Bhakurta,23.779296647512304,0.055099688929773134,0.8516898608349908
BGD.3.1.36.5_1,Dhaka,Savar,Biralia,25.797252795926735,0.05607746935750955,0.9717174573994203
BGD.3.1.36.6_1,Dhaka,Savar,Dhamsana,52.182022671616345,0.17444254296310613,0.9282927343667557
BGD.3.1.36.7_1,Dhaka,Savar,Kaundia,98.19522348145394,0.04166487306893127,0.9992738538994045
BGD.3.1.36.8_1,Dhaka,Savar,Pathalia(part),34.07676598940766,0.10387176382867509,0.8104389086595496
BGD.3.1.36.9_1,Dhaka,Savar,Savar,34.485449779638536,0.09324081856808399,0.7349397590361446
BGD.3.1.36.10_1,Dhaka,Savar,Savar Paurashava,89.08686393819924,0.24498531960455802,0.8650751072961376
BGD.3.1.36.11_1,Dhaka,Savar,Shimulia,24.780443655555946,0.08298109459740707,0.7410589060308563
BGD.3.1.36.12_1,Dhaka,Savar,Tetuljhora,66.66668567747072,0.1519117539822812,0.8545831761599401
BGD.3.1.36.13_1,Dhaka,Savar,Yearpur,56.30879531133143,0.1586117636131823,0.9910040451609002
BGD.3.1.37.1_1,Dhaka,Shah Ali,Ward No-08,743.287396770309,0.1801943764413695,0.9551760939167555
BGD.3.1.38.1_1,Dhaka,Shahbagh,Ward No-56(part),292.0829411976783,0.18859331681189537,0.9444444444444444
BGD.3.1.38.2_1,Dhaka,Shahbagh,Ward No-57,522.4860642892448,0.2763035909588043,1.0
BGD.3.1.39.1_1,Dhaka,Sher-e-bangla Nagar,Ward No-40 (Part),388.52565694946617,0.19828134841767323,0.9662921348314608
BGD.3.1.39.2_1,Dhaka,Sher-e-bangla Nagar,Ward No-41,678.6267843225074,0.35986829122439806,0.9764705882352942
BGD.3.1.40.1_1,Dhaka,Shyampur,Ward No-83,327.3215074120742,0.38494246889325473,0.9956521739130435
BGD.3.1.40.2_1,Dhaka,Shyampur,Ward No-87,451.54922675372535,0.41607053419530454,0.8571428571428571
BGD.3.1.40.3_1,Dhaka,Shyampur,Ward No-90,386.1395524046622,0.38013366892999295,0.8709677419354839
BGD.3.1.41.1_1,Dhaka,Sutrapur,Ward No-74,1180.2887897421294,0.4487518129269574,0.0
BGD.3.1.41.2_1,Dhaka,Sutrapur,Ward No-75,541.3281193451953,0.3679206362854687,0.0
BGD.3.1.41.3_1,Dhaka,Sutrapur,Ward No-77,822.7378418173565,0.4243346756152125,
BGD.3.1.41.4_1,Dhaka,Sutrapur,Ward No-78,777.269762424352,0.452613085621971,
BGD.3.1.41.5_1,Dhaka,Sutrapur,Ward No-79,496.97204958502215,0.40454123246492985,0.9909090909090907
BGD.3.1.41.6_1,Dhaka,Sutrapur,Ward No-80 (Part),665.1965606802064,0.5203809963099632,1.0
BGD.3.1.43.1_1,Dhaka,Tejgaon,Ward No-38 (Part),659.8914464896394,0.33595908519728573,
BGD.3.1.43.2_1,Dhaka,Tejgaon,Ward No-39,856.2472482325974,0.3665865744349182,1.0
BGD.3.1.43.3_1,Dhaka,Tejgaon,Ward No-40 (Part),550.6936178898468,0.30510196687370605,0.0
BGD.3.1.42.1_1,Dhaka,Tejgaon Ind. Area,Ward No-20 (Part),696.0443327997772,0.45290598591549297,
BGD.3.1.42.2_1,Dhaka,Tejgaon Ind. Area,Ward No-37,601.8150699675249,0.30359240614334454,0.997716894977169
BGD.3.1.42.3_1,Dhaka,Tejgaon Ind. Area,Ward No-38 (Part),778.0728067713461,0.4503074803149607,
BGD.3.1.44.1_1,Dhaka,Turag,Harirampur (Part),105.68572916613644,0.12772326867343484,0.9482479181802937
BGD.3.1.45.1_1,Dhaka,Uttar Khan,Uttar Khan,96.05581762618614,0.13798882962897657,0.9652141152831848
BGD.3.1.46.1_1,Dhaka,Uttara,Ward No-01,282.0938695584665,0.3913243901661298,0.9589947089947091
BGD.3.2.1.1_1,Faridpur,Alfadanga,Alfadanga,9.294803006681448,0.025031145059353353,0.0
BGD.3.2.1.2_1,Faridpur,Alfadanga,Bana,5.580769789760297,0.016932658920640633,0.8979132569558106
BGD.3.2.1.3_1,Faridpur,Alfadanga,Buraich,8.633880984396182,0.020085960188642525,0.894704584456975
BGD.3.2.1.4_1,Faridpur,Alfadanga,Gopalpur,9.296807488981361,0.02322448600563088,0.960700815184329
BGD.3.2.1.5_1,Faridpur,Alfadanga,Panchuria,5.560482638333792,0.014750672834851953,0.9284155390659096
BGD.3.2.1.6_1,Faridpur,Alfadanga,Tagarbanda,8.814359875025293,0.014089066815097097,0.9234286314904337
BGD.3.2.2.1_1,Faridpur,Bhanga,Algi,10.531015960061724,0.01715244496147501,0.3185466835656956
BGD.3.2.2.2_1,Faridpur,Bhanga,Azimnagar,9.379763683318934,0.026012144549763024,0.03465765004226551
BGD.3.2.2.3_1,Faridpur,Bhanga,Bhanga Paurashava,25.832683143671883,0.041122498961146885,0.7199511897498483
BGD.3.2.2.4_1,Faridpur,Bhanga,Chandra,12.810132422759185,0.024833229962504574,0.7572649572649578
BGD.3.2.2.5_1,Faridpur,Bhanga,Chumordi,11.627655597808262,0.011705447078319761,0.2904411764705887
BGD.3.2.2.6_1,Faridpur,Bhanga,Gharua,9.662211427217327,0.01829761561894212,0.1605306799336654
BGD.3.2.2.7_1,Faridpur,Bhanga,Hamirdi,12.773640171475309,0.018922078146883407,0.3223915592028142
BGD.3.2.2.8_1,Faridpur,Bhanga,Kalamridha,8.16408321978861,0.023881020287693788,0.10780423280423303
BGD.3.2.2.9_1,Faridpur,Bhanga,Kaolibera,9.515469678157181,0.017885096399535432,0.3966942148760334
BGD.3.2.2.10_1,Faridpur,Bhanga,Manikdaha,10.148000660677111,0.015619202493951236,0.2513562386980114
BGD.3.2.2.11_1,Faridpur,Bhanga,Nasirabad,8.958439945768964,0.019808426613990536,0.7085553997194955
BGD.3.2.2.12_1,Faridpur,Bhanga,Nurullaganj,9.464524134620458,0.014825754754903012,0.5482689747004004
BGD.3.2.2.13_1,Faridpur,Bhanga,Tuzarpur,10.527038480585414,0.018335496798562802,0.8329364134317683
BGD.3.2.3.1_1,Faridpur,Boalmari,Boalmari,6.61669772786272,0.019437595345579088,0.05350772889417368
BGD.3.2.3.2_1,Faridpur,Boalmari,Boalmari Paurashava,11.87114860521675,0.07892684539490676,0.32758620689655177
BGD.3.2.3.3_1,Faridpur,Boalmari,Chandpur,6.437307391026719,0.022722444142166436,0.6340206185567017
BGD.3.2.3.4_1,Faridpur,Boalmari,Chatul,6.750393242388673,0.025014416117983884,0.3720735785953181
BGD.3.2.3.5_1,Faridpur,Boalmari,Dadpur,6.264929892480313,0.020893762418731844,0.14981273408239731
BGD.3.2.3.6_1,Faridpur,Boalmari,Ghoshpur,5.989274876471776,0.013899289112635535,0.6438863729930018
BGD.3.2.3.7_1,Faridpur,Boalmari,Gunbaha,6.637050962452472,0.023560775930324622,0.6773049645390077
BGD.3.2.3.8_1,Faridpur,Boalmari,Moyna,6.5153700661367315,0.016166737351340454,0.4335025380710664
BGD.3.2.3.9_1,Faridpur,Boalmari,Parameshwardi,5.853410888086163,0.015752408060234153,0.019736842105263212
BGD.3.2.3.10_1,Faridpur,Boalmari,Rupapat,6.14615821220214,0.021960084646818447,0.03501945525291838
BGD.3.2.3.11_1,Faridpur,Boalmari,Satair,6.779535170736628,0.020056370183256993,0.6002805049088366
BGD.3.2.3.12_1,Faridpur,Boalmari,Shekhar,6.594427119986832,0.017047902230895185,0.2861150070126234
BGD.3.2.4.1_1,Faridpur,Char Bhadrasan,Char Bhadrasan,8.489233520751586,0.025869489382200628,0.9808942727353707
BGD.3.2.4.2_1,Faridpur,Char Bhadrasan,Char Harirampur,5.747432437617937,0.007775817934064711,0.9457677378914626
BGD.3.2.4.3_1,Faridpur,Char Bhadrasan,Char Jhaukanda,4.707253694960487,0.0003691775655259607,1.0
BGD.3.2.4.4_1,Faridpur,Char Bhadrasan,Gazirtek,9.843305785060119,0.022643679528431982,0.9561364860234065
BGD.3.2.5.1_1,Faridpur,Faridpur Sadar,Aliabad,13.477981471014127,0.039968985617385266,0.89115551208607
BGD.3.2.5.2_1,Faridpur,Faridpur Sadar,Ambikapur,17.489810193141114,0.03999221519348039,0.6118721461187222
BGD.3.2.5.3_1,Faridpur,Faridpur Sadar,Char Madhabdia,7.705633270294567,0.020519994389806468,0.5666026256804363
BGD.3.2.5.4_1,Faridpur,Faridpur Sadar,Decreerchar,14.520685547293976,0.01404251106900779,0.959305936073059
BGD.3.2.5.5_1,Faridpur,Faridpur Sadar,Faridpur Paurashava,46.601873667177124,0.1662028522148177,0.7755443886097158
BGD.3.2.5.6_1,Faridpur,Faridpur Sadar,Greda,12.199808367347465,0.029863034555928866,0.48251748251748344
BGD.3.2.5.7_1,Faridpur,Faridpur Sadar,Ishan Gopalpur,7.54926608872683,0.02004628102962186,0.2467105263157898
BGD.3.2.5.8_1,Faridpur,Faridpur Sadar,Kaijuri,12.204782197713786,0.026124416012092762,0.15800749866095384
BGD.3.2.5.9_1,Faridpur,Faridpur Sadar,Kanaipur,12.270865107351527,0.028253187237964966,0.31616341030195444
BGD.3.2.5.10_1,Faridpur,Faridpur Sadar,Krishnanagar,7.968232494072386,0.01788113764421786,0.2559652928416491
BGD.3.2.5.11_1,Faridpur,Faridpur Sadar,Majchar,8.367086990010469,0.02264600955193867,0.2395437262357419
BGD.3.2.5.12_1,Faridpur,Faridpur Sadar,Uttar Channel,6.242468957482883,0.008346729434097519,0.9311564007374286
BGD.3.2.6.1_1,Faridpur,Madhukhali,Bagat,7.728610817849425,0.018869044287713098,0.9653755868544602
BGD.3.2.6.2_1,Faridpur,Madhukhali,Dumain,8.752371452996522,0.017785058397100286,0.8044016506189823
BGD.3.2.6.3_1,Faridpur,Madhukhali,Gajna,8.514676097712437,0.014481150950251188,0.29442282749675786
BGD.3.2.6.4_1,Faridpur,Madhukhali,Jahapur,6.404026373873288,0.014163641456582634,0.040358744394618916
BGD.3.2.6.5_1,Faridpur,Madhukhali,Kamarkhali,9.60088752744989,0.014739901369137588,0.937034161490682
BGD.3.2.6.6_1,Faridpur,Madhukhali,Madhukhali,9.774894403994558,0.024112514362468244,0.09385863267670932
BGD.3.2.6.7_1,Faridpur,Madhukhali,Megchami,6.55557250119573,0.013742429884000502,0.07687253613666245
BGD.3.2.6.8_1,Faridpur,Madhukhali,Noapara,7.946788751084073,0.016032680255262406,0.9501399135080134
BGD.3.2.6.9_1,Faridpur,Madhukhali,Raipur,7.05891159462113,0.01372329734021976,0.15185185185185213
BGD.3.2.7.1_1,Faridpur,Nagarkanda,Char Jasordi,7.954165312081457,0.012736492904554806,0.12177250523377553
BGD.3.2.7.2_1,Faridpur,Nagarkanda,Dangi,8.802074315261457,0.019348436900126144,0.04616240266963307
BGD.3.2.7.3_1,Faridpur,Nagarkanda,Kaichail,9.209481689962688,0.02676617407904969,0.6702836004932187
BGD.3.2.7.4_1,Faridpur,Nagarkanda,Kodalia Shohidnagar,7.708815150321963,0.02000765668371073,0.14662447257384
BGD.3.2.7.5_1,Faridpur,Nagarkanda,Laskardia,7.506216169505183,0.024504122787741497,0.15318416523235848
BGD.3.2.7.6_1,Faridpur,Nagarkanda,Nagarkanda Paurashava,8.74445504989339,0.029103235330298922,0.727772685609533
BGD.3.2.7.7_1,Faridpur,Nagarkanda,Phulsuti,7.509161411081287,0.024057691805675192,0.3671220802115476
BGD.3.2.7.8_1,Faridpur,Nagarkanda,Pura Para,8.472167978744702,0.017313025602930448,0.5608726249120347
BGD.3.2.7.9_1,Faridpur,Nagarkanda,Ramnagar,8.444174604759521,0.022059767564803667,0.024883359253499274
BGD.3.2.7.10_1,Faridpur,Nagarkanda,Talma,8.066671335683523,0.02165147285595667,0.09288824383164034
BGD.3.2.8.1_1,Faridpur,Sadarpur,Akter Char,6.29669341023811,0.031009585095599285,0.9280937740199832
BGD.3.2.8.2_1,Faridpur,Sadarpur,Bhashanchar,6.364067728964922,0.03007131395539228,0.4296770749933288
BGD.3.2.8.3_1,Faridpur,Sadarpur,Char Bishnupur,6.808597069796172,0.03555174798385761,0.4125511596180089
BGD.3.2.8.4_1,Faridpur,Sadarpur,Char Manair,8.098269188857284,0.03390412147799123,0.8510383386581472
BGD.3.2.8.5_1,Faridpur,Sadarpur,Char Nasirpur,5.550097923991121,0.014288454767837949,0.9736062193969587
BGD.3.2.8.6_1,Faridpur,Sadarpur,Dheukhali,7.656803481875191,0.02452413829860134,0.9402446953129544
BGD.3.2.8.7_1,Faridpur,Sadarpur,Krishnapur,6.665444654510291,0.024805225854477475,0.19200000000000045
BGD.3.2.8.8_1,Faridpur,Sadarpur,Narikelbaria,6.708083109779651,0.0032862445282790622,1.0
BGD.3.2.8.9_1,Faridpur,Sadarpur,Sadarpur,11.799286004510959,0.033143536827451074,0.021406727828746225
BGD.3.2.9.1_1,Faridpur,Saltha,Atghar,7.035524165608521,0.01391513410717526,0.1586563307493544
BGD.3.2.9.2_1,Faridpur,Saltha,Ballabhdi,8.466414058048468,0.013773213226497232,0.3922046285018277
BGD.3.2.9.3_1,Faridpur,Saltha,Bhawal,7.863061490077765,0.019350039591813972,0.119644300727567
BGD.3.2.9.4_1,Faridpur,Saltha,Gatti,7.873567440166949,0.017988017081906563,0.16744548286604413
BGD.3.2.9.5_1,Faridpur,Saltha,Jadunandi,7.2025063757196754,0.013835130189872216,0.04625550660792963
BGD.3.2.9.6_1,Faridpur,Saltha,Majhardia,7.396136405433051,0.020162170742368125,0.2507619839290669
BGD.3.2.9.7_1,Faridpur,Saltha,Ramkantapur,7.261431823982995,0.01954637594504459,0.3258581235697948
BGD.3.2.9.8_1,Faridpur,Saltha,Sonapur,7.385827310801611,0.01362558318890094,0.33708609271523243
BGD.3.3.1.1_1,Gazipur,Gazipur Sadar,Baria,18.21638072781169,0.017224650941428755,0.9161718131433072
BGD.3.3.1.2_1,Gazipur,Gazipur Sadar,Basan,102.51104090006076,0.14169405872235274,0.9805281014898937
BGD.3.3.1.3_1,Gazipur,Gazipur Sadar,Gachha,119.46766856149091,0.1833596207664176,0.9600503302925449
BGD.3.3.1.4_1,Gazipur,Gazipur Sadar,Gazipur Paurashava,57.82419263333594,0.10419496856979592,0.48834498834498913
BGD.3.3.1.5_1,Gazipur,Gazipur Sadar,Kashimpur,50.74929651027425,0.13774001116010967,0.9297562973581818
BGD.3.3.1.6_1,Gazipur,Gazipur Sadar,Kayaltia,42.57672207687614,0.06311431256874937,0.9564307600328812
BGD.3.3.1.7_1,Gazipur,Gazipur Sadar,Konabari,74.88050003487665,0.17163969070271462,0.9804613297150612
BGD.3.3.1.8_1,Gazipur,Gazipur Sadar,Mirzapur,44.062189529216916,0.06769854761489055,0.8844145294185901
BGD.3.3.1.9_1,Gazipur,Gazipur Sadar,Pubail,42.40541531531381,0.05164360319176218,0.8903921747874557
BGD.3.3.1.10_1,Gazipur,Gazipur Sadar,Tongi Paurashava,193.1710546880796,0.22575377683631206,0.9437278418948468
BGD.3.3.2.1_1,Gazipur,Kaliakair,Atabaha,30.297658573618097,0.07260471479012853,0.7230383973288819
BGD.3.3.2.2_1,Gazipur,Kaliakair,Boali,11.346843305513383,0.021775846532993765,0.9798229138717454
BGD.3.3.2.3_1,Gazipur,Kaliakair,Chapair,12.229915792278748,0.017171527141880662,0.9297038327526121
BGD.3.3.2.4_1,Gazipur,Kaliakair,Dhaljora,12.792758552897622,0.02573157299044374,0.49414250048012354
BGD.3.3.2.5_1,Gazipur,Kaliakair,Fulbaria,8.430314204778837,0.02188636106021668,0.9011660188783984
BGD.3.3.2.6_1,Gazipur,Kaliakair,Kaliakair Paurashava,57.563040300109215,0.12255532874828062,0.8050770625566638
BGD.3.3.2.7_1,Gazipur,Kaliakair,Madhyapara,17.40698303729501,0.028504386638019203,0.9798272837673695
BGD.3.3.2.8_1,Gazipur,Kaliakair,Mouchak,47.27998900059426,0.11534446312658128,0.9211101996171728
BGD.3.3.2.9_1,Gazipur,Kaliakair,Sreefaltali,26.388142315398465,0.04921331669380736,0.6688665710186521
BGD.3.3.2.10_1,Gazipur,Kaliakair,Sutrapur,32.65699461566998,0.06263720755051397,0.6263657957244662
BGD.3.3.4.1_1,Gazipur,Kaliganj,Bahadursadi,25.739217930360372,0.03511835058111765,0.7329523809523814
BGD.3.3.4.2_1,Gazipur,Kaliganj,Baktarpur,13.914302403857716,0.017962666092077865,0.8896051067025417
BGD.3.3.4.3_1,Gazipur,Kaliganj,Jamalpur,24.454880457239998,0.03678802777466679,0.6671368124118481
BGD.3.3.4.4_1,Gazipur,Kaliganj,Jangalia,11.154585261912668,0.01645121544526626,0.9072262972018448
BGD.3.3.4.5_1,Gazipur,Kaliganj,Moktarpur,15.514737846024216,0.02181824494731387,0.858947852056054
BGD.3.3.4.6_1,Gazipur,Kaliganj,Nagari,12.067275554291912,0.02919299289493576,0.8702185792349731
BGD.3.3.4.7_1,Gazipur,Kaliganj,Tumulia,12.474714486214319,0.028961931444876195,0.6056964842011575
BGD.3.3.3.1_1,Gazipur,Kaliganj Paurashava,Kaliganj,44.410402195944286,0.06248952320007188,0.9520715861730817
BGD.3.3.5.1_1,Gazipur,Kapasia,Barishaba,9.653117627413511,0.021223391405737053,0.8390770152831888
BGD.3.3.5.2_1,Gazipur,Kapasia,Chandpur,9.528979434089463,0.01719700996885513,0.6076409945421476
BGD.3.3.5.3_1,Gazipur,Kapasia,Durgapur,12.907658355349703,0.023351836147179658,0.9301738226117964
BGD.3.3.5.4_1,Gazipur,Kapasia,Ghagotia,12.32458001963967,0.022419960535109952,0.878472222222223
BGD.3.3.5.5_1,Gazipur,Kapasia,Kapasia,16.545315955384996,0.029396565065796892,0.8988995873452548
BGD.3.3.5.6_1,Gazipur,Kapasia,Karihata,11.142557461563452,0.015091017001545583,0.8477250083028897
BGD.3.3.5.7_1,Gazipur,Kapasia,Rayed,9.711480144902694,0.016866015547755592,0.9158174568010636
BGD.3.3.5.8_1,Gazipur,Kapasia,Sanmania,13.255824245218427,0.020214831056932538,0.9083466453674124
BGD.3.3.5.9_1,Gazipur,Kapasia,Singasree,11.847063786026247,0.019463462330530288,0.936787787572565
BGD.3.3.5.10_1,Gazipur,Kapasia,Targaon,14.648065174726003,0.01839759025843958,0.9149018097805162
BGD.3.3.5.11_1,Gazipur,Kapasia,Toke,10.076108966786952,0.019584386289485858,0.8990077958894405
BGD.3.3.6.1_1,Gazipur,Sreepur,Barmi,11.030694344468213,0.026698544905880986,0.8803783948733602
BGD.3.3.6.2_1,Gazipur,Sreepur,Gazipur,13.98437450249817,0.05731768250392279,0.46178343949044615
BGD.3.3.6.3_1,Gazipur,Sreepur,Gosinga,9.835017766878043,0.01632084728830075,0.9587061252580868
BGD.3.3.6.4_1,Gazipur,Sreepur,Kaoraid,8.003778258255135,0.016549769101082402,0.9298135868885274
BGD.3.3.6.5_1,Gazipur,Sreepur,Maona,11.139212140622842,0.035237584911154814,0.6192946058091291
BGD.3.3.6.6_1,Gazipur,Sreepur,Prahladpur,10.71367462184883,0.015070017596330382,0.8787017294479983
BGD.3.3.6.7_1,Gazipur,Sreepur,Rajabari,12.16248004127788,0.027300881554672137,0.32898172323759867
BGD.3.3.6.8_1,Gazipur,Sreepur,Sreepur Paurashava,30.12816117459178,0.11725142316950958,0.6449275362318847
BGD.3.3.6.9_1,Gazipur,Sreepur,Telihati,18.42570523911896,0.06523969261328362,0.7286432160804021
BGD.3.4.1.1_1,Gopalganj,Gopalganj Sadar,Baultali,6.510385963317426,0.016828902559449157,0.4245142002989545
BGD.3.4.1.2_1,Gopalganj,Gopalganj Sadar,Borasi,8.346479210328939,0.021271468442752926,0.04580152671755734
BGD.3.4.1.3_1,Gopalganj,Gopalganj Sadar,Chandra Dighalia,5.873907668213226,0.020354468731026122,0.006944444444444458
BGD.3.4.1.4_1,Gopalganj,Gopalganj Sadar,Durgapur,12.087131938115268,0.035772228599340615,0.33764553686934096
BGD.3.4.1.5_1,Gopalganj,Gopalganj Sadar,Gobra,10.676088185642076,0.01918902249696559,0.9551712558764273
BGD.3.4.1.6_1,Gopalganj,Gopalganj Sadar,Gopalganj Paurashava,24.787751779692126,0.08970503904822488,0.9275875639512003
BGD.3.4.1.7_1,Gopalganj,Gopalganj Sadar,Gopinathpur,5.384964422967915,0.01816592088461434,0.08080808080808095
BGD.3.4.1.8_1,Gopalganj,Gopalganj Sadar,Haridaspur,9.318956430018307,0.01811907545979851,0.8255431204739965
BGD.3.4.1.9_1,Gopalganj,Gopalganj Sadar,Jalalabad,5.61365366762042,0.01060043613280358,0.9389682445992195
BGD.3.4.1.10_1,Gopalganj,Gopalganj Sadar,Kajulia,4.185480087457752,0.008195209576744534,0.179279530857303
BGD.3.4.1.11_1,Gopalganj,Gopalganj Sadar,Karpara,5.3885805582983295,0.014529786366665362,0.30856553147574883
BGD.3.4.1.12_1,Gopalganj,Gopalganj Sadar,Kati,4.5587785775195915,0.011750577055299093,0.032258064516129115
BGD.3.4.1.13_1,Gopalganj,Gopalganj Sadar,Latifpur,13.297028704218329,0.018173065832043887,0.9658792650918636
BGD.3.4.1.14_1,Gopalganj,Gopalganj Sadar,Majhigati,6.824016687669314,0.021080915178571427,0.0028409090909090984
BGD.3.4.1.15_1,Gopalganj,Gopalganj Sadar,Nizra,4.954407595186749,0.014096293477433594,0.07003444316877167
BGD.3.4.1.16_1,Gopalganj,Gopalganj Sadar,Paikkandi,6.335471773944619,0.01675770908103006,0.8426966292134835
BGD.3.4.1.17_1,Gopalganj,Gopalganj Sadar,Raghunathpur,6.170570920165364,0.015657494031559957,0.3513831665685705
BGD.3.4.1.18_1,Gopalganj,Gopalganj Sadar,Sahapur,5.117122586557288,0.012322347657198352,0.027339642481598394
BGD.3.4.1.19_1,Gopalganj,Gopalganj Sadar,Satpar,6.694355537852069,0.011389542933340898,0.4451594851706782
BGD.3.4.1.20_1,Gopalganj,Gopalganj Sadar,Suktail,5.4393062383331054,0.011936782799618873,0.854514088556642
BGD.3.4.1.21_1,Gopalganj,Gopalganj Sadar,Ulpur,6.778637456010464,0.013727418194476681,0.6680688336520083
BGD.3.4.1.22_1,Gopalganj,Gopalganj Sadar,Urafi,6.653559167279341,0.012643362779391713,0.9360093077370565
BGD.3.4.2.1_1,Gopalganj,Kashiani,Bethuri,5.503326086384797,0.01663375643917714,0.007021063189568713
BGD.3.4.2.2_1,Gopalganj,Kashiani,Fukura,6.50287083774468,0.015180743158039555,0.9619901772368088
BGD.3.4.2.3_1,Gopalganj,Kashiani,Hatiara,4.9709225800725,0.014724589115332002,0.03709949409780784
BGD.3.4.2.4_1,Gopalganj,Kashiani,Kashiani,11.458210472039795,0.028665386909834664,0.8545204222120241
BGD.3.4.2.5_1,Gopalganj,Kashiani,Maheshpur,6.221086206844323,0.017728059213627943,0.07198443579766557
BGD.3.4.2.6_1,Gopalganj,Kashiani,Mamudpur,5.105976943384136,0.024032916071938342,0.0
BGD.3.4.2.7_1,Gopalganj,Kashiani,Nijamkandi,4.773594502681975,0.00916358296778579,0.022394487510766618
BGD.3.4.2.8_1,Gopalganj,Kashiani,Orakandi,4.9496641361151505,0.018399315405893558,0.0
BGD.3.4.2.9_1,Gopalganj,Kashiani,Parulia,4.683346206916447,0.019345900545396217,0.05050505050505064
BGD.3.4.2.10_1,Gopalganj,Kashiani,Puisur,5.329029866833105,0.014389871800213897,0.08366533864541839
BGD.3.4.2.11_1,Gopalganj,Kashiani,Rajpat,5.558070811657199,0.022807920302980407,0.06149116064565727
BGD.3.4.2.12_1,Gopalganj,Kashiani,Ratail,6.0621201617519915,0.013976045305204913,0.9769215913480105
BGD.3.4.2.13_1,Gopalganj,Kashiani,Sajail,5.338633263567025,0.019951779952823805,0.023136246786632456
BGD.3.4.2.14_1,Gopalganj,Kashiani,Singa,5.321169630578983,0.00967956073980664,0.039944903581267316
BGD.3.4.3.1_1,Gopalganj,Kotali Para,Amtali,5.370019426370543,0.017975799242374576,0.008443908323281084
BGD.3.4.3.2_1,Gopalganj,Kotali Para,Bandhabari,6.9572488632265985,0.01417397421326958,0.01272264631043259
BGD.3.4.3.3_1,Gopalganj,Kotali Para,Ghagar,7.763500293663955,0.031035535330052214,0.5401785714285721
BGD.3.4.3.4_1,Gopalganj,Kotali Para,Hiran,6.384851132810548,0.021907271336080045,0.04808635917566253
BGD.3.4.3.5_1,Gopalganj,Kotali Para,Kalabari,5.124749471449037,0.009559618779499757,0.3455767077267636
BGD.3.4.3.6_1,Gopalganj,Kotali Para,Kandi,3.1489861623677964,0.004944003885072201,0.40501996577296145
BGD.3.4.3.7_1,Gopalganj,Kotali Para,Kotalipara Paurashava,19.463941157614094,0.06775159788626071,0.50462962962963
BGD.3.4.3.8_1,Gopalganj,Kotali Para,Kushla,5.564338652783176,0.013735653971941446,0.819275403339938
BGD.3.4.3.9_1,Gopalganj,Kotali Para,Pinjuri,4.536199432624842,0.014057914055862368,0.2511984659635674
BGD.3.4.3.10_1,Gopalganj,Kotali Para,Radhaganj,5.920091362433421,0.014205957188237918,0.20641997325011194
BGD.3.4.3.11_1,Gopalganj,Kotali Para,Ramshil,5.1714685911819265,0.009574527274229779,0.11804472178887186
BGD.3.4.3.12_1,Gopalganj,Kotali Para,Sadullapur,4.980725100227048,0.009717351610227009,0.08436482084690498
BGD.3.4.3.13_1,Gopalganj,Kotali Para,Suagram,3.7394680396766495,0.006959320258948974,0.14648437500000036
BGD.3.4.4.1_1,Gopalganj,Muksudpur,Bahugram,5.647350622155925,0.02242143065207439,0.0020876826722338233
BGD.3.4.4.2_1,Gopalganj,Muksudpur,Banshbaria,6.40002043803652,0.016476806373397993,0.10211640211640229
BGD.3.4.4.3_1,Gopalganj,Muksudpur,Batikamari,7.318509020645022,0.015931247655287008,0.08692365835223
BGD.3.4.4.4_1,Gopalganj,Muksudpur,Bhabrasur,6.199567311509037,0.019922554599029363,0.04595879556259913
BGD.3.4.4.5_1,Gopalganj,Muksudpur,Dignagar,7.2243498874393834,0.010019226663912134,0.14434060228452789
BGD.3.4.4.6_1,Gopalganj,Muksudpur,Gobindapur,6.749182486742146,0.019055065590730395,0.5255591054313105
BGD.3.4.4.7_1,Gopalganj,Muksudpur,Gohala,9.779422278434541,0.013029523086314974,0.5625350532809877
BGD.3.4.4.8_1,Gopalganj,Muksudpur,Jalirpar,9.962867549627596,0.018695003183157387,0.3255753814326357
BGD.3.4.4.9_1,Gopalganj,Muksudpur,Kasalia,6.343794927815003,0.008777910804387336,0.3029355149181912
BGD.3.4.4.10_1,Gopalganj,Muksudpur,Khandarpar,5.704535284877057,0.018870355608043832,0.039106145251396704
BGD.3.4.4.11_1,Gopalganj,Muksudpur,Maharajpur,7.506041296544989,0.018468344334722067,0.3890577507598792
BGD.3.4.4.12_1,Gopalganj,Muksudpur,Mochna,6.38524475144139,0.01596179108654586,0.02714932126696836
BGD.3.4.4.13_1,Gopalganj,Muksudpur,Muksudpur Paurashava,8.793633848488076,0.02857993382000052,0.7663734115347021
BGD.3.4.4.14_1,Gopalganj,Muksudpur,Nanikshir,8.252273076502233,0.015246554482600996,0.16628959276018138
BGD.3.4.4.15_1,Gopalganj,Muksudpur,Pasargati,6.544570425471611,0.014008459180357976,0.1879432624113478
BGD.3.4.4.16_1,Gopalganj,Muksudpur,Raghdi,9.688153601871354,0.020370435796494554,0.4322881921280861
BGD.3.4.4.17_1,Gopalganj,Muksudpur,Ujani,5.791250526520179,0.014020563584260314,0.24909420289855125
BGD.3.4.5.1_1,Gopalganj,Tungi Para,Barni,5.475109278199255,0.01279281591737546,0.7278603749191993
BGD.3.4.5.2_1,Gopalganj,Tungi Para,Dumuria,3.8950260318506733,0.01043001157296496,0.5234251623091783
BGD.3.4.5.3_1,Gopalganj,Tungi Para,Gopalpur,3.803581448066911,0.007732824920211815,0.05594405594405609
BGD.3.4.5.4_1,Gopalganj,Tungi Para,Kushli,6.707807400813177,0.01381660426230349,0.967238689547582
BGD.3.4.5.5_1,Gopalganj,Tungi Para,Patgati,7.22943941153366,0.02426657833958842,0.7159021406727833
BGD.3.4.5.6_1,Gopalganj,Tungi Para,Tungipara Paurashava,6.290853110186909,0.013403945858234066,0.38477801268498973
BGD.3.6.1.1_1,Kishoreganj,Austagram,Adampur,5.036157451104047,0.0037686363198922153,0.9995695530525863
BGD.3.6.1.2_1,Kishoreganj,Austagram,Austagram,8.037165267796023,0.023707762120062044,0.9839685554034351
BGD.3.6.1.3_1,Kishoreganj,Austagram,Bangal Para,7.672892427638482,0.0018513276634903666,0.9999029031944849
BGD.3.6.1.4_1,Kishoreganj,Austagram,Deoghar,5.760130299929119,0.0033962524082235875,0.9999179285157371
BGD.3.6.1.5_1,Kishoreganj,Austagram,Kalma,6.198924492073481,0.0013632591751797203,1.0
BGD.3.6.1.6_1,Kishoreganj,Austagram,Kastail,4.454647740898393,0.002513799242227643,0.9997799683154375
BGD.3.6.1.7_1,Kishoreganj,Austagram,Khayerpur Abdullahpur,5.170509570031179,0.0033277148418679073,0.9995379026467512
BGD.3.6.1.8_1,Kishoreganj,Austagram,Purba Austagram,4.608818334377386,0.006926191765174817,0.9868065814273352
BGD.3.6.2.1_1,Kishoreganj,Bajitpur,Bajitpur Paurashava,21.793028289974963,0.0647726666021859,0.7763589930682239
BGD.3.6.2.2_1,Kishoreganj,Bajitpur,Baliardi,15.998775316679868,0.016063256544796435,0.9820363636363635
BGD.3.6.2.3_1,Kishoreganj,Bajitpur,Dighirpar,14.914855426898486,0.020840667501280368,0.9959713886376719
BGD.3.6.2.4_1,Kishoreganj,Bajitpur,Dilalpur,12.636941575887848,0.021552631052420956,0.9518757426582923
BGD.3.6.2.5_1,Kishoreganj,Bajitpur,Gazir Char,14.494950501882611,0.0224312376105802,0.4033195020746893
BGD.3.6.2.6_1,Kishoreganj,Bajitpur,Halimpur,10.009737408796942,0.018104768499116262,0.7482269503546105
BGD.3.6.2.7_1,Kishoreganj,Bajitpur,Hilachia,12.734867811188144,0.01765637926738101,0.9165965207631823
BGD.3.6.2.8_1,Kishoreganj,Bajitpur,Humaipur,8.42273024894857,0.004345721667109913,1.0
BGD.3.6.2.9_1,Kishoreganj,Bajitpur,Kailag,12.883487059836096,0.01781485761077245,0.987519838407156
BGD.3.6.2.10_1,Kishoreganj,Bajitpur,Maij Char,9.715895037934743,0.003236414143627043,1.0
BGD.3.6.2.11_1,Kishoreganj,Bajitpur,Pirijpur,13.02374815968079,0.016032899101869082,0.5219885277246659
BGD.3.6.2.12_1,Kishoreganj,Bajitpur,Sarar Char,20.68946378703953,0.029424977415670982,0.46153846153846195
BGD.3.6.3.1_1,Kishoreganj,Bhairab,Aganagar,20.25355221542071,0.009550281591983574,0.9910888167601057
BGD.3.6.3.2_1,Kishoreganj,Bhairab,Bhairab Paurashava,75.86950717667351,0.09631587463199213,0.9619037839502999
BGD.3.6.3.3_1,Kishoreganj,Bhairab,Gazaria,17.875225821819186,0.015459841524642226,0.9383357186669377
BGD.3.6.3.4_1,Kishoreganj,Bhairab,Kalika Prasad,20.480958045848126,0.015866970363071317,0.7252315464496215
BGD.3.6.3.5_1,Kishoreganj,Bhairab,Sadakpur,14.506968819907849,0.005855339106494007,0.9943591672079585
BGD.3.6.3.6_1,Kishoreganj,Bhairab,Shibpur,28.658643017782435,0.03764464557309199,0.6387035271687325
BGD.3.6.3.7_1,Kishoreganj,Bhairab,Shimulkandi,23.006892982241066,0.030268621474666513,0.8244957709824342
BGD.3.6.3.8_1,Kishoreganj,Bhairab,Sreenagar,17.57438172903063,0.01897540505643717,0.8623569794050326
BGD.3.6.4.1_1,Kishoreganj,Hossainpur,Araibaria,22.481731619242353,0.06257217139251489,0.5877192982456143
BGD.3.6.4.2_1,Kishoreganj,Hossainpur,Gobindapur,11.765731308562804,0.02793788942900674,0.8432494279176205
BGD.3.6.4.3_1,Kishoreganj,Hossainpur,Hossainpur Paurashava,26.44217756554266,0.11897033532195019,0.6056338028169014
BGD.3.6.4.4_1,Kishoreganj,Hossainpur,Jinari,11.812510336956342,0.020520604351969493,0.47538200339558645
BGD.3.6.4.5_1,Kishoreganj,Hossainpur,Pumdi,12.652949460091172,0.034870094484454356,0.04761904761904767
BGD.3.6.4.6_1,Kishoreganj,Hossainpur,Sahedal,12.087339788433026,0.03321767630427825,0.4941176470588236
BGD.3.6.4.7_1,Kishoreganj,Hossainpur,Sidhla,13.972240199883085,0.03167413591930927,0.7501422879908938
BGD.3.6.5.1_1,Kishoreganj,Itna,Badla,3.3008754445205812,0.0024819924596568258,0.9994390657895694
BGD.3.6.5.2_1,Kishoreganj,Itna,Baribari,4.462813478467041,0.0023257383427136773,1.0
BGD.3.6.5.3_1,Kishoreganj,Itna,Chauganga,5.794320859705018,0.01659531210635452,0.9955861667555896
BGD.3.6.5.4_1,Kishoreganj,Itna,Dhanpur,2.9914357124178297,0.0006781039560924341,1.0
BGD.3.6.5.5_1,Kishoreganj,Itna,Elongjuri,4.404049520328955,0.002622583485913038,0.9998933244832163
BGD.3.6.5.6_1,Kishoreganj,Itna,Itna,4.912907280648515,0.005314342608629449,0.9999023758176027
BGD.3.6.5.7_1,Kishoreganj,Itna,Joy Siddhi,4.325592113328851,0.0037825525315794413,1.0
BGD.3.6.5.8_1,Kishoreganj,Itna,Mriga,3.70318567441627,0.0031555991108021073,1.0
BGD.3.6.5.9_1,Kishoreganj,Itna,Raituti,4.295755925165219,0.007135184602900906,0.9940933041407019
BGD.3.6.6.1_1,Kishoreganj,Karimganj,Baragharia,14.522059649014942,0.024558394256610747,0.9283519327187452
BGD.3.6.6.2_1,Kishoreganj,Karimganj,Dehunda,12.508996585232753,0.014604256535135666,0.5735129068462401
BGD.3.6.6.3_1,Kishoreganj,Karimganj,Gujadia,11.163156208777897,0.012953555488439216,0.5461970393057688
BGD.3.6.6.4_1,Kishoreganj,Karimganj,Gundhar,11.306675957376507,0.014962261413646937,0.9901627706505753
BGD.3.6.6.5_1,Kishoreganj,Karimganj,Jafarabad,19.10025505843022,0.02142644868488912,0.4734299516908216
BGD.3.6.6.6_1,Kishoreganj,Karimganj,Joyka,9.723352060217785,0.015660720291147935,0.9643498976052157
BGD.3.6.6.7_1,Kishoreganj,Karimganj,Kadir Jangal,13.766672464302859,0.013878036343965373,0.6241098677517805
BGD.3.6.6.8_1,Kishoreganj,Karimganj,Karimganj Paurashava,18.710105475163793,0.048981578856808566,0.6014109347442682
BGD.3.6.6.9_1,Kishoreganj,Karimganj,Kiratan,15.030115449479206,0.013124889499206113,0.5380622837370244
BGD.3.6.6.10_1,Kishoreganj,Karimganj,Niamatpur,14.428557457147093,0.029336478582321496,0.9126996678791716
BGD.3.6.6.11_1,Kishoreganj,Karimganj,Noabad,14.354640993637231,0.02276182152191206,0.7896341463414638
BGD.3.6.6.12_1,Kishoreganj,Karimganj,Sutar Para,11.070346276092792,0.006245760268370785,0.998182758572487
BGD.3.6.7.1_1,Kishoreganj,Katiadi,Achmita,13.869673167365363,0.02998917717220598,0.4482758620689658
BGD.3.6.7.2_1,Kishoreganj,Katiadi,Banagram,11.726777164623785,0.027032531022257233,0.608862144420132
BGD.3.6.7.3_1,Kishoreganj,Katiadi,Chandpur,9.588003731135895,0.020145007729854617,0.44932199494369157
BGD.3.6.7.4_1,Kishoreganj,Katiadi,Jalalpur,14.813192133981923,0.012417623998954618,0.7537993920972651
BGD.3.6.7.5_1,Kishoreganj,Katiadi,Kargaon,9.942852218017126,0.016930726947733406,0.9412567477406443
BGD.3.6.7.6_1,Kishoreganj,Katiadi,Katiadi,14.841930025193147,0.014314409917887619,0.6639344262295084
BGD.3.6.7.7_1,Kishoreganj,Katiadi,Katiadi Paurashava,23.16288270347442,0.04393717811295717,0.5308641975308648
BGD.3.6.7.8_1,Kishoreganj,Katiadi,Lohajuri,10.505729494841267,0.013036414516834271,0.6406533575317609
BGD.3.6.7.9_1,Kishoreganj,Katiadi,Masua,13.278591275554707,0.020597843630963918,0.7642679900744426
BGD.3.6.7.10_1,Kishoreganj,Katiadi,Mumurdia,10.361909109017361,0.017255181242420158,0.4348142753095419
BGD.3.6.7.11_1,Kishoreganj,Katiadi,Shahasram Dhuldia,10.385487073941523,0.021251885726393104,0.8506493506493504
BGD.3.6.8.1_1,Kishoreganj,Kishoreganj Sadar,Baulai,14.752138427232254,0.021489218493095555,0.6605504587155969
BGD.3.6.8.2_1,Kishoreganj,Kishoreganj Sadar,Binnati,13.534697662711075,0.025822454786776916,0.06521739130434787
BGD.3.6.8.3_1,Kishoreganj,Kishoreganj Sadar,Chauddasata,18.466760599580468,0.03946010724086975,0.83987915407855
BGD.3.6.8.4_1,Kishoreganj,Kishoreganj Sadar,Dana Patali,10.603135848433928,0.02151471811506239,0.9349904397705548
BGD.3.6.8.5_1,Kishoreganj,Kishoreganj Sadar,Jasodal,23.78246156296176,0.04426806853126377,0.6238095238095241
BGD.3.6.8.6_1,Kishoreganj,Kishoreganj Sadar,Kishoreganj Paurashava,57.56605483180825,0.15798755141442125,0.4741784037558691
BGD.3.6.8.7_1,Kishoreganj,Kishoreganj Sadar,Korsha Kariail,10.574839279399676,0.021864556876611017,0.6597671410090565
BGD.3.6.8.8_1,Kishoreganj,Kishoreganj Sadar,Latibabad,21.369121378855112,0.04772425193098105,0.5694915254237289
BGD.3.6.8.9_1,Kishoreganj,Kishoreganj Sadar,Mahinanda,21.596696709981533,0.036470294701852535,0.6550000000000002
BGD.3.6.8.10_1,Kishoreganj,Kishoreganj Sadar,Maij Khapan,12.339064259114217,0.022613188577033698,0.5886200130804453
BGD.3.6.8.11_1,Kishoreganj,Kishoreganj Sadar,Maria,22.152218168588686,0.05250468663783128,0.49174917491749204
BGD.3.6.8.12_1,Kishoreganj,Kishoreganj Sadar,Rashidabad,13.475321577829689,0.02313690006955716,0.8053195419283342
BGD.3.6.9.1_1,Kishoreganj,Kuliar Char,Chhaysuti,14.912842642557072,0.01863361538378623,0.5787615426398703
BGD.3.6.9.2_1,Kishoreganj,Kuliar Char,Faridpur,13.853534659791732,0.01794864101871039,0.6496519721577726
BGD.3.6.9.3_1,Kishoreganj,Kuliar Char,Gobaria Abdullahpur,11.254978196506785,0.01073169601982011,0.16949152542372914
BGD.3.6.9.4_1,Kishoreganj,Kuliar Char,Kuliar Char Paurashava,29.767636034017524,0.040536910233051435,0.6670448099829841
BGD.3.6.9.5_1,Kishoreganj,Kuliar Char,Osmanpur,19.860650693337433,0.025616590081756853,0.8602352139083007
BGD.3.6.9.6_1,Kishoreganj,Kuliar Char,Ramdi,16.376213594396607,0.012705462228414186,0.016073478760045938
BGD.3.6.9.7_1,Kishoreganj,Kuliar Char,Salua,13.849204578156197,0.0128692822952752,0.5259336099585064
BGD.3.6.10.1_1,Kishoreganj,Mithamain,Bairati,4.564676827566089,0.0031219535451958457,0.9992833253702819
BGD.3.6.10.2_1,Kishoreganj,Mithamain,Dhaki,5.398681566724106,0.002699022322987367,1.0
BGD.3.6.10.3_1,Kishoreganj,Mithamain,Ghagra,5.643126924337824,0.008001883856953102,0.9998732552797097
BGD.3.6.10.4_1,Kishoreganj,Mithamain,Gopedighi,5.46885214621046,0.0021593311436249605,1.0
BGD.3.6.10.5_1,Kishoreganj,Mithamain,Keorjori,4.777147650598579,0.0023171965317919057,1.0
BGD.3.6.10.6_1,Kishoreganj,Mithamain,Khatkhal,5.264793798108669,0.0042407427422284025,0.999433677321923
BGD.3.6.10.7_1,Kishoreganj,Mithamain,Mithamain,7.470774095147164,0.004690971075255157,0.9996658755213493
BGD.3.6.11.1_1,Kishoreganj,Nikli,Chhatir Char,9.969667207726701,0.009077229780060375,1.0
BGD.3.6.11.2_1,Kishoreganj,Nikli,Dampara,7.217192229670057,0.011986427537057224,0.9982361411087112
BGD.3.6.11.3_1,Kishoreganj,Nikli,Gurai,5.790198750679649,0.005457926811177113,0.9987462417684076
BGD.3.6.11.4_1,Kishoreganj,Nikli,Jaraitala,8.797213323388167,0.023368006744056233,0.9405270847989613
BGD.3.6.11.5_1,Kishoreganj,Nikli,Karpasha,7.030730448135782,0.011154834187183082,0.9990644587894096
BGD.3.6.11.6_1,Kishoreganj,Nikli,Nikli,10.902997652700444,0.013220921878264619,0.9984956452889947
BGD.3.6.11.7_1,Kishoreganj,Nikli,Singpur,6.005480513908393,0.003913020418218441,0.9997590630996532
BGD.3.6.12.1_1,Kishoreganj,Pakundia,Barudia,11.031748050262957,0.02789322789308215,0.6489626556016602
BGD.3.6.12.2_1,Kishoreganj,Pakundia,Chandi Pasha,13.000340102306184,0.029015328652264194,0.0
BGD.3.6.12.3_1,Kishoreganj,Pakundia,Char Faradi,13.283058156314304,0.02563434807342759,0.8613428684942396
BGD.3.6.12.4_1,Kishoreganj,Pakundia,Egarasindur,12.265929425364774,0.020914176858440187,0.8842729970326413
BGD.3.6.12.5_1,Kishoreganj,Pakundia,Hosendi,13.136553192187398,0.03186525660169759,0.7775510204081636
BGD.3.6.12.6_1,Kishoreganj,Pakundia,Jangalia,11.981869764708701,0.03220793706593502,0.7902783222265782
BGD.3.6.12.7_1,Kishoreganj,Pakundia,Narandi,12.39505463629734,0.02535360292166748,0.0
BGD.3.6.12.8_1,Kishoreganj,Pakundia,Pakundia,16.802699467734623,0.03711188317201562,0.13924050632911394
BGD.3.6.12.9_1,Kishoreganj,Pakundia,Pakundia Paurashava,25.79968884019163,0.08468816688353939,0.0
BGD.3.6.12.10_1,Kishoreganj,Pakundia,Patuabhanga,11.621195722035234,0.024228365959233788,0.6839959225280331
BGD.3.6.12.11_1,Kishoreganj,Pakundia,Sukhia,10.82213510121132,0.03210487301914628,0.2808988764044944
BGD.3.6.13.1_1,Kishoreganj,Tarail,Damiha,8.178087998763989,0.010700624256073446,0.9834748130604861
BGD.3.6.13.2_1,Kishoreganj,Tarail,Dhala,8.633575078709985,0.019509072803462885,0.9407915634330719
BGD.3.6.13.3_1,Kishoreganj,Tarail,Digdair,9.324582785184424,0.013697165568342372,0.9022372491187672
BGD.3.6.13.4_1,Kishoreganj,Tarail,Jawar,9.262026086550888,0.020946344049742133,0.9183633516053239
BGD.3.6.13.5_1,Kishoreganj,Tarail,Rauti,8.754003561176509,0.018546391153023693,0.8866282960781694
BGD.3.6.13.6_1,Kishoreganj,Tarail,Talganga,10.473925717404638,0.017578060243280944,0.2041312272174973
BGD.3.6.13.7_1,Kishoreganj,Tarail,Tarail Sachail,11.92465946856328,0.030127783042939407,0.7494501466275664
BGD.3.7.1.1_1,Madaripur,Kalkini,Alinagar,8.074913394712768,0.010871188605529786,0.9314812996956832
BGD.3.7.1.2_1,Madaripur,Kalkini,Baligram,8.623205056633367,0.01613950170512263,0.061660079051383536
BGD.3.7.1.3_1,Madaripur,Kalkini,Banshgari,7.650957833649038,0.012210940848158672,0.9652004827678661
BGD.3.7.1.4_1,Madaripur,Kalkini,Char Daulat Khan,6.883201902580685,0.01123172964189481,0.9403642185311188
BGD.3.7.1.5_1,Madaripur,Kalkini,Dasar,7.446598931891269,0.012344665112276906,0.003424657534246582
BGD.3.7.1.6_1,Madaripur,Kalkini,Enayetnagar,7.044396611184702,0.015111625551128305,0.8907197469021887
BGD.3.7.1.7_1,Madaripur,Kalkini,Gopalpur,10.839416143267309,0.032540014469503956,0.004132231404958685
BGD.3.7.1.8_1,Madaripur,Kalkini,Kalkini Paurashava,10.374413369031553,0.03299521563725209,0.3914656771799636
BGD.3.7.1.9_1,Madaripur,Kalkini,Kayaria,6.291837933653396,0.009487965660770028,0.9323499491353004
BGD.3.7.1.10_1,Madaripur,Kalkini,Kazibakai,9.494452031345348,0.01884208255159475,0.07777777777777795
BGD.3.7.1.11_1,Madaripur,Kalkini,Lakshmipur,7.402651661679649,0.015410199497530246,0.675387596899225
BGD.3.7.1.12_1,Madaripur,Kalkini,Nabagram,6.230058205498212,0.005491859715805455,0.0030843043180260542
BGD.3.7.1.13_1,Madaripur,Kalkini,Ramjanpur,7.516152765324149,0.01870401837379944,0.46428571428571536
BGD.3.7.1.14_1,Madaripur,Kalkini,Sahebrampur,7.008610142706593,0.01670919403759429,0.9272903538536114
BGD.3.7.1.15_1,Madaripur,Kalkini,Shikar Mangal,7.324715895538614,0.01801705176509752,0.7025019546520728
BGD.3.7.2.1_1,Madaripur,Madaripur Sadar,Bahadurpur,6.902984188578467,0.02219481493762174,0.509838998211092
BGD.3.7.2.2_1,Madaripur,Madaripur Sadar,Chilar Char,8.169322285317216,0.011010936879714174,0.8432961837217159
BGD.3.7.2.3_1,Madaripur,Madaripur Sadar,Dhurail,8.206385711501348,0.0164033151559064,0.9220700765203368
BGD.3.7.2.4_1,Madaripur,Madaripur Sadar,Dudkhali,7.636114458011138,0.02225646806145899,0.5785302593659948
BGD.3.7.2.5_1,Madaripur,Madaripur Sadar,Ghatmajhi,11.186032606106178,0.023409163203648616,0.08571428571428594
BGD.3.7.2.6_1,Madaripur,Madaripur Sadar,Jhaudi,9.323201274577974,0.015969062457130537,0.5815937556725371
BGD.3.7.2.7_1,Madaripur,Madaripur Sadar,Kalikapur,7.745384308030734,0.012887738136113453,0.8460882281257613
BGD.3.7.2.8_1,Madaripur,Madaripur Sadar,Kendua,7.524043804746925,0.01659806758885722,0.15117466802860108
BGD.3.7.2.9_1,Madaripur,Madaripur Sadar,Khoajpur,10.024350530242366,0.009649525132801842,0.8872780583156867
BGD.3.7.2.10_1,Madaripur,Madaripur Sadar,Kunia,7.062041982971361,0.023576485624798093,0.0
BGD.3.7.2.11_1,Madaripur,Madaripur Sadar,Madaripur Paurashava,34.22334388113701,0.12164908561255856,0.7958515283842799
BGD.3.7.2.12_1,Madaripur,Madaripur Sadar,Mustafapur,9.087129741665393,0.016531336578941177,0.14252873563218424
BGD.3.7.2.13_1,Madaripur,Madaripur Sadar,Panchkhola,13.527746623830264,0.015537713952577447,0.8974152856789492
BGD.3.7.2.14_1,Madaripur,Madaripur Sadar,Pearpur,9.843237113228323,0.010698676507224713,0.4802631578947375
BGD.3.7.2.15_1,Madaripur,Madaripur Sadar,Rasti,17.315626944361803,0.024160841140739214,0.7423312883435589
BGD.3.7.2.16_1,Madaripur,Madaripur Sadar,Sirkhara,7.398764696762591,0.018889578904747444,0.9021794221996962
BGD.3.7.3.1_1,Madaripur,Rajoir,Amgram,6.101370842973409,0.012262901953215909,0.11326105087573013
BGD.3.7.3.2_1,Madaripur,Rajoir,Badar Pasha,10.73309544368337,0.016774373785474816,0.4755639097744369
BGD.3.7.3.3_1,Madaripur,Rajoir,Bajitpur,7.280907175756304,0.014622548460365696,0.37525632262474434
BGD.3.7.3.4_1,Madaripur,Rajoir,Haridasdi Mahendradi,7.6964981270794866,0.017753418308227114,0.5776397515527957
BGD.3.7.3.5_1,Madaripur,Rajoir,Hossainpur,11.655474317497044,0.03024894869638352,0.5586642599277984
BGD.3.7.3.6_1,Madaripur,Rajoir,Isibpur,7.928510481506186,0.012617381145506706,0.4926674593737621
BGD.3.7.3.7_1,Madaripur,Rajoir,Kabirajpur,8.212839774864571,0.020554113722998733,0.724440544098289
BGD.3.7.3.8_1,Madaripur,Rajoir,Kadambari,5.799219492957819,0.01222428010642247,0.04081632653061237
BGD.3.7.3.9_1,Madaripur,Rajoir,Khalia,14.90360371189722,0.03467659866367848,0.19000703729767812
BGD.3.7.3.10_1,Madaripur,Rajoir,Paik Para,7.603932815316747,0.02148989178122258,0.0021786492374727714
BGD.3.7.3.11_1,Madaripur,Rajoir,Rajoir,9.11619749834937,0.02042239399795386,0.042492917847025524
BGD.3.7.4.1_1,Madaripur,Shib Char,Bandarkhola,7.5721330105878195,0.03115024997977512,0.7932924862947429
BGD.3.7.4.2_1,Madaripur,Shib Char,Banshkandi,9.080007119708949,0.020954995995775254,0.7092597804672113
BGD.3.7.4.3_1,Madaripur,Shib Char,Bayratala Dakshin,8.89114046579001,0.01723287674638294,0.7616899097621008
BGD.3.7.4.4_1,Madaripur,Shib Char,Bayratala Uttar,9.210070834508958,0.03040898177735555,0.5494238932686484
BGD.3.7.4.5_1,Madaripur,Shib Char,Bhadrasan,9.39227832056788,0.010779753103804355,0.0
BGD.3.7.4.6_1,Madaripur,Shib Char,Bhandarikandi,8.324880468951125,0.009266021404368096,0.5923404255319152
BGD.3.7.4.7_1,Madaripur,Shib Char,Char Janajat,7.82031489307979,0.010321034304097934,0.9939125774669181
BGD.3.7.4.8_1,Madaripur,Shib Char,Datta Para,10.299917635773003,0.020937007452739874,0.9054785621481155
BGD.3.7.4.9_1,Madaripur,Shib Char,Ditiyakhanda,9.153850028925978,0.026759886904227623,0.4976816074188568
BGD.3.7.4.10_1,Madaripur,Shib Char,Kadirpur,6.465477948082045,0.01141079635890767,0.23555888972243122
BGD.3.7.4.11_1,Madaripur,Shib Char,Kanthalbari,13.624748893132168,0.01850447982714751,0.9966521011326351
BGD.3.7.4.12_1,Madaripur,Shib Char,Kutubpur,8.819564605886873,0.027260852890416395,0.6184210526315796
BGD.3.7.4.13_1,Madaripur,Shib Char,Matbarer Char,19.733013973614955,0.050957071238406065,0.9281955222549189
BGD.3.7.4.14_1,Madaripur,Shib Char,Nilakhi,8.51830887260642,0.024944952945726444,0.6930572472594397
BGD.3.7.4.15_1,Madaripur,Shib Char,Panch Char,12.815867013552642,0.03556908610095669,0.7627802690582968
BGD.3.7.4.16_1,Madaripur,Shib Char,Sannyasir Char,10.212106306288089,0.026848799467252032,0.8321616871704747
BGD.3.7.4.17_1,Madaripur,Shib Char,Shib Char Paurashava,13.666012168260263,0.07498278469583537,0.28222996515679455
BGD.3.7.4.18_1,Madaripur,Shib Char,Shibchar,8.88072640264565,0.01790805991145683,0.4375553587245354
BGD.3.7.4.19_1,Madaripur,Shib Char,Siruail,8.60106484427025,0.01936364999279228,0.9501061571125267
BGD.3.7.4.20_1,Madaripur,Shib Char,Umedpur,9.163325619733914,0.020684663805436345,0.06262626262626278
BGD.3.8.1.1_1,Manikganj,Daulatpur,Bachamara,7.694679943008472,0.016981606850269632,0.9542186443802602
BGD.3.8.1.2_1,Manikganj,Daulatpur,Baghutia,6.590575738673071,0.00974967793166267,0.9884753059546267
BGD.3.8.1.3_1,Manikganj,Daulatpur,Chak Mirpur,10.630843139767501,0.025560585611346224,0.3925510876730398
BGD.3.8.1.4_1,Manikganj,Daulatpur,Charkatari,6.627526737778997,0.0014873476929061118,0.9975792483148646
BGD.3.8.1.5_1,Manikganj,Daulatpur,Dhamsar,8.08475637396324,0.02476372608106072,0.7802308078273966
BGD.3.8.1.6_1,Manikganj,Daulatpur,Jiyanpur,9.084231277434837,0.02270068110373734,0.4804060434372055
BGD.3.8.1.7_1,Manikganj,Daulatpur,Kalia,8.896060776438949,0.0210639481235582,0.395899053627761
BGD.3.8.1.8_1,Manikganj,Daulatpur,Khalsi,8.86025569954723,0.02118364814653123,0.6131747483989026
BGD.3.8.2.1_1,Manikganj,Ghior,Baliakhora,8.926064823886497,0.019276407433287384,0.18302094818081635
BGD.3.8.2.2_1,Manikganj,Ghior,Baniajuri,11.705783815417677,0.024819392598686044,0.5009623315919725
BGD.3.8.2.3_1,Manikganj,Ghior,Baratia,8.827367053564366,0.022204107402964617,0.27210884353741566
BGD.3.8.2.4_1,Manikganj,Ghior,Ghior,9.65071615579412,0.02603862103210646,0.3848133848133857
BGD.3.8.2.5_1,Manikganj,Ghior,Nali,6.922625325411555,0.013755388025609572,0.11858145548577789
BGD.3.8.2.6_1,Manikganj,Ghior,Paila,7.5988627619192135,0.01850743813977271,0.3042158516020243
BGD.3.8.2.7_1,Manikganj,Ghior,Singjuri,6.504058570056548,0.024010171810372245,0.68285840838624
BGD.3.8.3.1_1,Manikganj,Harirampur,Azimnagar,4.462741111874615,0.0035048772528741366,0.9660253660927635
BGD.3.8.3.2_1,Manikganj,Harirampur,Balara,9.933613151683998,0.026017745396578834,0.8301583042661657
BGD.3.8.3.3_1,Manikganj,Harirampur,Balla,6.895905860843544,0.016776527234063122,0.20886752136752168
BGD.3.8.3.4_1,Manikganj,Harirampur,Boyra,7.892453092823262,0.009929055297944495,0.9832141746969227
BGD.3.8.3.5_1,Manikganj,Harirampur,Chala,7.2854767114597605,0.021090549068270268,0.7205862578996911
BGD.3.8.3.6_1,Manikganj,Harirampur,Dhulsunra,7.037570327297789,0.007323765181124257,0.9747852500244959
BGD.3.8.3.7_1,Manikganj,Harirampur,Gala,6.990683686445179,0.023516525959775898,0.1396620278330023
BGD.3.8.3.8_1,Manikganj,Harirampur,Gopinathpur,6.277298802724501,0.00917538794612183,0.9884325015994883
BGD.3.8.3.9_1,Manikganj,Harirampur,Harukandi,7.01051043907994,0.005352660873085147,0.9068541300527224
BGD.3.8.3.10_1,Manikganj,Harirampur,Kanchanpur,4.769623639775235,0.0023224152494007535,0.9939086623357688
BGD.3.8.3.11_1,Manikganj,Harirampur,Lesraganj,4.219710888251632,0.008759462151981555,0.8939342797577664
BGD.3.8.3.12_1,Manikganj,Harirampur,Ramkrishnapur,5.891490165748641,0.01004843281745399,0.9816209281570728
BGD.3.8.3.13_1,Manikganj,Harirampur,Sutalari,5.22481083960916,0.0001876469446600865,0.9934723099599918
BGD.3.8.4.1_1,Manikganj,Manikganj Sadar,Atigram,8.465550960739074,0.021634758715797606,0.03616532721010343
BGD.3.8.4.2_1,Manikganj,Manikganj Sadar,Betila Mitara,11.246788795447923,0.03441849372277404,0.4672825250192461
BGD.3.8.4.3_1,Manikganj,Manikganj Sadar,Bhararia,11.185275514960702,0.02372190811887724,0.7007903650733922
BGD.3.8.4.4_1,Manikganj,Manikganj Sadar,Dighi,13.596498529493097,0.0258012499766447,0.27341772151898786
BGD.3.8.4.5_1,Manikganj,Manikganj Sadar,Garpara,8.10115062482192,0.03072956802884991,0.32553191489361744
BGD.3.8.4.6_1,Manikganj,Manikganj Sadar,Hati Para,8.594047899641854,0.026938842029615887,0.6143263757115757
BGD.3.8.4.7_1,Manikganj,Manikganj Sadar,Jaigir,19.94561425395311,0.04172484127885691,0.08773234200743517
BGD.3.8.4.8_1,Manikganj,Manikganj Sadar,Krishnapur,8.816921076844316,0.03134540924739946,0.01012292118582794
BGD.3.8.4.9_1,Manikganj,Manikganj Sadar,Manikganj Paurashava,29.194940794422006,0.07210729768498222,0.6700000000000012
BGD.3.8.4.10_1,Manikganj,Manikganj Sadar,Nabagram,13.664390998308193,0.035939755082558915,0.7283288650580886
BGD.3.8.4.11_1,Manikganj,Manikganj Sadar,Putail,10.112717713680802,0.0276811381212065,0.6330251669234728
BGD.3.8.5.1_1,Manikganj,Saturia,Baliati,9.769056370220849,0.029150288380662474,0.049773755656108656
BGD.3.8.5.2_1,Manikganj,Saturia,Baraid,8.289274003273903,0.02281917198798009,0.6270928462709295
BGD.3.8.5.3_1,Manikganj,Saturia,Daragram,8.363635495575581,0.024816626126005718,0.05256064690026964
BGD.3.8.5.4_1,Manikganj,Saturia,Dhankora,17.465436629397985,0.04414626014897133,0.011329305135951687
BGD.3.8.5.5_1,Manikganj,Saturia,Dighalia,8.233765083425133,0.02583102820433542,0.5217391304347833
BGD.3.8.5.6_1,Manikganj,Saturia,Fukurhati,10.263413936439688,0.027008848355628244,0.0
BGD.3.8.5.7_1,Manikganj,Saturia,Hargaz,8.547933435375821,0.025505948480295432,0.1214285714285717
BGD.3.8.5.8_1,Manikganj,Saturia,Saturia,10.756738493922958,0.0381112730949236,0.06355140186915897
BGD.3.8.5.9_1,Manikganj,Saturia,Tilli,8.126630474154386,0.03228608068198479,0.5859292222928597
BGD.3.8.6.1_1,Manikganj,Shibalaya,Arua,10.59410586158383,0.009504792399718508,0.9879946745018813
BGD.3.8.6.2_1,Manikganj,Shibalaya,Mohadebpur,10.159318823220513,0.018815298796088786,0.3372881355932212
BGD.3.8.6.3_1,Manikganj,Shibalaya,Shibalaya,12.737235943532353,0.017670756378230068,0.9580705756071357
BGD.3.8.6.4_1,Manikganj,Shibalaya,Shimulia,6.149976466813064,0.01624799431597165,0.19639278557114273
BGD.3.8.6.5_1,Manikganj,Shibalaya,Teota,6.298563208078902,0.008069321537004546,0.9856675127143036
BGD.3.8.6.6_1,Manikganj,Shibalaya,Ulail,8.508080626154273,0.016643500021434384,0.15251196172248838
BGD.3.8.6.7_1,Manikganj,Shibalaya,Uthali,9.427912735731576,0.018938233568348405,0.5358435916002905
BGD.3.8.7.1_1,Manikganj,Singair,Baldhara,8.38593604250007,0.029937633373686958,0.21733668341708606
BGD.3.8.7.2_1,Manikganj,Singair,Boyra,9.202744135807912,0.04310342616580312,0.2984562607204122
BGD.3.8.7.3_1,Manikganj,Singair,Chandhar,12.812863634796999,0.030649293586479998,0.7060065696855945
BGD.3.8.7.4_1,Manikganj,Singair,Charigram,8.420764451348223,0.039494448264345935,0.5361635220125792
BGD.3.8.7.5_1,Manikganj,Singair,Dhalla,18.402631862946837,0.04981891452296366,0.7136972193614838
BGD.3.8.7.6_1,Manikganj,Singair,Jamirta,19.3807855350823,0.035594339599727964,0.8241852487135511
BGD.3.8.7.7_1,Manikganj,Singair,Jamsha,8.015964694344262,0.032104171985293334,0.6823781467595077
BGD.3.8.7.8_1,Manikganj,Singair,Joy Mantap,11.365647432210796,0.03766159186929413,0.3326446280991741
BGD.3.8.7.9_1,Manikganj,Singair,Saista,9.242051819786246,0.0412932666922978,0.42628205128205204
BGD.3.8.7.10_1,Manikganj,Singair,Singair,8.537269602749175,0.044553482105431266,0.1277890466531443
BGD.3.8.7.11_1,Manikganj,Singair,Singair Paurashava,11.124620756554817,0.06016236061716182,0.04779411764705891
BGD.3.8.7.12_1,Manikganj,Singair,Talibpur,7.843100197101716,0.03160934757497112,0.16262135922330107
BGD.3.9.1.1_1,Munshiganj,Gazaria,Baluakandi,22.25089202179324,0.04516063137460818,0.9662825193975335
BGD.3.9.1.2_1,Munshiganj,Gazaria,Bausia,11.95775693924994,0.04778608246032101,0.9399660912453743
BGD.3.9.1.3_1,Munshiganj,Gazaria,Bhaber Char,17.32495491137844,0.07992587298805981,0.7777777777777782
BGD.3.9.1.4_1,Munshiganj,Gazaria,Gazaria,12.793685360995198,0.023123420698509898,0.9851831601968283
BGD.3.9.1.5_1,Munshiganj,Gazaria,Guagachhia,8.279317583013171,0.020580124461820157,0.9341236566912422
BGD.3.9.1.6_1,Munshiganj,Gazaria,Hossaindi,20.908495074152754,0.028708541798052,0.9840867671245064
BGD.3.9.1.7_1,Munshiganj,Gazaria,Imampur,9.977704950442101,0.020245392718347313,0.9841559518871835
BGD.3.9.1.8_1,Munshiganj,Gazaria,Tenger Char,16.177335763389372,0.04733284765287902,0.9037372593431487
BGD.3.9.2.1_1,Munshiganj,Lohajang,Baultali,9.7748421747738,0.02075222341737282,0.005970149253731346
BGD.3.9.2.2_1,Munshiganj,Lohajang,Bejgaon,10.731741903471997,0.02197670654260818,0.7636815920398012
BGD.3.9.2.3_1,Munshiganj,Lohajang,Gaodia,11.217776115773962,0.008654950320746776,0.9621748484255818
BGD.3.9.2.4_1,Munshiganj,Lohajang,Haldia,20.235363995120952,0.03510054666820117,0.09793103448275872
BGD.3.9.2.5_1,Munshiganj,Lohajang,Kalma,10.84254484243513,0.0077212573716388035,0.9799124757873591
BGD.3.9.2.6_1,Munshiganj,Lohajang,Kanaksar,10.799844218380409,0.02232929057399302,0.08260105448154666
BGD.3.9.2.7_1,Munshiganj,Lohajang,Khidir Para,13.643424713577653,0.020149057834365998,0.32894736842105315
BGD.3.9.2.8_1,Munshiganj,Lohajang,Kumarbhog,43.12075003826476,0.05856355521772177,0.997968339964446
BGD.3.9.2.9_1,Munshiganj,Lohajang,Lohajang Teotia,16.413811527876394,0.017866563879511813,0.9984267271297024
BGD.3.9.2.10_1,Munshiganj,Lohajang,Medini Mandal,32.17767509096529,0.028668862808079565,0.986791735327671
BGD.3.9.3.1_1,Munshiganj,Munshiganj Sadar,Adhara,12.1211587551407,0.01766792326596584,0.9530570022115992
BGD.3.9.3.2_1,Munshiganj,Munshiganj Sadar,Bajra Jogini,16.942482868520585,0.02910769692077042,0.11627906976744204
BGD.3.9.3.3_1,Munshiganj,Munshiganj Sadar,Bangla Bazar,9.353773920604032,0.006833299017963517,0.9902843203230146
BGD.3.9.3.4_1,Munshiganj,Munshiganj Sadar,Char Kewar,14.26969120486939,0.02335741687512555,0.9369905956112856
BGD.3.9.3.5_1,Munshiganj,Munshiganj Sadar,Mahakali,14.49959708405789,0.03521170362628376,0.6265822784810129
BGD.3.9.3.6_1,Munshiganj,Munshiganj Sadar,Mirkadim Paurashava,85.7176812463328,0.15085969819341122,0.9261363636363635
BGD.3.9.3.7_1,Munshiganj,Munshiganj Sadar,Mollahkandi,12.606368196109663,0.0313309241706161,0.8440476190476195
BGD.3.9.3.8_1,Munshiganj,Munshiganj Sadar,Munshiganj Paurashava,45.40700751355248,0.11749690856252358,0.8378607809847203
BGD.3.9.3.9_1,Munshiganj,Munshiganj Sadar,Panchasar,81.50509392701268,0.15684397790936458,0.9909118448954861
BGD.3.9.3.10_1,Munshiganj,Munshiganj Sadar,Rampal,37.89328215286084,0.0973826778187128,0.666666666666667
BGD.3.9.3.11_1,Munshiganj,Munshiganj Sadar,Silai,15.839426959808993,0.01730422830686873,0.9614438063986875
BGD.3.9.4.1_1,Munshiganj,Serajdikhan,Balur Char,23.487617319821396,0.05285898410466539,0.9268141409964775
BGD.3.9.4.2_1,Munshiganj,Serajdikhan,Basail,14.861823026985098,0.029380970101041442,0.7279387279387285
BGD.3.9.4.3_1,Munshiganj,Serajdikhan,Bayaragadi,11.406616523382413,0.021784627489771162,0.7750309023485791
BGD.3.9.4.4_1,Munshiganj,Serajdikhan,Chitrakot,13.029156922605027,0.017102371942250855,0.6020299145299151
BGD.3.9.4.5_1,Munshiganj,Serajdikhan,Ichhapur,15.444538844738577,0.03579022634742147,0.5802469135802477
BGD.3.9.4.6_1,Munshiganj,Serajdikhan,Jainsar,10.911014437783512,0.022999740224688776,0.030303030303030363
BGD.3.9.4.7_1,Munshiganj,Serajdikhan,Kayain,16.189509061872098,0.030626925362566216,0.3273415326395466
BGD.3.9.4.8_1,Munshiganj,Serajdikhan,Kola,11.333556792470215,0.028155060780144108,0.01333333333333336
BGD.3.9.4.9_1,Munshiganj,Serajdikhan,Latabdi,15.876210966442732,0.032468388737566016,0.3680456490727539
BGD.3.9.4.10_1,Munshiganj,Serajdikhan,Madhyapara,13.869016942955348,0.03408636614028644,0.3795620437956207
BGD.3.9.4.11_1,Munshiganj,Serajdikhan,Malkhanagar,13.938835715429724,0.03944543052300942,0.926739926739927
BGD.3.9.4.12_1,Munshiganj,Serajdikhan,Rajanagar,12.680082901969067,0.03053885341619151,0.32993984266543325
BGD.3.9.4.13_1,Munshiganj,Serajdikhan,Rasunia,13.850066529876285,0.028596485936477938,0.5994020926756354
BGD.3.9.4.14_1,Munshiganj,Serajdikhan,Sekharnagar,9.316640022730613,0.026399049354353173,0.29707792207792266
BGD.3.9.5.1_1,Munshiganj,Sreenagar,Atpara,13.260538796259056,0.02654571981183887,0.00925925925925928
BGD.3.9.5.2_1,Munshiganj,Sreenagar,Baghra,16.60904030361657,0.02078031565499541,0.9760394644115574
BGD.3.9.5.3_1,Munshiganj,Sreenagar,Baraikhali,8.025819374289778,0.012998328681267867,0.3010563380281695
BGD.3.9.5.4_1,Munshiganj,Sreenagar,Bhagyakul,21.330541752250717,0.026945553873328296,0.9984103406040705
BGD.3.9.5.5_1,Munshiganj,Sreenagar,Birtara,11.691638375418265,0.02230570751030747,0.013574660633484179
BGD.3.9.5.6_1,Munshiganj,Sreenagar,Hasara,10.29443782161414,0.024129861547683453,0.4669665448411588
BGD.3.9.5.7_1,Munshiganj,Sreenagar,Kola Para,17.684767835199153,0.029059298574480145,0.17875383043922394
BGD.3.9.5.8_1,Munshiganj,Sreenagar,Kukutia,12.09251862743606,0.01683404722752088,0.066454013822435
BGD.3.9.5.9_1,Munshiganj,Sreenagar,Patabhog,26.534995947987138,0.049802142837619884,0.07236842105263167
BGD.3.9.5.10_1,Munshiganj,Sreenagar,Rarikhal,14.015446273574563,0.03927989659417313,0.3338829348722182
BGD.3.9.5.11_1,Munshiganj,Sreenagar,Sholaghar,12.276515550610664,0.027636375486845246,0.41932928439398015
BGD.3.9.5.12_1,Munshiganj,Sreenagar,Shyamsiddhi,10.58059659770807,0.012941369165937815,0.6417994641094348
BGD.3.9.5.13_1,Munshiganj,Sreenagar,Sreenagar,19.394115066071745,0.04670068444486549,0.433597185576078
BGD.3.9.5.14_1,Munshiganj,Sreenagar,Tantar,13.018833044934711,0.023258098898397854,0.017857142857142867
BGD.3.9.6.1_1,Munshiganj,Tongibari,Abdullahpur,45.13922657966613,0.052780968750000004,0.9095477386934675
BGD.3.9.6.2_1,Munshiganj,Tongibari,Arial,15.929775944778257,0.02780167164672349,0.49223602484472123
BGD.3.9.6.3_1,Munshiganj,Tongibari,Autshahi,15.535683093015962,0.03052430255109652,0.7856173677069206
BGD.3.9.6.4_1,Munshiganj,Tongibari,Betka,19.579751603691108,0.031630062936889,0.9401408450704225
BGD.3.9.6.5_1,Munshiganj,Tongibari,Dhipur,16.216616223793572,0.025658013384239207,0.09352517985611526
BGD.3.9.6.6_1,Munshiganj,Tongibari,Dighir Para,14.337128827103548,0.009373320347426236,0.9642407454041804
BGD.3.9.6.7_1,Munshiganj,Tongibari,Hasail Banari,9.486966761221602,0.005505775603986745,0.9495284440807884
BGD.3.9.6.8_1,Munshiganj,Tongibari,Jashalong,12.12529850284191,0.024799859471613242,0.23170731707317088
BGD.3.9.6.9_1,Munshiganj,Tongibari,Kamarkhara,13.449004274739016,0.017653366177667315,0.9693426042983566
BGD.3.9.6.10_1,Munshiganj,Tongibari,Kathadia Shimulia,13.399710595330644,0.01705421861895443,0.14634146341463433
BGD.3.9.6.11_1,Munshiganj,Tongibari,Panchgaon,10.540944251120992,0.013585400322312157,0.8996856993190152
BGD.3.9.6.12_1,Munshiganj,Tongibari,Sonarang Tongibari,26.61787691713342,0.03784599638965895,0.18260869565217422
BGD.3.11.1.1_1,Narayanganj,Araihazar,Araihazar,28.87067247247417,0.054185192040721857,0.21301775147929022
BGD.3.11.1.2_1,Narayanganj,Araihazar,Bishnandi,26.111132665490338,0.031940385769872126,0.9878271058455922
BGD.3.11.1.3_1,Narayanganj,Araihazar,Brahmandi,26.764335194616162,0.04508246667278373,0.1273885350318474
BGD.3.11.1.4_1,Narayanganj,Araihazar,Duptara,34.29622710873933,0.057982027482638684,0.5952380952380958
BGD.3.11.1.5_1,Narayanganj,Araihazar,Fatehpur,28.29246516382262,0.0585019669367302,0.4079601990049756
BGD.3.11.1.6_1,Narayanganj,Araihazar,Haizadi,15.049527036110012,0.024753584812480023,0.19964664310954075
BGD.3.11.1.7_1,Narayanganj,Araihazar,Kala Paharia,15.140358666514226,0.02405933825412718,0.9736972704714619
BGD.3.11.1.8_1,Narayanganj,Araihazar,Khagakanda,17.070858545495494,0.03566182655603557,0.9754081838339044
BGD.3.11.1.9_1,Narayanganj,Araihazar,Mahmudpur,18.413781520309644,0.0448212064371736,0.73524720893142
BGD.3.11.1.10_1,Narayanganj,Araihazar,Sadasardi,32.48464710258492,0.05804256679709339,0.5412844036697254
BGD.3.11.1.11_1,Narayanganj,Araihazar,Satgram,25.923716936885583,0.04711118919782287,0.3179396092362351
BGD.3.11.1.12_1,Narayanganj,Araihazar,Uchitpur,17.20522457733608,0.050823431769318334,0.15021459227467818
BGD.3.11.2.1_1,Narayanganj,Bandar,Bandar,39.54195977508454,0.1069358382689263,0.8025477707006373
BGD.3.11.2.2_1,Narayanganj,Bandar,Dhamgar,55.709124505816334,0.12173856623922284,0.040506329113924086
BGD.3.11.2.3_1,Narayanganj,Bandar,Kadam Rasul Paurashava,101.9751868252928,0.18111924991485223,0.9738461538461538
BGD.3.11.2.4_1,Narayanganj,Bandar,Kalagachhia,48.12057873193451,0.08590738385576419,0.9828557126767613
BGD.3.11.2.5_1,Narayanganj,Bandar,Madanpur,70.88492090108937,0.12899591309959138,0.04938271604938277
BGD.3.11.2.6_1,Narayanganj,Bandar,Musapur,33.85574454125359,0.08567643849716926,0.43099273607748206
BGD.3.11.3.1_1,Narayanganj,Narayanganj Sadar,Alir Tek,37.23172871228819,0.034236047207526404,0.9855224307076841
BGD.3.11.3.2_1,Narayanganj,Narayanganj Sadar,Baktaballi,28.84643052506112,0.04910371283255085,0.9454915494204055
BGD.3.11.3.3_1,Narayanganj,Narayanganj Sadar,Enayetnagar,223.13957794967345,0.3471370904227653,0.9438377535101405
BGD.3.11.3.4_1,Narayanganj,Narayanganj Sadar,Fatullah(part),250.65051459261014,0.342602857740711,0.990709773318469
BGD.3.11.3.5_1,Narayanganj,Narayanganj Sadar,Gognagar,90.07944387615564,0.1668072319937113,0.9937952430196484
BGD.3.11.3.6_1,Narayanganj,Narayanganj Sadar,Kashipur,129.1431225645976,0.22716506437768233,0.9375743162901308
BGD.3.11.3.7_1,Narayanganj,Narayanganj Sadar,Kutubpur,196.3829999719833,0.28865202145754293,0.9745145631067961
BGD.3.11.3.8_1,Narayanganj,Narayanganj Sadar,Narayanganj Paurashava,199.04025781960394,0.30336578346430243,0.9904109589041096
BGD.3.11.3.9_1,Narayanganj,Narayanganj Sadar,Siddirganj Paurashava,176.09540686045534,0.2720778413701047,0.8453608247422685
BGD.3.11.4.1_1,Narayanganj,Rupganj,Bholaba,14.1964171041966,0.04016289656268203,0.8174061433447098
BGD.3.11.4.2_1,Narayanganj,Rupganj,Bulta,38.21679570681573,0.12352222901939455,0.8805970149253735
BGD.3.11.4.3_1,Narayanganj,Rupganj,Daudpur,13.2960861619134,0.03353918582470871,0.907374735356387
BGD.3.11.4.4_1,Narayanganj,Rupganj,Golakandail,34.049136597512025,0.10089495184717388,0.3989726027397265
BGD.3.11.4.5_1,Narayanganj,Rupganj,Kanchan Paurashava,20.465790681395802,0.04784705131855041,0.7743636089772562
BGD.3.11.4.6_1,Narayanganj,Rupganj,Kayet Para,29.053482832442775,0.03447623377512928,0.9434857635892995
BGD.3.11.4.7_1,Narayanganj,Rupganj,Mura Para,34.27762011845237,0.0944789315689518,0.9400179051029546
BGD.3.11.4.8_1,Narayanganj,Rupganj,Rupganj,18.72148774283335,0.03641814592592592,0.8851370311476947
BGD.3.11.4.9_1,Narayanganj,Rupganj,Tarabo Paurashava,75.64399853501733,0.18277129577523496,0.8583682425693202
BGD.3.11.5.1_1,Narayanganj,Sonargaon,Baidyer Bazar,26.697352509605565,0.06196554394233861,0.9725497420781134
BGD.3.11.5.2_1,Narayanganj,Sonargaon,Baradi,15.149839495147639,0.03994224345658492,0.9609296415903436
BGD.3.11.5.3_1,Narayanganj,Sonargaon,Jampur,18.338880652836863,0.03804122766834631,0.1937500000000003
BGD.3.11.5.4_1,Narayanganj,Sonargaon,Kachpur,74.85662199313069,0.14292704104883092,0.8907334741925748
BGD.3.11.5.5_1,Narayanganj,Sonargaon,Mugra Para,29.5469384458805,0.05974093692737972,0.62898376428142
BGD.3.11.5.6_1,Narayanganj,Sonargaon,Noagaon,13.316155218850419,0.04154115884546573,0.007288629737609339
BGD.3.11.5.7_1,Narayanganj,Sonargaon,Pirijpur,51.247039183023986,0.09439153908473373,0.9572553057225396
BGD.3.11.5.8_1,Narayanganj,Sonargaon,Sadipur,26.063469895227026,0.039421472627562515,0.14130434782608708
BGD.3.11.5.9_1,Narayanganj,Sonargaon,Sanmandi,20.84209186434724,0.05453694599627563,0.5244988864142545
BGD.3.11.5.10_1,Narayanganj,Sonargaon,Shambhupura,21.85115963013928,0.03859099410239348,0.9549859614165376
BGD.3.11.5.11_1,Narayanganj,Sonargaon,Sonargaon Paurashava,43.23732972729163,0.1075832963880558,0.4498567335243557
BGD.3.12.1.1_1,Narsingdi,Belabo,Amlaba,13.910017190585977,0.01388177598309306,0.6243386243386246
BGD.3.12.1.2_1,Narsingdi,Belabo,Bajnaba,12.805425838073175,0.013509938678699525,0.6793721973094177
BGD.3.12.1.3_1,Narsingdi,Belabo,Belabo,17.30518944320513,0.0340508590086339,0.5345545378850963
BGD.3.12.1.4_1,Narsingdi,Belabo,Binyabaid,13.27800485335823,0.017871614646763418,0.7434554973822002
BGD.3.12.1.5_1,Narsingdi,Belabo,Char Ujilaba,17.893468088709692,0.027851379079622336,0.8799171842650105
BGD.3.12.1.6_1,Narsingdi,Belabo,Narayanpur,17.40447151004263,0.019342556035019776,0.27247191011235966
BGD.3.12.1.7_1,Narsingdi,Belabo,Patuli,13.094668462393871,0.01167366543258392,0.8144329896907219
BGD.3.12.1.8_1,Narsingdi,Belabo,Sallabad,21.689761841211933,0.030152469816664196,0.8180055401662053
BGD.3.12.2.1_1,Narsingdi,Manohardi,Bara Chapa,10.546443259794614,0.01714514215080344,0.7006880733944958
BGD.3.12.2.2_1,Narsingdi,Manohardi,Chalak Char,13.360555246268222,0.020345435900722623,0.024038461538461578
BGD.3.12.2.3_1,Narsingdi,Manohardi,Chandanbari,15.63414249823722,0.024708074131403353,0.0
BGD.3.12.2.4_1,Narsingdi,Manohardi,Char Mandalia,12.61805529178212,0.018167846871846628,0.8191365227537926
BGD.3.12.2.5_1,Narsingdi,Manohardi,Daulatpur,13.565579681223966,0.02348128093069999,0.8931888544891643
BGD.3.12.2.6_1,Narsingdi,Manohardi,Ekduaria,14.318502629121038,0.01883155932481153,0.48692810457516406
BGD.3.12.2.7_1,Narsingdi,Manohardi,Gotashia,10.274097512610336,0.016391180443415296,0.27454110135674414
BGD.3.12.2.8_1,Narsingdi,Manohardi,Kanchikata,10.92077008507997,0.01807362706512287,0.18439716312056767
BGD.3.12.2.9_1,Narsingdi,Manohardi,Khidirpur,12.957055691913139,0.018688874021102513,0.5021276595744688
BGD.3.12.2.10_1,Narsingdi,Manohardi,Lebutala,12.48764917030305,0.02458675500071511,0.5520581113801459
BGD.3.12.2.11_1,Narsingdi,Manohardi,Manohardi Paurashava,20.158163547963266,0.04465438416922554,0.06578947368421059
BGD.3.12.2.12_1,Narsingdi,Manohardi,Shukundi,14.219679811126708,0.017304296339613685,0.34096692111959315
BGD.3.12.3.1_1,Narsingdi,Narsingdi Sadar,Alokbali,16.44304232954727,0.018275165778680675,0.9720939929118138
BGD.3.12.3.2_1,Narsingdi,Narsingdi Sadar,Amdia,18.52985697761098,0.02040749965683765,0.6376912378303212
BGD.3.12.3.3_1,Narsingdi,Narsingdi Sadar,Char Dighaldi,14.611826066369723,0.013560444385604905,0.9785222510476942
BGD.3.12.3.4_1,Narsingdi,Narsingdi Sadar,Chinishpur,72.5125661128499,0.14641963142829584,0.44588744588744594
BGD.3.12.3.5_1,Narsingdi,Narsingdi Sadar,Hajipur,37.70180583324965,0.05077230225698015,0.9570571518787497
BGD.3.12.3.6_1,Narsingdi,Narsingdi Sadar,Kanthalia,17.829640921893073,0.038055939760229876,0.042968750000000076
BGD.3.12.3.7_1,Narsingdi,Narsingdi Sadar,Karimpur,20.790107166372554,0.02595361617665301,0.96426622029766
BGD.3.12.3.8_1,Narsingdi,Narsingdi Sadar,Madhabdi Paurashava,75.38286868401889,0.19181716472303204,0.03703703703703711
BGD.3.12.3.9_1,Narsingdi,Narsingdi Sadar,Mahishasura,34.6433575135284,0.05689638653997037,0.7255067567567576
BGD.3.12.3.10_1,Narsingdi,Narsingdi Sadar,Meher Para,48.186032997908946,0.08338270982748591,0.6401709401709406
BGD.3.12.3.11_1,Narsingdi,Narsingdi Sadar,Narsingdi Paurashava,123.84464411822002,0.2042800069792367,0.9227099236641223
BGD.3.12.3.12_1,Narsingdi,Narsingdi Sadar,Nazarpur,22.813227397935076,0.020968976735262466,0.9763998933876081
BGD.3.12.3.13_1,Narsingdi,Narsingdi Sadar,Nuralla Pur U/C,24.763961591642794,0.06293167511031213,0.4597156398104271
BGD.3.12.3.14_1,Narsingdi,Narsingdi Sadar,Paikar Char,28.26551488750769,0.045525736115098754,0.8336653386454189
BGD.3.12.3.15_1,Narsingdi,Narsingdi Sadar,Panchdona,36.65124121021551,0.05358099040190954,0.7145899893503732
BGD.3.12.3.16_1,Narsingdi,Narsingdi Sadar,Silmandi,55.51288739849786,0.07928951281070745,0.30588235294117677
BGD.3.12.4.1_1,Narsingdi,Palash,Char Sindur,18.934597790128677,0.03649279507483562,0.9688664766498578
BGD.3.12.4.2_1,Narsingdi,Palash,Danga,23.190119694555086,0.045933596196068745,0.8525311812179022
BGD.3.12.4.3_1,Narsingdi,Palash,Gazaria,15.557014809566352,0.026434615144027777,0.3218390804597704
BGD.3.12.4.4_1,Narsingdi,Palash,Ghorashal Paurashava,36.25757371731546,0.07185445919918904,0.9176658673061553
BGD.3.12.4.5_1,Narsingdi,Palash,Jinardi,14.646731647810595,0.019240702081918998,0.331436699857753
BGD.3.12.5.1_1,Narsingdi,Roypura,Adiabad,15.168530854725077,0.02067761991132607,0.8934796642995483
BGD.3.12.5.2_1,Narsingdi,Roypura,Alipura,19.470573014797967,0.015454324209932268,0.22727272727272751
BGD.3.12.5.3_1,Narsingdi,Roypura,Amirganj,26.166245580142352,0.016020703450327186,0.930173508252222
BGD.3.12.5.4_1,Narsingdi,Roypura,Banshgari,17.564724761091483,0.017426160746558013,0.974979602937177
BGD.3.12.5.5_1,Narsingdi,Roypura,Chanderkandi,19.668758081736712,0.030718476261342283,0.6567028985507251
BGD.3.12.5.6_1,Narsingdi,Roypura,Chandpur,17.4645543810119,0.013825475780008792,0.9860461380930384
BGD.3.12.5.7_1,Narsingdi,Roypura,Char Aralia,18.6367817574876,0.0189959216708121,0.9827502429543239
BGD.3.12.5.8_1,Narsingdi,Roypura,Char Madhua,16.766987757197104,0.014258977497039088,0.9771806720292076
BGD.3.12.5.9_1,Narsingdi,Roypura,Char Subuddi,19.5469225548796,0.01853711469295324,0.9515853177213525
BGD.3.12.5.10_1,Narsingdi,Roypura,Daukar Char,28.028273619002782,0.018298549327678448,0.8405253283302067
BGD.3.12.5.11_1,Narsingdi,Roypura,Hairmara,19.2826741817531,0.01731363225806452,0.901605599011939
BGD.3.12.5.12_1,Narsingdi,Roypura,Maheshpur,21.531108134608075,0.030501305872872923,0.9028108623153885
BGD.3.12.5.13_1,Narsingdi,Roypura,Marjal,22.717610530088837,0.02693590563006428,0.8193779904306223
BGD.3.12.5.14_1,Narsingdi,Roypura,Mirzanagar,21.467849289155076,0.021970489458007926,0.40433212996389917
BGD.3.12.5.15_1,Narsingdi,Roypura,Mirzapur,21.26937156364006,0.016617907178064762,0.4368770764119607
BGD.3.12.5.16_1,Narsingdi,Roypura,Mirzar Char,17.011595027351312,0.01583087818696885,0.9487962316817862
BGD.3.12.5.17_1,Narsingdi,Roypura,Musapur,25.454496591994527,0.025096785989222478,0.9705088787099201
BGD.3.12.5.18_1,Narsingdi,Roypura,Nilakhya,17.98175993377187,0.013691904104555426,0.977511843967267
BGD.3.12.5.19_1,Narsingdi,Roypura,Palashtali,20.308851558721468,0.02355742856029005,0.8697368421052635
BGD.3.12.5.20_1,Narsingdi,Roypura,Paratali,15.039773104199519,0.019233876295942327,0.9610889256842315
BGD.3.12.5.21_1,Narsingdi,Roypura,Radhanagar,18.753809015502004,0.01348152803117328,0.6434426229508202
BGD.3.12.5.22_1,Narsingdi,Roypura,Roypura,17.820236628597833,0.011774695414791972,0.9743106588782111
BGD.3.12.5.23_1,Narsingdi,Roypura,Roypura Paurashava,19.166360539422,0.03143984935001822,0.9218071242397916
BGD.3.12.5.24_1,Narsingdi,Roypura,Sreenagar,15.733264776371012,0.015018881298929084,0.9751584879079592
BGD.3.12.5.25_1,Narsingdi,Roypura,Uttar Bakharnagar,20.234295426490206,0.016732211005426857,0.25301204819277134
BGD.3.12.6.1_1,Narsingdi,Shibpur,Ayubpur,16.82252886462589,0.016530374331550805,0.25686274509803947
BGD.3.12.6.2_1,Narsingdi,Shibpur,Baghaba,10.741600320102991,0.01825980797427044,0.7554585152838432
BGD.3.12.6.3_1,Narsingdi,Shibpur,Chak Radha,10.143210991332735,0.012361565289552767,0.2224334600760461
BGD.3.12.6.4_1,Narsingdi,Shibpur,Dulalpur,9.397936063696637,0.016181177004875615,0.8459348307497631
BGD.3.12.6.5_1,Narsingdi,Shibpur,Josar,11.12721768227738,0.023209841917389104,0.8537414965986398
BGD.3.12.6.6_1,Narsingdi,Shibpur,Joynagar,7.005589770724425,0.014034684980041654,0.13810110974106068
BGD.3.12.6.7_1,Narsingdi,Shibpur,Masimpur,10.42618224341305,0.012136818070937212,0.4658333333333338
BGD.3.12.6.8_1,Narsingdi,Shibpur,Putia,32.68676404157312,0.0568839398655254,0.5768421052631586
BGD.3.12.6.9_1,Narsingdi,Shibpur,Sadhar Char,12.493462878235452,0.0166306292429688,0.5606694560669461
BGD.3.12.6.10_1,Narsingdi,Shibpur,Shibpur Paurashava,21.266247657152658,0.04041070125963526,0.21250000000000016
BGD.3.14.1.1_1,Rajbari,Balia Kandi,Baharpur,8.346792118077122,0.019562743854173087,0.7393101255762209
BGD.3.14.1.2_1,Rajbari,Balia Kandi,Baliakandi,7.427371820027961,0.018023697553365452,0.1937984496124034
BGD.3.14.1.3_1,Rajbari,Balia Kandi,Islampur,7.297786006854153,0.0152675425959008,0.714285714285715
BGD.3.14.1.4_1,Rajbari,Balia Kandi,Jamalpur,7.976872352094519,0.014765641884679187,0.4929048414023382
BGD.3.14.1.5_1,Rajbari,Balia Kandi,Jangal,7.042182564654818,0.01168739340294391,0.8658101356174166
BGD.3.14.1.6_1,Rajbari,Balia Kandi,Narua,7.172970848504337,0.01960093812051707,0.8363281250000004
BGD.3.14.1.7_1,Rajbari,Balia Kandi,Nawabpur,6.981998651121293,0.02122400761404369,0.0757894736842106
BGD.3.14.2.1_1,Rajbari,Goalandaghat,Chhota Bhakla,8.252125838828244,0.016330740100826018,0.3280839895013128
BGD.3.14.2.2_1,Rajbari,Goalandaghat,Daulatdia,13.109156292104347,0.01349294285996249,0.9916142557652027
BGD.3.14.2.3_1,Rajbari,Goalandaghat,Debagram,6.914576942254949,0.007565673924313117,0.9611601257478954
BGD.3.14.2.4_1,Rajbari,Goalandaghat,Goalandaghat Paurashava,7.934102731830217,0.013505666334330339,0.058139534883720985
BGD.3.14.2.5_1,Rajbari,Goalandaghat,Ujan Char,8.530486195231791,0.019773962080107305,0.9334662462908034
BGD.3.14.3.1_1,Rajbari,Kalukhali,Boalia,7.677314541197501,0.017719384205609347,0.2514220705346986
BGD.3.14.3.2_1,Rajbari,Kalukhali,Kalikapur,7.008536197494981,0.01592438740195823,0.6852713178294575
BGD.3.14.3.3_1,Rajbari,Kalukhali,Madapur,6.119004762165353,0.014704819788414326,0.015503875968992265
BGD.3.14.3.4_1,Rajbari,Kalukhali,Majhbari,6.5794453339427506,0.01854641733547352,0.14250000000000027
BGD.3.14.3.5_1,Rajbari,Kalukhali,Mrigi,6.005920652817999,0.02278155273519701,0.3563852354688166
BGD.3.14.3.6_1,Rajbari,Kalukhali,Ratandia,6.202918325600313,0.014599858513397788,0.9405811110479289
BGD.3.14.3.7_1,Rajbari,Kalukhali,Saorail,6.3010544903850505,0.02137841191482241,0.8359026369168359
BGD.3.14.4.1_1,Rajbari,Pangsha,Babupara,9.904002337095712,0.01707934977269596,0.32075471698113234
BGD.3.14.4.2_1,Rajbari,Pangsha,Bahadurpur,8.228653733164263,0.016221075243755587,0.9920116844019197
BGD.3.14.4.3_1,Rajbari,Pangsha,Habaspur,8.310976370140477,0.01600990554426017,0.9831621900363217
BGD.3.14.4.4_1,Rajbari,Pangsha,Jashai,8.014018626833812,0.01745596017214597,0.3093922651933704
BGD.3.14.4.5_1,Rajbari,Pangsha,Kalimahar,8.992304899108712,0.012799228366906711,0.590604026845638
BGD.3.14.4.6_1,Rajbari,Pangsha,Kasba Majhail,7.510879122968783,0.02060347106074356,0.9045692883895136
BGD.3.14.4.7_1,Rajbari,Pangsha,Machh Para,9.172179962273189,0.020348231181957836,0.6079295154185026
BGD.3.14.4.8_1,Rajbari,Pangsha,Maurat,8.203344618019889,0.016977083678541845,0.39603960396039656
BGD.3.14.4.9_1,Rajbari,Pangsha,Pangsha Paurashava,19.270380001562593,0.05423488884328613,0.285714285714286
BGD.3.14.4.10_1,Rajbari,Pangsha,Patta,8.317689594297333,0.017576093957394956,0.14377406931964076
BGD.3.14.4.11_1,Rajbari,Pangsha,Sarisha,7.746925803301948,0.016634416610009934,0.2500000000000003
BGD.3.14.5.1_1,Rajbari,Rajbari Sadar,Alipur,9.69719047266795,0.010825530886403239,0.48968105065666095
BGD.3.14.5.2_1,Rajbari,Rajbari Sadar,Banibaha,9.749525200014984,0.02119661376601329,0.6252699784017284
BGD.3.14.5.3_1,Rajbari,Rajbari Sadar,Barat,9.010425416177272,0.0122485556189541,0.9541699278198018
BGD.3.14.5.4_1,Rajbari,Rajbari Sadar,Basantapur,8.422701680170206,0.015069190103911726,0.07217694994179293
BGD.3.14.5.5_1,Rajbari,Rajbari Sadar,Chandani,7.226321517720507,0.01858916970138384,0.9645232815964524
BGD.3.14.5.6_1,Rajbari,Rajbari Sadar,Dadshi,12.731671593121877,0.019253491106665944,0.2878103837471788
BGD.3.14.5.7_1,Rajbari,Rajbari Sadar,Khanganj,5.8134992724557275,0.01684110567756118,0.9892628297638987
BGD.3.14.5.8_1,Rajbari,Rajbari Sadar,Khankhanapur,11.754637867507327,0.023118785646861748,0.06564551422319483
BGD.3.14.5.9_1,Rajbari,Rajbari Sadar,Mizanpur,10.830153832798361,0.011336678011217804,0.9964008628395069
BGD.3.14.5.10_1,Rajbari,Rajbari Sadar,Mulghar,8.762834813202826,0.016778595234316546,0.6734355573974311
BGD.3.14.5.11_1,Rajbari,Rajbari Sadar,Panchuria,9.571952137513431,0.005206645917246431,0.27204030226700293
BGD.3.14.5.12_1,Rajbari,Rajbari Sadar,Rajbari Paurashava,39.74318844610717,0.10374800846859558,0.4717948717948723
BGD.3.14.5.13_1,Rajbari,Rajbari Sadar,Ramkantapur,13.821270873733347,0.023705791534588853,0.5993322203672794
BGD.3.14.5.14_1,Rajbari,Rajbari Sadar,Shahid Wahabpur,10.063571658962307,0.010853333842219764,0.6149732620320859
BGD.3.14.5.15_1,Rajbari,Rajbari Sadar,Sultanpur,7.865184930877326,0.013509184983566147,0.12702702702702734
BGD.3.15.1.1_1,Shariatpur,Bhedarganj,Arshi Nagar,7.3045202977694546,0.027984462715885075,0.5286214953271037
BGD.3.15.1.2_1,Shariatpur,Bhedarganj,Bhedarganj Paurashava,21.07043596110914,0.05223494925213675,0.8794326241134757
BGD.3.15.1.3_1,Shariatpur,Bhedarganj,Char Bhaga,8.187165847905916,0.03935726375835791,0.685314685314686
BGD.3.15.1.4_1,Shariatpur,Bhedarganj,Char Census,8.102727763196079,0.02088690560007153,0.8660229330114649
BGD.3.15.1.5_1,Shariatpur,Bhedarganj,Char Kumaria,9.07284050925543,0.01708231849969016,0.6434659090909096
BGD.3.15.1.6_1,Shariatpur,Bhedarganj,Chhaygaon,9.389716082944691,0.014599321784113802,0.22086570477247539
BGD.3.15.1.7_1,Shariatpur,Bhedarganj,Dhakhin Tarabunia,7.992302283581257,0.023545092324855982,0.8364805976343641
BGD.3.15.1.8_1,Shariatpur,Bhedarganj,Digar Mahishkhali,8.682979445197011,0.021535003625465277,0.6968698517298194
BGD.3.15.1.9_1,Shariatpur,Bhedarganj,Kachikata,8.284830505616986,0.008616330515476292,0.9834044504002535
BGD.3.15.1.10_1,Shariatpur,Bhedarganj,Mahisar,11.681202527608907,0.026669296954367334,0.5831702544031316
BGD.3.15.1.11_1,Shariatpur,Bhedarganj,Narayanpur,10.36541893624129,0.021485638975530474,0.9130434782608698
BGD.3.15.1.12_1,Shariatpur,Bhedarganj,Rambhadrapur,11.234447769716528,0.02188164313019303,0.8492753623188406
BGD.3.15.1.13_1,Shariatpur,Bhedarganj,Sakhipur,8.155846956246354,0.03096270592892598,0.7429533024821207
BGD.3.15.1.14_1,Shariatpur,Bhedarganj,Tarabunia,8.053185229087669,0.02446345509317823,0.93333333333333
BGD.3.15.2.1_1,Shariatpur,Damudya,Damudya Paurashava,14.250239226930185,0.043070282800185454,0.8103448275862073
BGD.3.15.2.2_1,Shariatpur,Damudya,Darul Aman,16.44944164664967,0.03342897680997899,0.54
BGD.3.15.2.3_1,Shariatpur,Damudya,Dhankati,8.130178441632493,0.012780192167602612,0.10169491525423738
BGD.3.15.2.4_1,Shariatpur,Damudya,Islam Pur,8.829669399414268,0.017447369841503507,0.4510638297872344
BGD.3.15.2.5_1,Shariatpur,Damudya,Kaneshwar,10.798056139835301,0.020891990690810006,0.42535787321063434
BGD.3.15.2.6_1,Shariatpur,Damudya,Purba Damudya,8.858246429666222,0.018509799970768164,0.5691927512355854
BGD.3.15.2.7_1,Shariatpur,Damudya,Sidulkura,9.409931463178868,0.011644697314519798,0.6023222060957916
BGD.3.15.2.8_1,Shariatpur,Damudya,Sidya,10.83186258318438,0.028034525853844687,0.4451612903225807
BGD.3.15.3.1_1,Shariatpur,Gosairhat,Gariber Char,5.6262790105466,0.014996325593872015,0.9780264803553711
BGD.3.15.3.2_1,Shariatpur,Gosairhat,Gosairhat,8.684518016368614,0.021164190181156985,0.8303238750358272
BGD.3.15.3.3_1,Shariatpur,Gosairhat,Idilpur,8.241633490235435,0.013065594026331319,0.8629710370601062
BGD.3.15.3.4_1,Shariatpur,Gosairhat,Kodalpur,5.35895882630874,0.011986495711458111,0.9792086041295216
BGD.3.15.3.5_1,Shariatpur,Gosairhat,Kuchaipatti,5.989590982936523,0.01238270572996747,0.9579463100949219
BGD.3.15.3.6_1,Shariatpur,Gosairhat,Nager Para,6.232424115362698,0.010718634577326748,0.0
BGD.3.15.3.7_1,Shariatpur,Gosairhat,Nalmuri,7.13330816302001,0.01612544901602133,0.9564464241524379
BGD.3.15.3.8_1,Shariatpur,Gosairhat,Samantasar,7.676106738867382,0.013097361137236982,0.5797101449275366
BGD.3.15.4.1_1,Shariatpur,Naria,Bhojeshwar,11.6206118906625,0.025407323102479923,0.6241197183098599
BGD.3.15.4.2_1,Shariatpur,Naria,Bhumkhara,10.119310627195619,0.023207581316187588,0.27654320987654335
BGD.3.15.4.3_1,Shariatpur,Naria,Bijhari,10.006944333609464,0.014726850080237015,0.3172496984318462
BGD.3.15.4.4_1,Shariatpur,Naria,Chamta,10.248731566142697,0.021727574875784382,0.2187147688838785
BGD.3.15.4.5_1,Shariatpur,Naria,Char Atra,9.198979817498994,0.0,1.0
BGD.3.15.4.6_1,Shariatpur,Naria,Dinga Manik,10.522654698281723,0.023486822464782165,0.6440944881889766
BGD.3.15.4.7_1,Shariatpur,Naria,Fateh Jangapur,10.465762831060257,0.02679142760942761,0.5650000000000005
BGD.3.15.4.8_1,Shariatpur,Naria,Gharisar,10.354017377489354,0.015071831903572594,0.9929520694658797
BGD.3.15.4.9_1,Shariatpur,Naria,Japsa,11.131291961524061,0.016265465081426723,0.47696476964769696
BGD.3.15.4.10_1,Shariatpur,Naria,Kedarpur,13.974381085466652,0.013750959337768176,0.9929609445958207
BGD.3.15.4.11_1,Shariatpur,Naria,Muktarer Char,11.38661661092856,0.024068334421402077,0.8299368800721375
BGD.3.15.4.12_1,Shariatpur,Naria,Naria Paurashava,16.33856467491772,0.03632128221649485,0.6721611721611725
BGD.3.15.4.13_1,Shariatpur,Naria,Nasasan,9.582709277910864,0.029352006948648444,0.19189189189189204
BGD.3.15.4.14_1,Shariatpur,Naria,Noapara,9.279763980133092,0.004798989681265766,0.9566232418722613
BGD.3.15.4.15_1,Shariatpur,Naria,Rajnagar,9.178524520812866,0.027890598415244765,0.0
BGD.3.15.5.1_1,Shariatpur,Shariatpur Sadar,Angaria,8.281170430220811,0.016953346719521405,0.7857974388824219
BGD.3.15.5.2_1,Shariatpur,Shariatpur Sadar,Binodpur,7.461861292759551,0.011729561868800385,0.42721518987341833
BGD.3.15.5.3_1,Shariatpur,Shariatpur Sadar,Chandrapur,7.064253685047423,0.016124728976663543,0.5069984447900473
BGD.3.15.5.4_1,Shariatpur,Shariatpur Sadar,Chikandi,7.746712155674105,0.014543602771362579,0.1599264705882354
BGD.3.15.5.5_1,Shariatpur,Shariatpur Sadar,Chitalia,8.418502261158697,0.018427511586322668,0.07236842105263165
BGD.3.15.5.6_1,Shariatpur,Shariatpur Sadar,Domsar,10.782560358640016,0.016871219223196083,0.7068702290076335
BGD.3.15.5.7_1,Shariatpur,Shariatpur Sadar,Mohammadpur,7.131343677808453,0.007958454398154503,0.0
BGD.3.15.5.8_1,Shariatpur,Shariatpur Sadar,Palong,9.788306525575774,0.015931308684302807,0.20284697508896804
BGD.3.15.5.9_1,Shariatpur,Shariatpur Sadar,Rudrakar,8.783139027473647,0.018931884885513627,0.10909090909090928
BGD.3.15.5.10_1,Shariatpur,Shariatpur Sadar,Shariatpur Paurashava,18.284854915001286,0.05053588104144015,0.5198019801980202
BGD.3.15.5.11_1,Shariatpur,Shariatpur Sadar,Shaul Para,8.28377689715925,0.014909468097470279,0.008771929824561413
BGD.3.15.5.12_1,Shariatpur,Shariatpur Sadar,Tulasar,10.730128891517046,0.014571308539573958,0.8798283261802577
BGD.3.15.6.1_1,Shariatpur,Zanjira,Bara Gopalpur,5.94261601188197,0.01485225089321159,0.4950738916256163
BGD.3.15.6.2_1,Shariatpur,Zanjira,Bara Krishnagar,7.429490630810445,0.02405664923846327,0.251046025104603
BGD.3.15.6.3_1,Shariatpur,Zanjira,Barakandi,8.431836012435967,0.024345351256353034,0.8365929126043516
BGD.3.15.6.4_1,Shariatpur,Zanjira,Bilaspur,6.2394142586140955,0.020334898696194804,0.9544833864360434
BGD.3.15.6.5_1,Shariatpur,Zanjira,Joynagar,6.272434611587157,0.01594253111707554,0.8119973190348531
BGD.3.15.6.6_1,Shariatpur,Zanjira,Kunder Char,5.637326635904803,0.004104941378458789,0.999949783230947
BGD.3.15.6.7_1,Shariatpur,Zanjira,Mulna,8.042988460226383,0.023249163081418944,0.5705521472392643
BGD.3.15.6.8_1,Shariatpur,Zanjira,Naodoba,18.13441626302909,0.04506199682701873,0.8274379759272911
BGD.3.15.6.9_1,Shariatpur,Zanjira,Paler Char,5.722301654334922,0.006343795530537677,0.9898111313934962
BGD.3.15.6.10_1,Shariatpur,Zanjira,Purba Naodoba,10.767937976367188,0.019635905170716336,0.9522254071950758
BGD.3.15.6.11_1,Shariatpur,Zanjira,Sener Char,7.382027783938063,0.018971268511424017,0.4865336658354123
BGD.3.15.6.12_1,Shariatpur,Zanjira,Zanjira,6.475430171048927,0.032460003180240116,0.7335434173669473
BGD.3.15.6.13_1,Shariatpur,Zanjira,Zanjira Paurashava,8.642644467782375,0.03919947766503167,0.45934256055363354
BGD.3.17.1.1_1,Tangail,Basail,Basail,7.771314887093019,0.026729690716655763,0.579423489727078
BGD.3.17.1.2_1,Tangail,Basail,Fulki,8.464095003334954,0.03171600596185491,0.6779440468445002
BGD.3.17.1.3_1,Tangail,Basail,Habla,11.584704993258573,0.0365354261316985,0.16607773851590135
BGD.3.17.1.4_1,Tangail,Basail,Kanchanpur,7.6768098680096974,0.016385779196311814,0.7322635762573335
BGD.3.17.1.5_1,Tangail,Basail,Kaoaljani,7.05694468484735,0.03324966169860422,0.5026675945256327
BGD.3.17.1.6_1,Tangail,Basail,Kashil,10.063312733884478,0.030504580285759364,0.5542356986558309
BGD.3.17.2.1_1,Tangail,Bhuapur,Arjuna,7.403041078026547,0.00862243970601776,0.9801624962385137
BGD.3.17.2.2_1,Tangail,Bhuapur,Bhuapur Paurashava,10.752486696756089,0.03142973143021499,0.40318302387267946
BGD.3.17.2.3_1,Tangail,Bhuapur,Birhati,8.709093856619788,0.021812017629058697,0.4025423728813566
BGD.3.17.2.4_1,Tangail,Bhuapur,Falda,7.618976244552683,0.023362365360016266,0.750617283950618
BGD.3.17.2.5_1,Tangail,Bhuapur,Gabsara,5.865979734347701,0.004208441592244691,0.9709662159498558
BGD.3.17.2.6_1,Tangail,Bhuapur,Gobindasi,11.75831167497624,0.026124068227321752,0.9658284977433914
BGD.3.17.2.7_1,Tangail,Bhuapur,Nikrail,10.318659350953402,0.005940270945692329,0.9970404548844158
BGD.3.17.3.1_1,Tangail,Delduar,Atia,10.213810138254594,0.025189636400490337,0.18750000000000025
BGD.3.17.3.2_1,Tangail,Delduar,Delduar,10.548642760520915,0.030550838065132962,0.1965944272445824
BGD.3.17.3.3_1,Tangail,Delduar,Deoli,9.274001057833425,0.022769798399824324,0.6397684712291463
BGD.3.17.3.4_1,Tangail,Delduar,Dubail,14.124889982629774,0.03570981970922399,0.151807228915663
BGD.3.17.3.5_1,Tangail,Delduar,Elasin,8.919772579828782,0.025798206233388733,0.564766839378239
BGD.3.17.3.6_1,Tangail,Delduar,Fazilhati,8.408544368501722,0.02582063998170755,0.13052208835341386
BGD.3.17.3.7_1,Tangail,Delduar,Lauhati,8.10653485277789,0.019896841961317233,0.5262395946435042
BGD.3.17.3.8_1,Tangail,Delduar,Pathrail,12.27679122519261,0.02888686976955106,0.1070422535211269
BGD.3.17.4.1_1,Tangail,Dhanbari,Balibhadra,8.932575093446987,0.021644872637315918,0.10101010101010117
BGD.3.17.4.2_1,Tangail,Dhanbari,Baniajan,9.782976043574244,0.017547488341320947,0.5314285714285718
BGD.3.17.4.3_1,Tangail,Dhanbari,Birtara,11.571784513881546,0.021347873141659562,0.43388429752066165
BGD.3.17.4.4_1,Tangail,Dhanbari,Dhanbari,10.24506666898835,0.021611056223939662,0.6486286137879916
BGD.3.17.4.5_1,Tangail,Dhanbari,Dhanbari Paurashava,19.383139002285436,0.043194372353937346,0.6672008547008549
BGD.3.17.4.6_1,Tangail,Dhanbari,Dhopakhali,11.751809341967764,0.024772843696065194,0.5465313028764812
BGD.3.17.4.7_1,Tangail,Dhanbari,Musuddi,9.92616411001884,0.02799983800898314,0.24786324786324815
BGD.3.17.4.8_1,Tangail,Dhanbari,Paiska,13.11842958931927,0.018415316549036144,0.4477272727272733
BGD.3.17.5.1_1,Tangail,Ghatail,Anehola,7.157179155805485,0.016858346645367426,0.6558505408062933
BGD.3.17.5.2_1,Tangail,Ghatail,Deopara,6.045383581803589,0.015061411184699685,0.6767996622334815
BGD.3.17.5.3_1,Tangail,Ghatail,Deulabari,7.981151544567684,0.025331767988401116,0.607009694258017
BGD.3.17.5.4_1,Tangail,Ghatail,Dhala Para,7.5683816392524506,0.038582041061223565,0.8436732514682316
BGD.3.17.5.5_1,Tangail,Ghatail,Digalkandi,8.880111258438225,0.023917756924946226,0.36572302983932764
BGD.3.17.5.6_1,Tangail,Ghatail,Digar,10.64160491782699,0.039740460872057834,0.13819875776397542
BGD.3.17.5.7_1,Tangail,Ghatail,Ghatail,9.83445793096364,0.03368637000948889,0.3454018826937007
BGD.3.17.5.8_1,Tangail,Ghatail,Ghatail Paurashava,21.177628874214907,0.09551215996396306,0.3465517241379314
BGD.3.17.5.9_1,Tangail,Ghatail,Jamuria,9.864043985251207,0.029800545143903928,0.3926897844423624
BGD.3.17.5.10_1,Tangail,Ghatail,Lakher Para,8.90615507507871,0.018297172186713156,0.3381443298969078
BGD.3.17.5.11_1,Tangail,Ghatail,Rasulpur,5.713254626318499,0.025429793784992112,0.7711792851111742
BGD.3.17.5.12_1,Tangail,Ghatail,Sandhanpur,6.744208118646315,0.019784330178759198,0.7767943044063887
BGD.3.17.6.1_1,Tangail,Gopalpur,Alamnagar,8.628772376711703,0.02353014864137746,0.6401036605118243
BGD.3.17.6.2_1,Tangail,Gopalpur,Dhopakandi,9.094409044197857,0.025433607190171643,0.7544326241134759
BGD.3.17.6.3_1,Tangail,Gopalpur,Gopalpur Paurashava,13.996908735025146,0.03529488871672741,0.5557074504442928
BGD.3.17.6.4_1,Tangail,Gopalpur,Hadira,8.378284756237193,0.023673439714690696,0.29316546762589973
BGD.3.17.6.5_1,Tangail,Gopalpur,Hemnagar,10.090707581881977,0.02431110769840482,0.5597633136094676
BGD.3.17.6.6_1,Tangail,Gopalpur,Jhawail,9.444779674341758,0.022616469195254337,0.7673304764305525
BGD.3.17.6.7_1,Tangail,Gopalpur,Mirzapur,8.571708802195019,0.028280238681605365,0.660056657223797
BGD.3.17.6.8_1,Tangail,Gopalpur,Nagda Simla,8.905420038147462,0.02252566867303458,0.7072560467055886
BGD.3.17.7.1_1,Tangail,Kalihati,Balla,10.999938628483303,0.06435918129223588,0.4896551724137935
BGD.3.17.7.2_1,Tangail,Kalihati,Bangra,13.138215831147905,0.030789959693004253,0.25631768953068634
BGD.3.17.7.3_1,Tangail,Kalihati,Bir Bashunda,12.31741642608784,0.033309399868680235,0.20565410199556586
BGD.3.17.7.4_1,Tangail,Kalihati,Dashkia,12.117509378660793,0.023943428015327547,0.6291540785498497
BGD.3.17.7.5_1,Tangail,Kalihati,Durgapur,10.29262776389658,0.014775352337110484,0.3991625959525476
BGD.3.17.7.6_1,Tangail,Kalihati,Elenga,21.455616732090846,0.04204364948849924,0.5962159667743429
BGD.3.17.7.7_1,Tangail,Kalihati,Gohaliabari,16.0882040510063,0.008746998315961946,0.9817574375563449
BGD.3.17.7.8_1,Tangail,Kalihati,Kalihati Paurashava,27.013426054919975,0.06874226416225698,0.2144249512670568
BGD.3.17.7.9_1,Tangail,Kalihati,Kok Dahara,10.81801528934952,0.03469087933455762,0.7169811320754723
BGD.3.17.7.10_1,Tangail,Kalihati,Nagbari,9.19293744499502,0.03434273252072876,0.511371163612277
BGD.3.17.7.11_1,Tangail,Kalihati,Narandia,9.065595579900313,0.02427680153031812,0.2657534246575347
BGD.3.17.7.12_1,Tangail,Kalihati,Paikara,9.005519400839683,0.037323978995781944,0.22037037037037058
BGD.3.17.7.13_1,Tangail,Kalihati,Parki,7.323025027581894,0.03130804904945702,0.6609603340292282
BGD.3.17.7.14_1,Tangail,Kalihati,Sahadebpur,10.512017970528326,0.03062405153986698,0.2089971883786321
BGD.3.17.7.15_1,Tangail,Kalihati,Salla,11.865632649837845,0.02520671583686066,0.45005611672278434
BGD.3.17.8.1_1,Tangail,Madhupur,Alokdia,7.906707858643295,0.022067309671517186,0.7481617647058831
BGD.3.17.8.2_1,Tangail,Madhupur,Arankhola,4.679715713650108,0.010065319326571353,0.7637017070979337
BGD.3.17.8.3_1,Tangail,Madhupur,Ausnara,5.978902426356161,0.021757223868932467,0.25402843601895775
BGD.3.17.8.4_1,Tangail,Madhupur,Golabari,8.193323848816318,0.020432130772166386,0.6242469879518078
BGD.3.17.8.5_1,Tangail,Madhupur,Madhupur Paurashava,18.162360213055386,0.054608557287751644,0.4802631578947376
BGD.3.17.8.6_1,Tangail,Madhupur,Mirzabari,7.39116634484803,0.028902520465569688,0.7809462086843815
BGD.3.17.8.7_1,Tangail,Madhupur,Solakuri,4.737693103554746,0.018208675775957042,0.8759689922480621
BGD.3.17.9.1_1,Tangail,Mirzapur,Ajgana,10.247176531431169,0.04528127900793507,0.8148047722342736
BGD.3.17.9.2_1,Tangail,Mirzapur,Anaitara,6.153366844491428,0.021832906788923388,0.20000000000000037
BGD.3.17.9.3_1,Tangail,Mirzapur,Bahuria,6.320368903686411,0.027516564852962073,0.34700854700854755
BGD.3.17.9.4_1,Tangail,Mirzapur,Banail,6.703730870343377,0.028176469985658665,0.009623797025371845
BGD.3.17.9.5_1,Tangail,Mirzapur,Banshtail,6.68151919146256,0.028518536735871063,0.3365384615384622
BGD.3.17.9.6_1,Tangail,Mirzapur,Bhaora,6.6968676282604696,0.03094690268291523,0.13779210314262713
BGD.3.17.9.7_1,Tangail,Mirzapur,Bhatgram,9.115392900460066,0.02875151060214601,0.03163331181407368
BGD.3.17.9.8_1,Tangail,Mirzapur,Fatehpur,9.784745722508063,0.025638478751653416,0.7022594142259418
BGD.3.17.9.9_1,Tangail,Mirzapur,Gorai,22.014742619231946,0.08184228103388928,0.4690496948561471
BGD.3.17.9.10_1,Tangail,Mirzapur,Jamurki,13.746299100106771,0.044962416343782986,0.18319928507596103
BGD.3.17.9.11_1,Tangail,Mirzapur,Latifpur,12.376519087975108,0.04225852302248187,0.8030794165316053
BGD.3.17.9.12_1,Tangail,Mirzapur,Mahera,9.604353694396895,0.027196557092312643,0.09404990403071037
BGD.3.17.9.13_1,Tangail,Mirzapur,Mirzapur Paurashava,20.80540086026545,0.09934740642042643,0.3757292882147028
BGD.3.17.9.14_1,Tangail,Mirzapur,Tarafpur,6.20040955524201,0.02589112372837987,0.6804335090802585
BGD.3.17.9.15_1,Tangail,Mirzapur,Uarsi,6.356417916980649,0.02430144843021057,0.15749855240301136
BGD.3.17.10.1_1,Tangail,Nagarpur,Bekra,9.398454337614139,0.01860338630895969,0.39880059970015047
BGD.3.17.10.2_1,Tangail,Nagarpur,Bhadra,9.662795956167491,0.01811549323641818,0.1585653610193492
BGD.3.17.10.3_1,Tangail,Nagarpur,Bhara,8.436738748095852,0.015364567155031343,0.8560875988528579
BGD.3.17.10.4_1,Tangail,Nagarpur,Dhubaria,9.368318629202918,0.011781041682063405,0.4702064896755168
BGD.3.17.10.5_1,Tangail,Nagarpur,Duptiair,9.321565217696085,0.02369389431299886,0.4508501074848553
BGD.3.17.10.6_1,Tangail,Nagarpur,Gayhata,10.748488853505114,0.01818934502038929,0.3362637362637366
BGD.3.17.10.7_1,Tangail,Nagarpur,Mamudnagar,9.287183190812602,0.0260859387083975,0.551782682512734
BGD.3.17.10.8_1,Tangail,Nagarpur,Mokhna,10.03949056220016,0.017943256390511416,0.542186571598337
BGD.3.17.10.9_1,Tangail,Nagarpur,Nagarpur,11.104052546734229,0.027331271171331793,0.4400560224089642
BGD.3.17.10.10_1,Tangail,Nagarpur,Pakutia,9.156749581196923,0.0200697373659539,0.42026578073089743
BGD.3.17.10.11_1,Tangail,Nagarpur,Sahabatpur,10.416170165683589,0.018058894171744902,0.6978636826042729
BGD.3.17.10.12_1,Tangail,Nagarpur,Salimabad,9.853296938036006,0.012534629231595913,0.8320203303684882
BGD.3.17.11.1_1,Tangail,Sakhipur,Baheratail,6.045135580408626,0.026114357355126336,0.927442283634704
BGD.3.17.11.2_1,Tangail,Sakhipur,Gazaria,6.326338411912405,0.03813132447586753,0.7086730911786516
BGD.3.17.11.3_1,Tangail,Sakhipur,Hatibandha,4.346906778873873,0.021883292148008906,0.7140527720130453
BGD.3.17.11.4_1,Tangail,Sakhipur,Jadabpur,4.668265134673158,0.024676201860920302,0.425925925925927
BGD.3.17.11.5_1,Tangail,Sakhipur,Kakrajan,5.026302816671315,0.03683203412227143,0.8559108398567075
BGD.3.17.11.6_1,Tangail,Sakhipur,Kalia,7.0176030037232175,0.04756987063980852,0.4189189189189192
BGD.3.17.11.7_1,Tangail,Sakhipur,Sakhipur Paurashava,7.1998351420219056,0.035826672881405265,0.2765957446808512
BGD.3.17.12.1_1,Tangail,Tangail Sadar,Baghil,10.050944595230092,0.019961760440683974,0.410833333333334
BGD.3.17.12.2_1,Tangail,Tangail Sadar,Danya,13.259143187565895,0.02563477366049572,0.5000000000000007
BGD.3.17.12.3_1,Tangail,Tangail Sadar,Gala,17.057149385274776,0.02828303875150993,0.5613287904599663
BGD.3.17.12.4_1,Tangail,Tangail Sadar,Gharinda,16.59428553630922,0.03723576457509883,0.5094161958568744
BGD.3.17.12.5_1,Tangail,Tangail Sadar,Hugra,8.697966836108261,0.013630521848683783,0.8407079646017648
BGD.3.17.12.6_1,Tangail,Tangail Sadar,Kakua,9.793458575576182,0.007277765726101611,0.9794651957551408
BGD.3.17.12.7_1,Tangail,Tangail Sadar,Karatia,23.74127591932884,0.04930584726415786,0.3577023498694524
BGD.3.17.12.8_1,Tangail,Tangail Sadar,Katuli,9.46542241015585,0.017789102585062503,0.6782649693540721
BGD.3.17.12.9_1,Tangail,Tangail Sadar,Magra,11.721790115467204,0.02792768335498556,0.3565970453387679
BGD.3.17.12.10_1,Tangail,Tangail Sadar,Mahamudnagar,8.360694919657707,0.014397656944868517,0.7792998477929991
BGD.3.17.12.11_1,Tangail,Tangail Sadar,Porabari,13.623560611008344,0.02654067732012087,0.3802469135802475
BGD.3.17.12.12_1,Tangail,Tangail Sadar,Silimpur,10.884261090123859,0.02712520837317076,0.47941888619854767
BGD.3.17.12.13_1,Tangail,Tangail Sadar,Tangail Paurashava,40.482654285233565,0.11689866765148721,0.7141585040071242
