GID_4,NAME_2,NAME_3,NAME_4,pop,builtup,flood,pop_norm,builtup_norm,flood_norm,ASI,stress_tier,city_corp,hh_total,pop_total,hh_size,elec_coverage,hh_size_norm,ASI_updated,corp_spatial
BGD.3.1.2.1_1,Dhaka,Badda,Badda,731.0169301068607,0.341654255248692,0.8326572008113592,0.3788391173067795,0.6383049224029747,0.8326572008113592,0.5831066699665928,Moderate stress,,,,,,,0.5831066699665928,DNCC
BGD.3.1.2.2_1,Dhaka,Badda,Beraid,107.2789983526918,0.0344890315960796,0.9743710322125556,0.0542676162866782,0.0644350781484189,0.9743710322125556,0.2878520819197568,Low stress,,,,,,,0.2878520819197568,DNCC
BGD.3.1.2.3_1,Dhaka,Badda,Bhatara,689.6443995683449,0.2525293779938011,0.9258684863523576,0.3573102930133445,0.4717949287869196,0.9258684863523576,0.539519463868849,Moderate stress,,,,,,,0.539519463868849,DNCC
BGD.3.1.2.4_1,Dhaka,Badda,Satarkul,180.89735914441152,0.0332525420133405,0.9663259170174388,0.0925760478383852,0.0621249726103278,0.9663259170174388,0.3003556388033285,Low stress,,,,,,,0.3003556388033285,DNCC
BGD.3.1.2.5_1,Dhaka,Badda,Ward No-17 (Part),363.9541883276231,0.3907141165882026,0.2444889779559118,0.1878324476742577,0.729962352405193,0.2444889779559118,0.3917420469004986,Moderate stress,,,,,,,0.3917420469004986,DNCC
BGD.3.1.3.1_1,Dhaka,Bangshal,Ward No-63 (Part),1198.7332164898794,0.4750379403794037,0.6670908111974161,0.6222223867769375,0.8875026463570004,0.6670908111974161,0.7262875837350791,High stress,,,,,,,0.7262875837350791,DSCC
BGD.3.1.3.2_1,Dhaka,Bangshal,Ward No-66 (Part),716.2814121997264,0.3017220472440945,1.0,0.3711712668812387,0.5637004808068924,1.0,0.5957636750349078,Moderate stress,,,,,,,0.5957636750349078,DSCC
BGD.3.1.3.3_1,Dhaka,Bangshal,Ward No-67 (part),1040.3577946368312,0.4958383507853403,0.6670908111974161,0.5398093319047267,0.9263635829504784,0.6670908111974161,0.7069236895939122,High stress,,,,,,,0.7069236895939122,DSCC
BGD.3.1.3.4_1,Dhaka,Bangshal,Ward No-68 (part),1148.910685536293,0.4928049535603714,0.0,0.5962964764980042,0.9206963554813172,0.0,0.5607623150176627,Moderate stress,,,,,,,0.5607623150176627,DSCC
BGD.3.1.3.5_1,Dhaka,Bangshal,Ward No-69,1526.113882512792,0.535252421307506,0.6670908111974161,0.7925798859227429,1.0,0.6670908111974161,0.8338046571684512,High stress,DSCC,5457.0,20157.0,3.71,99.9,0.46999999999999975,0.7411630026543234,DSCC
BGD.3.1.3.6_1,Dhaka,Bangshal,Ward No-70,1924.7187894505385,0.3866835761589404,0.6670908111974161,1.0,0.7224321848266579,0.6670908111974161,0.8196239674886843,High stress,DSCC,5344.0,22417.0,4.0,99.67,0.7599999999999998,0.7939407383606776,DSCC
BGD.3.1.3.7_1,Dhaka,Bangshal,Ward No-71 (Part),1245.8289369491977,0.4350477006311993,0.0,0.646729359822676,0.812789785366074,0.0,0.5431681688071963,Moderate stress,,,,,,,0.5431681688071963,DSCC
BGD.3.1.4.1_1,Dhaka,Biman Bandar,Dakshinkhan (part),107.3020732241385,0.2767266159338595,0.8295454545454545,0.054279623646308,0.5170020814812498,0.8295454545454545,0.4100489416133243,Moderate stress,,,,,,,0.4100489416133243,DNCC
BGD.3.1.4.3_1,Dhaka,Biman Bandar,Ward No-98 (rest. Area),5.266141739996264,0.0692077228364313,0.928358208955224,0.0011836778110868,0.1292992242190549,0.928358208955224,0.27781775183991,Low stress,,,,,,,0.27781775183991,DNCC
BGD.3.1.5.1_1,Dhaka,Cantonment,Ward No-15 (part),157.95976595412804,0.1968950301715369,0.978846153846154,0.0806401230332012,0.3678545342972291,0.978846153846154,0.4057166746788492,Moderate stress,,,,,,,0.4057166746788492,DNCC
BGD.3.1.5.2_1,Dhaka,Cantonment,Ward No-98 (Rest. Area),203.4217511856937,0.1623314492075558,0.9642147117296224,0.1042969571533658,0.3032801772498574,0.9642147117296224,0.388920522831202,Moderate stress,,,,,,,0.388920522831202,DNCC
BGD.3.1.6.1_1,Dhaka,Chak Bazar,Ward No-63 (Part),1314.6183714124893,0.3601379861111111,0.6670908111974161,0.6825249862571352,0.6728376589710174,0.6670908111974161,0.6752758779420642,High stress,,,,,,,0.6752758779420642,DSCC
BGD.3.1.6.2_1,Dhaka,Chak Bazar,Ward No-64,1511.6390456854128,0.4460062745098039,0.6670908111974161,0.7850476848541454,0.8332634412382608,0.6670908111974161,0.7724339811744034,High stress,DSCC,14610.0,57231.0,3.92,99.9,0.6799999999999997,0.7327400284873156,DSCC
BGD.3.1.6.3_1,Dhaka,Chak Bazar,Ward No-65,687.4464124435757,0.4083803534730784,0.9866666666666668,0.3561665370479139,0.7629677834534468,0.9866666666666668,0.6561720056945386,Moderate stress,DSCC,29687.0,119917.0,3.99,99.95,0.75,0.6409386953685932,DSCC
BGD.3.1.6.4_1,Dhaka,Chak Bazar,Ward No-66 (Part),661.5951619395747,0.3640249134948097,1.0,0.3427144464307327,0.680099517542724,1.0,0.6251206097122465,Moderate stress,,,,,,,0.6251206097122465,DSCC
BGD.3.1.6.5_1,Dhaka,Chak Bazar,Ward No-67 (Part),1167.3173192703707,0.4081622432859401,0.6670908111974161,0.605874647770986,0.7625602931209314,0.6670908111974161,0.6760186645000743,High stress,,,,,,,0.6760186645000743,DSCC
BGD.3.1.7.1_1,Dhaka,Dakshinkhan,Dakshinkhan (Part),235.6195920400544,0.3007861800378327,0.8656609195402302,0.1210515923994791,0.5619520212595713,0.8656609195402302,0.4615190742856991,Moderate stress,,,,,,,0.4615190742856991,DNCC
BGD.3.1.9.1_1,Dhaka,Demra,Demra (part),75.37205927517574,0.074685176417735,0.8945294741627521,0.0376643561959837,0.1395326269338404,0.8945294741627521,0.2875345304459257,Low stress,,,,,,,0.2875345304459257,DSCC
BGD.3.1.9.2_1,Dhaka,Demra,Matuail (part),415.9988607301258,0.2906475360990143,0.7886178861788619,0.2149146829878499,0.5430102219603699,0.7886178861788619,0.4731739224259849,Moderate stress,,,,,,,0.4731739224259849,DSCC
BGD.3.1.9.3_1,Dhaka,Demra,Saralia,292.1834401498169,0.3104846048478349,0.9899274778404512,0.1504854493926343,0.5800713691110225,0.9899274778404512,0.5107010284060244,Moderate stress,,,,,,,0.5107010284060244,DSCC
BGD.3.1.10.1_1,Dhaka,Dhamrai,Amta,10.172251737838533,0.0249217205180054,0.2635658914728687,0.0037366466223487,0.0465606871186626,0.2635658914728687,0.0836823720086886,Low stress,,,,,,,0.0836823720086886,
BGD.3.1.10.2_1,Dhaka,Dhamrai,Baisakanda,8.194361254926648,0.0257999025234248,0.0,0.0027074212855367,0.0482013747091535,0.0,0.0179534496624184,Low stress,,,,,,,0.0179534496624184,
BGD.3.1.10.3_1,Dhaka,Dhamrai,Balia,9.513258048396674,0.0324569937829774,0.0183823529411765,0.0033937292526396,0.0606386678339389,0.0183823529411765,0.0271766136782286,Low stress,,,,,,,0.0271766136782286,
BGD.3.1.10.4_1,Dhaka,Dhamrai,Bhararia,13.270500004413568,0.0416631975867269,0.4181146025878013,0.0053488671387234,0.0778384103054643,0.4181146025878013,0.1339116411093522,Low stress,,,,,,,0.1339116411093522,
BGD.3.1.10.5_1,Dhaka,Dhamrai,Chauhat,8.433125051131434,0.0207761550694116,0.3848964677222906,0.0028316656512842,0.0388156208965107,0.3848964677222906,0.1109422505048651,Low stress,,,,,,,0.1109422505048651,
BGD.3.1.10.6_1,Dhaka,Dhamrai,Dhamrai,27.98950259780245,0.0577185871221233,0.5499697153240465,0.0130081235700572,0.1078343316619274,0.5499697153240465,0.1804376943407091,Low stress,,,,,,,0.1804376943407091,
BGD.3.1.10.7_1,Dhaka,Dhamrai,Dhamrai Paurashava,73.88292153115454,0.1759995259558594,0.7470039946737687,0.0368894607660339,0.3288159360884918,0.7470039946737687,0.3165923606058278,Low stress,,,,,,,0.3165923606058278,
BGD.3.1.10.8_1,Dhaka,Dhamrai,Gangutia,13.064076940216683,0.0492934413098155,0.0572831423895254,0.0052414517638028,0.0920938221809483,0.0572831423895254,0.0486502040662344,Low stress,,,,,,,0.0486502040662344,
BGD.3.1.10.9_1,Dhaka,Dhamrai,Jadabpur,9.063574016032714,0.0227349618215902,0.0320512820512821,0.0031597293402747,0.042475215275166,0.0320512820512821,0.0241430375952385,Low stress,,,,,,,0.0241430375952385,
BGD.3.1.10.10_1,Dhaka,Dhamrai,Kulla,16.47383779892088,0.0304342028556537,0.3802698145025302,0.0070157725861981,0.0568595332671443,0.3802698145025302,0.1177745993036123,Low stress,,,,,,,0.1177745993036123,
BGD.3.1.10.11_1,Dhaka,Dhamrai,Kushura,9.78020577002476,0.033649639698657,0.0,0.0035326395518081,0.0628668612398953,0.0,0.0234164572546866,Low stress,,,,,,,0.0234164572546866,
BGD.3.1.10.12_1,Dhaka,Dhamrai,Nannar,12.652308064062645,0.0276680555935542,0.0521739130434784,0.0050271815785171,0.0516916028627523,0.0521739130434784,0.0331464118942397,Low stress,,,,,,,0.0331464118942397,
BGD.3.1.10.13_1,Dhaka,Dhamrai,Rowail,9.010020281854816,0.0320379482515736,0.1615720524017471,0.003131861841759,0.0598557745396308,0.1615720524017471,0.0625952789260111,Low stress,,,,,,,0.0625952789260111,
BGD.3.1.10.14_1,Dhaka,Dhamrai,Sanora,14.35906645658024,0.031168120492258,0.0987306064880114,0.0059153192163551,0.0582306949982982,0.0987306064880114,0.0474295225579492,Low stress,,,,,,,0.0474295225579492,
BGD.3.1.10.15_1,Dhaka,Dhamrai,Sombhag,20.896741080812728,0.0523569711243088,0.1699576868829341,0.0093172974478225,0.0978173456860074,0.1699576868829341,0.0804524116899651,Low stress,,,,,,,0.0804524116899651,
BGD.3.1.10.16_1,Dhaka,Dhamrai,Suapur,10.440488448723343,0.0287054457941783,0.0,0.0038762276666436,0.0536297355256368,0.0,0.0203208985006303,Low stress,,,,,,,0.0203208985006303,
BGD.3.1.10.17_1,Dhaka,Dhamrai,Suti Para,22.99805767039784,0.0515267340598191,0.0828586224754015,0.0104107494328284,0.0962662325449185,0.0828586224754015,0.0585721367827032,Low stress,,,,,,,0.0585721367827032,
BGD.3.1.11.1_1,Dhaka,Dhanmondi,Ward No-47 (Part),615.4775744279224,0.4229566406249998,0.6670908111974161,0.318716459712198,0.7902003312601709,0.6670908111974161,0.5708294026252929,Moderate stress,,,,,,,0.5708294026252929,DNCC
BGD.3.1.11.2_1,Dhaka,Dhanmondi,Ward No-48 (Part),547.3589272692655,0.4484525443110347,0.9411764705882352,0.2832698876341384,0.837833751812952,0.9411764705882352,0.6418438858352473,Moderate stress,,,,,,,0.6418438858352473,DSCC
BGD.3.1.12.1_1,Dhaka,Dohar,Bilaspur,26.156316013458728,0.0499066157479967,0.902025630425796,0.0120541971034449,0.0932394021237412,0.902025630425796,0.2629618771911364,Low stress,,,,,,,0.2629618771911364,
BGD.3.1.12.2_1,Dhaka,Dohar,Dohar Paurashava,43.78504882856187,0.0868424263991112,0.1708542713567842,0.0212275758248394,0.1622457422742225,0.1708542713567842,0.1079906079651097,Low stress,,,,,,,0.1079906079651097,
BGD.3.1.12.3_1,Dhaka,Dohar,Kushumhati,13.375609804337676,0.0450730795444688,0.8352586639879459,0.0054035626186621,0.0842090156908865,0.8352586639879459,0.2404492465362616,Low stress,,,,,,,0.2404492465362616,
BGD.3.1.12.4_1,Dhaka,Dohar,Mahmudpur,15.0221618887624,1.906452664758524e-05,0.9999497062847026,0.0062603709901628,3.561782420528752e-05,0.9999497062847026,0.2525040412057126,Low stress,,,,,,,0.2525040412057126,
BGD.3.1.12.5_1,Dhaka,Dohar,Muksudpur,33.355366576800755,0.0384222404881444,0.9875540416612076,0.015800332344398,0.0717834034160689,0.9875540416612076,0.2783328345486853,Low stress,,,,,,,0.2783328345486853,
BGD.3.1.12.6_1,Dhaka,Dohar,Narisha,30.256314561673086,0.0497841679305951,0.9859629421673216,0.0141876935852632,0.0930106356342735,0.9859629421673216,0.2847195354479314,Low stress,,,,,,,0.2847195354479314,
BGD.3.1.12.7_1,Dhaka,Dohar,Nayabari,9.019315206721473,0.0204275303370407,0.983889085015565,0.0031366985970087,0.0381642931892594,0.983889085015565,0.2605844533089356,Low stress,,,,,,,0.2605844533089356,
BGD.3.1.12.8_1,Dhaka,Dohar,Roypara,20.41449840016616,0.0545725295485371,0.0,0.0090663551485892,0.1019566234099944,0.0,0.0393113602529337,Low stress,,,,,,,0.0393113602529337,
BGD.3.1.12.9_1,Dhaka,Dohar,Sutar Para,27.817540220088667,0.0493309829150867,0.5884900990099016,0.0129186403364553,0.0921639603134942,0.5884900990099016,0.1845473669967805,Low stress,,,,,,,0.1845473669967805,
BGD.3.1.13.1_1,Dhaka,Gendaria,Ward No-76 (Part),732.8796830047482,0.3576103368712505,1.0,0.3798084290534558,0.6681153090306171,1.0,0.6357637297820984,Moderate stress,,,,,,,0.6357637297820984,DSCC
BGD.3.1.13.2_1,Dhaka,Gendaria,Ward No-80 (Part),699.7464627352628,0.2854481060606061,1.0,0.3625670549297878,0.5332962443463928,1.0,0.5816805074931526,Moderate stress,,,,,,,0.5816805074931526,DSCC
BGD.3.1.13.3_1,Dhaka,Gendaria,Ward No-81,524.0318367739758,0.4250124623493976,0.6666666666666666,0.271131281993794,0.794041176518518,0.6666666666666666,0.5530335912456655,Moderate stress,,,,,,,0.5530335912456655,DSCC
BGD.3.1.13.4_1,Dhaka,Gendaria,Ward No-82,390.9526977539062,0.379955930359086,1.0,0.2018815318868365,0.709863076249026,1.0,0.5792046894418936,Moderate stress,,,,,,,0.5792046894418936,DSCC
BGD.3.1.14.3_1,Dhaka,Gulshan,Ward No-20 (Part),408.4976381035981,0.3408911897949451,0.973684210526316,0.2110113079268994,0.6368793044639043,0.973684210526316,0.5507333323647052,Moderate stress,,,,,,,0.5507333323647052,DNCC
BGD.3.1.15.1_1,Dhaka,Hazaribagh,Ward No-46 (Part),263.15639886437583,0.2566673681046145,0.9922752808988764,0.1353807878343867,0.4795258421767276,0.9922752808988764,0.4700551801203285,Moderate stress,,,,,,,0.4700551801203285,DNCC
BGD.3.1.15.2_1,Dhaka,Hazaribagh,Ward No-48 (Part),406.05508338818913,0.3060210310828876,0.9511568123393316,0.2097402875031865,0.5717321751396178,0.9511568123393316,0.5217915793849738,Moderate stress,,,,,,,0.5217915793849738,DSCC
BGD.3.1.15.3_1,Dhaka,Hazaribagh,Ward No-58,545.7918652895678,0.3814289315726291,0.7903225806451615,0.2824544431452782,0.712615051120891,0.7903225806451615,0.5599776903117135,Moderate stress,DSCC,19266.0,69593.0,3.67,99.97,0.4299999999999997,0.5085816075143759,DSCC
BGD.3.1.16.1_1,Dhaka,Jatrabari,Dhania(part),359.84953649217965,0.413410391742904,0.6670908111974161,0.1856965297837936,0.7723652902550757,0.6670908111974161,0.5113791663021479,Moderate stress,,,,,,,0.5113791663021479,DSCC
BGD.3.1.16.2_1,Dhaka,Jatrabari,Matuail (part),640.4534848857219,0.2483847526506369,0.8776190476190476,0.3317130538488306,0.4640516189424918,0.8776190476190476,0.5145080500741663,Moderate stress,,,,,,,0.5145080500741663,DSCC
BGD.3.1.16.3_1,Dhaka,Jatrabari,Ward No-76 (Part),636.9471709236266,0.4504119047619048,0.6670908111974161,0.3298884901534267,0.841494380654357,0.6670908111974161,0.5932511320897497,Moderate stress,,,,,,,0.5932511320897497,DSCC
BGD.3.1.16.4_1,Dhaka,Jatrabari,Ward No-84,429.5150602520012,0.4479118212845174,0.5,0.2219480425825832,0.8368235312048949,0.5,0.5066674529547465,Moderate stress,,,,,,,0.5066674529547465,DSCC
BGD.3.1.16.5_1,Dhaka,Jatrabari,Ward No-85,378.8258042689214,0.3216234551367897,0.4335664335664336,0.1955711187778199,0.600881831325738,0.4335664335664336,0.3969286968667446,Moderate stress,,,,,,,0.3969286968667446,DSCC
BGD.3.1.16.6_1,Dhaka,Jatrabari,Ward No-86,402.56619393472647,0.3436225824640541,0.9836065573770492,0.2079247909153505,0.6419823036477973,0.9836065573770492,0.5537653619871316,Moderate stress,,,,,,,0.5537653619871316,DSCC
BGD.3.1.17.1_1,Dhaka,Kadamtali,Dhania(part),436.078312160129,0.4506446811573341,0.0,0.2253633303419841,0.8419292715323108,0.0,0.3848205771731024,Moderate stress,,,,,,,0.3848205771731024,DSCC
BGD.3.1.17.2_1,Dhaka,Kadamtali,Matuail (part),504.3391926232708,0.3050977649265395,0.627450980392157,0.2608839156791089,0.5700072578490193,0.627450980392157,0.4607188516168395,Moderate stress,,,,,,,0.4607188516168395,DSCC
BGD.3.1.17.3_1,Dhaka,Kadamtali,Shyampur,393.9706030936688,0.2680559845559845,0.9900095147478593,0.2034519447416528,0.5008029368670237,0.9900095147478593,0.5041641844870842,Moderate stress,,,,,,,0.5041641844870842,DSCC
BGD.3.1.17.4_1,Dhaka,Kadamtali,Ward No-88,376.28974076414016,0.4417361396303902,0.0,0.1942514396361102,0.8252856447642483,0.0,0.3665505515219309,Moderate stress,,,,,,,0.3665505515219309,DSCC
BGD.3.1.17.5_1,Dhaka,Kadamtali,Ward No-89,363.1059080279642,0.4937212162623846,0.6670908111974161,0.1873910321435848,0.9224081883764864,0.6670908111974161,0.5645719815885581,Moderate stress,,,,,,,0.5645719815885581,DSCC
BGD.3.1.18.2_1,Dhaka,Kafrul,Ward No-14 (part),895.8500364087763,0.416891896869245,1.0,0.4646125263084697,0.7788697075874372,1.0,0.7084494081789909,High stress,,,,,,,0.7084494081789909,DNCC
BGD.3.1.18.3_1,Dhaka,Kafrul,Ward No-15 (part),502.34801245515246,0.2836620844708528,0.9402597402597404,0.2598477748528647,0.5299594605810986,0.9402597402597404,0.5244898562094654,Moderate stress,,,,,,,0.5244898562094654,DNCC
BGD.3.1.19.2_1,Dhaka,Kalabagan,Ward No-51 (Part),667.4195481610291,0.3964804931910196,0.6670908111974161,0.3457452542142223,0.7407355434703189,0.6670908111974161,0.5643282446996545,Moderate stress,,,,,,,0.5643282446996545,DSCC
BGD.3.1.20.1_1,Dhaka,Kamrangir Char,Sultanganj,205.9518892800089,0.3804904524699046,0.9956363636363637,0.1056135529177928,0.7108617118264474,0.9956363636363637,0.5399561112154647,Moderate stress,,,,,,,0.5399561112154647,DSCC
BGD.3.1.21.1_1,Dhaka,Keraniganj,Aganagar,348.30538378632923,0.4026156846000569,0.9840425531914894,0.1796893546851018,0.7521977829012969,0.9840425531914894,0.5811556041873669,Moderate stress,,,,,,,0.5811556041873669,
BGD.3.1.21.2_1,Dhaka,Keraniganj,Basta,27.687081648244856,0.0499643021277004,0.748717948717949,0.0128507542382582,0.0933471762830113,0.748717948717949,0.2249913005738445,Low stress,,,,,,,0.2249913005738445,
BGD.3.1.21.3_1,Dhaka,Keraniganj,Hazratpur,18.497452341278493,0.0491063049514113,0.8390804597701154,0.0080687911314258,0.0917441995525311,0.8390804597701154,0.2451081012384851,Low stress,,,,,,,0.2451081012384851,
BGD.3.1.21.4_1,Dhaka,Keraniganj,Kalatia,18.80751021313257,0.0613133680936911,0.8344322344322348,0.0082301344516689,0.1145503796954636,0.8344322344322348,0.2519927452821385,Low stress,,,,,,,0.2519927452821385,
BGD.3.1.21.5_1,Dhaka,Keraniganj,Kalindi,92.12104739306362,0.1574434584356366,0.9200857317819966,0.046379946409813,0.2941480545777564,0.9200857317819966,0.3515252306116391,Moderate stress,,,,,,,0.3515252306116391,
BGD.3.1.21.6_1,Dhaka,Keraniganj,Konda,63.550948042612106,0.0824856797136409,0.9327615417196076,0.0315130615237352,0.1541061309207088,0.9327615417196076,0.299732755861644,Low stress,,,,,,,0.299732755861644,
BGD.3.1.21.7_1,Dhaka,Keraniganj,Ruhitpur,25.11386283968426,0.0694428467071947,0.931541781090624,0.011511740770216,0.1297385008321136,0.931541781090624,0.2828986168719821,Low stress,,,,,,,0.2828986168719821,
BGD.3.1.21.8_1,Dhaka,Keraniganj,Sakta,49.93183655473193,0.1191474879828221,0.8818587555788924,0.0244261501253058,0.2226005586145141,0.8818587555788924,0.3081453444599253,Low stress,,,,,,,0.3081453444599253,
BGD.3.1.21.9_1,Dhaka,Keraniganj,Subhadya (Part),120.3917215534939,0.1789262908823219,0.8055968301139182,0.0610910208530416,0.3342839448446466,0.8055968301139182,0.3428349965653225,Moderate stress,,,,,,,0.3428349965653225,
BGD.3.1.21.10_1,Dhaka,Keraniganj,Taranagar,25.51809787740096,0.0670865362606562,0.3178053830227747,0.0117220906083084,0.1253362592863723,0.3178053830227747,0.1280078727492473,Low stress,,,,,,,0.1280078727492473,
BGD.3.1.21.11_1,Dhaka,Keraniganj,Tegharia,42.517359604930185,0.0732165023181379,0.2034976152623214,0.0205679144940238,0.1367887363111516,0.2034976152623214,0.1069776273220929,Low stress,,,,,,,0.1069776273220929,
BGD.3.1.21.12_1,Dhaka,Keraniganj,Zinjira,308.8468863509962,0.2827753024193548,0.9966254218222722,0.159156526571593,0.5283027057189126,0.9966254218222722,0.4977249130858246,Moderate stress,,,,,,,0.4977249130858246,
BGD.3.1.22.1_1,Dhaka,Khilgaon,Dakshingaon (Part),429.4735726424448,0.2382438929133858,0.7082228116710878,0.2219264538751759,0.445105679917164,0.7082228116710878,0.4216132724388497,Moderate stress,,,,,,,0.4216132724388497,DSCC
BGD.3.1.22.2_1,Dhaka,Khilgaon,Nasirabad,79.72953643629064,0.0381647079472058,0.9765484894468202,0.0399318355825048,0.0713022611910426,0.9765484894468202,0.2850656480115719,Low stress,,,,,,,0.2850656480115719,DSCC
BGD.3.1.23.1_1,Dhaka,Khilkhet,Dakshinkhan (part),85.81277495647257,0.0842092569337304,0.9310260186548848,0.0430973410889696,0.157326251281639,0.9310260186548848,0.3050596290478827,Low stress,,,,,,,0.3050596290478827,DNCC
BGD.3.1.23.2_1,Dhaka,Khilkhet,Dumni,61.14477620705127,0.0712290515212274,0.9854758291784088,0.0302609734838369,0.1330756269111874,0.9854758291784088,0.3050498161070526,Low stress,,,,,,,0.3050498161070526,DNCC
BGD.3.1.23.3_1,Dhaka,Khilkhet,Ward No-17 (Part),159.93841135550286,0.261251849357646,0.778084714548803,0.0816697412032948,0.4880909248751536,0.778084714548803,0.3980208988248225,Moderate stress,,,,,,,0.3980208988248225,DNCC
BGD.3.1.24.1_1,Dhaka,Kotwali,Ward No-68 (Part),665.1050650177563,0.4690917992656058,0.9166666666666666,0.3445408777771743,0.8763936053193666,0.9166666666666666,0.6737207796393146,High stress,,,,,,,0.6737207796393146,DSCC
BGD.3.1.24.2_1,Dhaka,Kotwali,Ward No-71 (Part),783.871287693487,0.3547504672897196,0.6670908111974161,0.4063426845968088,0.6627722793353102,0.6670908111974161,0.561280074405436,Moderate stress,,,,,,,0.561280074405436,DSCC
BGD.3.1.24.3_1,Dhaka,Kotwali,Ward No-72,719.3339772676647,0.4866857142857142,0.6670908111974161,0.3727597154517399,0.9092639190624232,0.6670908111974161,0.6341189606518981,Moderate stress,DSCC,7459.0,27574.0,3.7,99.94,0.45999999999999996,0.5698325210456766,DSCC
BGD.3.1.24.4_1,Dhaka,Kotwali,Ward No-73,502.7652146625461,0.3358390348197924,0.9931506849315068,0.2600648723545379,0.6274404775216339,0.9931506849315068,0.5719177873072637,Moderate stress,DSCC,12054.0,46137.0,3.79,99.92,0.5499999999999998,0.5405300557078921,DSCC
BGD.3.1.25.1_1,Dhaka,Lalbagh,Ward No-56 (Part),1253.5221860658871,0.2330702797202797,0.6670908111974161,0.6507326587827104,0.4354399353317064,0.6670908111974161,0.5794697436785354,Moderate stress,,,,,,,0.5794697436785354,DSCC
BGD.3.1.25.2_1,Dhaka,Lalbagh,Ward No-59,713.0949704960507,0.3850956318914333,0.0,0.3695131535711078,0.7194654644452199,0.0,0.3996181739842701,Moderate stress,DSCC,14098.0,57413.0,4.06,99.89,0.8199999999999994,0.4493669100321328,DSCC
BGD.3.1.25.3_1,Dhaka,Lalbagh,Ward No-60,743.4827752297972,0.4798873515745998,0.8181818181818182,0.3853259090458303,0.8965626916779538,0.8181818181818182,0.6724727602510705,Moderate stress,DSCC,27110.0,108822.0,4.02,99.97,0.7799999999999994,0.6559744380552259,DSCC
BGD.3.1.25.4_1,Dhaka,Lalbagh,Ward No-61,1192.0013079874311,0.45029609030837,0.6670908111974161,0.6187193359985046,0.8412780071286625,0.6670908111974161,0.7087077396937878,High stress,DSCC,21680.0,89085.0,4.06,99.96,0.8199999999999994,0.7004603717920656,DSCC
BGD.3.1.25.5_1,Dhaka,Lalbagh,Ward No-62,955.5652256250024,0.3167900898652022,0.7777777777777778,0.4956862314831756,0.5918517642411638,0.7777777777777778,0.599867054522122,Moderate stress,DSCC,23988.0,96852.0,3.97,99.93,0.73,0.6017950024212828,DSCC
BGD.3.1.25.6_1,Dhaka,Lalbagh,Ward No-91,260.5333717998937,0.4235497063142438,0.9519230769230772,0.1340158558842951,0.7913083424818581,0.9519230769230772,0.5685450314531377,Moderate stress,,,,,,,0.5685450314531377,DSCC
BGD.3.1.25.7_1,Dhaka,Lalbagh,Ward No-92,282.2351601705967,0.4104448395217119,0.8292682926829269,0.1453087108923112,0.7668248160729172,0.8292682926829269,0.5338292431531773,Moderate stress,,,,,,,0.5338292431531773,DSCC
BGD.3.1.26.1_1,Dhaka,Mirpur,Ward No-07 (Part),1547.5918076812704,0.3609153916628493,0.0,0.8037562503152774,0.6742900681910247,0.0,0.5575040239929696,Moderate stress,,,,,,,0.5575040239929696,DNCC
BGD.3.1.26.5_1,Dhaka,Mirpur,Ward No-14 (part),1003.3442914954512,0.4400706782106782,0.6670908111974161,0.5205487936866586,0.8221741008395265,0.6670908111974161,0.6627531555678516,High stress,,,,,,,0.6627531555678516,DNCC
BGD.3.1.27.5_1,Dhaka,Mohammadpur,Ward No-47(part),493.9836397321529,0.2586655464106082,0.9805068226120858,0.2554952465367488,0.4832589935394297,0.9805068226120858,0.5164654520065214,Moderate stress,,,,,,,0.5164654520065214,DNCC
BGD.3.1.27.6_1,Dhaka,Mohammadpur,Ward No-51(part),516.481319489771,0.2993770918367346,0.6670908111974161,0.267202255709437,0.5593194536241817,0.6670908111974161,0.4694154138515924,Moderate stress,,,,,,,0.4694154138515924,DSCC
BGD.3.1.29.1_1,Dhaka,Nawabganj,Agla,11.880521958982545,0.0163431142078158,0.2805907172995788,0.0046255709631617,0.0305334708582786,0.2805907172995788,0.0826846225105569,Low stress,,,,,,,0.0826846225105569,
BGD.3.1.29.2_1,Dhaka,Nawabganj,Bakshanagar,20.72755641737968,0.0495301063598871,0.682424916573972,0.0092292596400117,0.092535978144472,0.682424916573972,0.2066855253500629,Low stress,,,,,,,0.2066855253500629,
BGD.3.1.29.3_1,Dhaka,Nawabganj,Bandura,14.29774060022897,0.0413731939674481,0.5536277602523666,0.005883407376087,0.0772966030987441,0.5536277602523666,0.1678141140980869,Low stress,,,,,,,0.1678141140980869,
BGD.3.1.29.4_1,Dhaka,Nawabganj,Barrah,16.238925778565946,0.0300966919205023,0.4378463974663504,0.0068935325504834,0.0562289692160244,0.4378463974663504,0.1318991516123895,Low stress,,,,,,,0.1318991516123895,
BGD.3.1.29.5_1,Dhaka,Nawabganj,Baruakhali,9.621674568619342,0.0318668033528312,0.1977796052631583,0.0034501454346811,0.0595360283938323,0.1977796052631583,0.0716625694275033,Low stress,,,,,,,0.0716625694275033,
BGD.3.1.29.6_1,Dhaka,Nawabganj,Churain,11.599268700581778,0.0285255936508605,0.375218531468532,0.004479216560778,0.0532937218316147,0.375218531468532,0.1142491221325093,Low stress,,,,,,,0.1142491221325093,
BGD.3.1.29.7_1,Dhaka,Nawabganj,Galimpur,14.537266432648906,0.027026233490566,0.5934065934065941,0.0060080482789466,0.0504925011353461,0.5934065934065941,0.1684272430605983,Low stress,,,,,,,0.1684272430605983,
BGD.3.1.29.8_1,Dhaka,Nawabganj,Jantrail,13.915890047838998,0.0242588008595319,0.1855129465748939,0.0056847056447268,0.0453221693052277,0.1855129465748939,0.0645148781584439,Low stress,,,,,,,0.0645148781584439,
BGD.3.1.29.9_1,Dhaka,Nawabganj,Joykrishnapur,8.27442784387908,0.0314540031675814,0.6689130810437192,0.0027490851504948,0.0587648031385753,0.6689130810437192,0.1888955854196291,Low stress,,,,,,,0.1888955854196291,
BGD.3.1.29.10_1,Dhaka,Nawabganj,Kailail,12.822424244252115,0.0212141611076068,0.6696832579185529,0.0051157041152123,0.039633937677078,0.6696832579185529,0.1833389743127004,Low stress,,,,,,,0.1833389743127004,
BGD.3.1.29.11_1,Dhaka,Nawabganj,Kalakopa,25.78127234550061,0.0783713344257622,0.488448844884489,0.0118590374377261,0.1464193926191271,0.488448844884489,0.1781026136129072,Low stress,,,,,,,0.1781026136129072,
BGD.3.1.29.12_1,Dhaka,Nawabganj,Nayansree,9.42285397065382,0.028394723435578,0.2403958090803264,0.0033466861184681,0.0530492199665642,0.2403958090803264,0.0800048537057663,Low stress,,,,,,,0.0800048537057663,
BGD.3.1.29.13_1,Dhaka,Nawabganj,Shikari Para,8.618487077623698,0.0339129190279512,0.2920547945205483,0.0029281215955323,0.0633587400597072,0.2920547945205483,0.0963605062892475,Low stress,,,,,,,0.0963605062892475,
BGD.3.1.29.14_1,Dhaka,Nawabganj,Sholla,11.179066570705384,0.0294527487070445,0.7974388824214207,0.0042605580039026,0.0550259046658729,0.7974388824214207,0.2203230104399717,Low stress,,,,,,,0.2203230104399717,
BGD.3.1.31.5_1,Dhaka,Pallabi,Ward No-15 (part),92.96927949216848,0.1812795936931474,0.9917469050894084,0.0468213368585959,0.3386805672925692,0.9917469050894084,0.3852034595681897,Moderate stress,,,,,,,0.3852034595681897,DNCC
BGD.3.1.33.3_1,Dhaka,Ramna,Ward No-55,567.5454849171526,0.3597740352976368,0.9965277777777778,0.2937742693346021,0.6721576978928681,0.9965277777777778,0.6018968464407891,Moderate stress,DSCC,37313.0,144013.0,3.85,99.96,0.6099999999999999,0.5744394785693876,DNCC
BGD.3.1.35.1_1,Dhaka,Sabujbagh,Dakshingaon (Part),272.9989236397203,0.1857530731707317,0.7608695652173916,0.1405024950090277,0.347038267882987,0.7608695652173916,0.3678817830670044,Moderate stress,,,,,,,0.3678817830670044,DSCC
BGD.3.1.35.2_1,Dhaka,Sabujbagh,Manda,668.882899203181,0.2619472186076773,0.4,0.3465067311424168,0.4893900675270124,0.4,0.409889216091421,Moderate stress,,,,,,,0.409889216091421,DSCC
BGD.3.1.36.1_1,Dhaka,Savar,Amin Bazar,99.44525754960846,0.0620029016718617,0.9966822023856544,0.0501912103449898,0.1158386196934934,0.9966822023856544,0.3097905516271322,Low stress,,,,,,,0.3097905516271322,
BGD.3.1.36.2_1,Dhaka,Savar,Ashulia,60.228709907631696,0.1718688111210556,0.9814416077104464,0.029784284479209,0.3210986149324036,0.9814416077104464,0.3696586309456365,Moderate stress,,,,,,,0.3696586309456365,
BGD.3.1.36.3_1,Dhaka,Savar,Banagram,28.169783611866787,0.0548461930946967,0.9568703681205198,0.0131019355323596,0.1024679028274534,0.9568703681205198,0.2803221322326825,Low stress,,,,,,,0.2803221322326825,
BGD.3.1.36.4_1,Dhaka,Savar,Bhakurta,23.779296647512304,0.0550996889297731,0.8516898608349908,0.0108172789936398,0.1029415033661622,0.8516898608349908,0.2532789029843604,Low stress,,,,,,,0.2532789029843604,
BGD.3.1.36.5_1,Dhaka,Savar,Biralia,25.79725279592673,0.0560774693575095,0.9717174573994204,0.0118673531076858,0.1047682684377669,0.9717174573994204,0.2843451995461478,Low stress,,,,,,,0.2843451995461478,
BGD.3.1.36.6_1,Dhaka,Savar,Dhamsana,52.182022671616345,0.1744425429631061,0.9282927343667556,0.0255970686286551,0.3259070599568343,0.9282927343667556,0.3563794820280429,Moderate stress,,,,,,,0.3563794820280429,
BGD.3.1.36.7_1,Dhaka,Savar,Kaundia,98.19522348145394,0.0416648730689312,0.9992738538994044,0.0495407361423288,0.0778415405709943,0.9992738538994044,0.2968792971316306,Low stress,,,,,,,0.2968792971316306,
BGD.3.1.36.8_1,Dhaka,Savar,Pathalia(part),34.07676598940766,0.103871763828675,0.8104389086595496,0.0161757234794639,0.1940612684664531,0.8104389086595496,0.2770014605199316,Low stress,,,,,,,0.2770014605199316,
BGD.3.1.36.9_1,Dhaka,Savar,Savar,34.485449779638536,0.0932408185680839,0.7349397590361446,0.0163883882934584,0.1741997137356552,0.7349397590361446,0.2512601948838989,Low stress,,,,,,,0.2512601948838989,
BGD.3.1.36.10_1,Dhaka,Savar,Savar Paurashava,89.08686393819924,0.244985319604558,0.8650751072961376,0.0448010629907045,0.4577005350225446,0.8650751072961376,0.3943843892782068,Moderate stress,,,,,,,0.3943843892782068,
BGD.3.1.36.11_1,Dhaka,Savar,Shimulia,24.780443655555946,0.082981094597407,0.7410589060308563,0.0113382410365104,0.1550317033497991,0.7410589060308563,0.2440611190947479,Low stress,,,,,,,0.2440611190947479,
BGD.3.1.36.12_1,Dhaka,Savar,Tetuljhora,66.66668567747072,0.1519117539822812,0.8545831761599401,0.0331343828983817,0.2838132961849917,0.8545831761599401,0.3262342008640848,Low stress,,,,,,,0.3262342008640848,
BGD.3.1.36.13_1,Dhaka,Savar,Yearpur,56.30879531133143,0.1586117636131823,0.9910040451609002,0.0277444974154118,0.2963307727328501,0.9910040451609002,0.3625645807128873,Moderate stress,,,,,,,0.3625645807128873,
BGD.3.1.38.1_1,Dhaka,Shahbagh,Ward No-56(part),292.0829411976783,0.1885933168118953,0.9444444444444444,0.1504331532373326,0.3523446308775261,0.9444444444444444,0.4196049932131783,Moderate stress,,,,,,,0.4196049932131783,DSCC
BGD.3.1.38.2_1,Dhaka,Shahbagh,Ward No-57,522.4860642892448,0.2763035909588043,1.0,0.2703269158168105,0.5162117534823183,1.0,0.5388048800455356,Moderate stress,DSCC,23014.0,89430.0,3.86,99.88,0.6199999999999997,0.5296502648893692,DSCC
BGD.3.1.39.1_1,Dhaka,Sher-e-bangla Nagar,Ward No-40 (Part),388.52565694946617,0.1982813484176732,0.9662921348314608,0.2006185843621946,0.3704445613404507,0.9662921348314608,0.4514760639219008,Moderate stress,,,,,,,0.4514760639219008,DNCC
BGD.3.1.40.1_1,Dhaka,Shyampur,Ward No-83,327.3215074120742,0.3849424688932547,0.9956521739130436,0.168770076082215,0.7191793134777856,0.9956521739130436,0.5681338336283719,Moderate stress,,,,,,,0.5681338336283719,DSCC
BGD.3.1.40.2_1,Dhaka,Shyampur,Ward No-87,451.54922675372535,0.4160705341953045,0.8571428571428571,0.2334138555965175,0.7773351742696166,0.8571428571428571,0.5797185675186871,Moderate stress,,,,,,,0.5797185675186871,DSCC
BGD.3.1.40.3_1,Dhaka,Shyampur,Ward No-90,386.1395524046622,0.3801336689299929,0.8709677419354839,0.1993769386416597,0.7101951412034876,0.8709677419354839,0.5460610103617555,Moderate stress,,,,,,,0.5460610103617555,DSCC
BGD.3.1.41.1_1,Dhaka,Sutrapur,Ward No-74,1180.2887897421294,0.4487518129269574,0.0,0.6126245493356002,0.8383928686034781,0.0,0.5384873237454574,Moderate stress,DSCC,16876.0,64090.0,3.82,99.93,0.5799999999999996,0.5231621085636287,DSCC
BGD.3.1.41.2_1,Dhaka,Sutrapur,Ward No-75,541.3281193451953,0.3679206362854687,0.0,0.2801316651842477,0.6873778083744453,0.0,0.3526348990047549,Moderate stress,DSCC,8147.0,34200.0,4.13,99.9,0.8899999999999997,0.4220272870448501,DSCC
BGD.3.1.41.3_1,Dhaka,Sutrapur,Ward No-77,822.7378418173565,0.4243346756152125,0.6670908111974161,0.4265674860226025,0.7927748828835833,0.6670908111974161,0.6148709062176492,Moderate stress,,,,,,,0.6148709062176492,DSCC
BGD.3.1.41.4_1,Dhaka,Sutrapur,Ward No-78,777.269762424352,0.452613085621971,0.6670908111974161,0.4029074807130249,0.8456067971002074,0.6670908111974161,0.6238980740696365,Moderate stress,,,,,,,0.6238980740696365,DSCC
BGD.3.1.41.5_1,Dhaka,Sutrapur,Ward No-79,496.97204958502215,0.4045412324649298,0.9909090909090909,0.2570503109672239,0.7557952404525755,0.9909090909090909,0.6150757312725638,Moderate stress,,,,,,,0.6150757312725638,DSCC
BGD.3.1.41.6_1,Dhaka,Sutrapur,Ward No-80 (Part),665.1965606802064,0.5203809963099632,1.0,0.3445884889340183,0.9722160528275328,1.0,0.7281110140632437,High stress,,,,,,,0.7281110140632437,DSCC
BGD.3.1.43.1_1,Dhaka,Tejgaon,Ward No-38 (Part),659.8914464896394,0.3359590851972857,0.6670908111974161,0.3418278922342588,0.6276647649283121,0.6670908111974161,0.5231865274179668,Moderate stress,,,,,,,0.5231865274179668,DNCC
BGD.3.1.43.3_1,Dhaka,Tejgaon,Ward No-40 (Part),550.6936178898468,0.305101966873706,0.0,0.2850051445185735,0.5700151082519306,0.0,0.3135073456956051,Low stress,,,,,,,0.3135073456956051,DNCC
BGD.3.1.42.1_1,Dhaka,Tejgaon Ind. Area,Ward No-20 (Part),696.0443327997772,0.4529059859154929,0.6670908111974161,0.3606405954201783,0.8461540160979402,0.6670908111974161,0.6071828466017044,Moderate stress,,,,,,,0.6071828466017044,DNCC
BGD.3.1.42.3_1,Dhaka,Tejgaon Ind. Area,Ward No-38 (Part),778.0728067713461,0.4503074803149607,0.6670908111974161,0.4033253570290548,0.8412992868205188,0.6670908111974161,0.6225575959981575,Moderate stress,,,,,,,0.6225575959981575,DNCC
BGD.3.1.44.1_1,Dhaka,Turag,Harirampur (Part),105.68572916613644,0.1277232686734348,0.9482479181802936,0.0534385344799088,0.2386224958337123,0.9482479181802936,0.3419552668788362,Moderate stress,,,,,,,0.3419552668788362,DNCC
BGD.3.1.45.1_1,Dhaka,Uttar Khan,Uttar Khan,96.05581762618614,0.1379888296289765,0.9652141152831848,0.0484274638297366,0.2578014113264534,0.9652141152831848,0.3509050083169495,Moderate stress,,,,,,,0.3509050083169495,DNCC
BGD.3.2.1.1_1,Faridpur,Alfadanga,Alfadanga,9.294803006681448,0.0250311450593533,0.0,0.0032800528555741,0.0467651225158545,0.0,0.0176798140227787,Low stress,,,,,,,0.0176798140227787,
BGD.3.2.1.2_1,Faridpur,Alfadanga,Bana,5.580769789760297,0.0169326589206406,0.8979132569558106,0.0013473992927798,0.0316349039193092,0.8979132569558106,0.2360894903278228,Low stress,,,,,,,0.2360894903278228,
BGD.3.2.1.3_1,Faridpur,Alfadanga,Buraich,8.633880984396182,0.0200859601886425,0.894704584456975,0.0029361320485982,0.0375261454017841,0.894704584456975,0.2379847498243074,Low stress,,,,,,,0.2379847498243074,
BGD.3.2.1.4_1,Faridpur,Alfadanga,Gopalpur,9.29680748898136,0.0232244860056308,0.960700815184329,0.0032810959183665,0.0433897822431113,0.960700815184329,0.2566740659485179,Low stress,,,,,,,0.2566740659485179,
BGD.3.2.1.5_1,Faridpur,Alfadanga,Panchuria,5.560482638333792,0.0147506728348519,0.9284155390659096,0.0013368425655797,0.0275583486363671,0.9284155390659096,0.2422840438154377,Low stress,,,,,,,0.2422840438154377,
BGD.3.2.1.6_1,Faridpur,Alfadanga,Tagarbanda,8.814359875025293,0.014089066815097,0.9234286314904336,0.0030300469789748,0.0263222850644569,0.9234286314904336,0.2412819764367582,Low stress,,,,,,,0.2412819764367582,
BGD.3.2.2.1_1,Faridpur,Bhanga,Algi,10.531015960061724,0.017152444961475,0.3185466835656956,0.0039233350313601,0.0320455252114045,0.3185466835656956,0.0924219387279595,Low stress,,,,,,,0.0924219387279595,
BGD.3.2.2.2_1,Faridpur,Bhanga,Azimnagar,9.379763683318934,0.026012144549763,0.0346576500422655,0.0033242634333505,0.0485979016894887,0.0346576500422655,0.0270033834752276,Low stress,,,,,,,0.0270033834752276,
BGD.3.2.2.3_1,Faridpur,Bhanga,Bhanga Paurashava,25.832683143671883,0.0411224989611468,0.7199511897498483,0.0118857898269614,0.0768282352851266,0.7199511897498483,0.2116319957180409,Low stress,,,,,,,0.2116319957180409,
BGD.3.2.2.4_1,Faridpur,Bhanga,Chandra,12.810132422759184,0.0248332299625045,0.7572649572649578,0.0051093078793108,0.0463953622140415,0.7572649572649578,0.2075983392428783,Low stress,,,,,,,0.2075983392428783,
BGD.3.2.2.5_1,Faridpur,Bhanga,Chumordi,11.627655597808262,0.0117054470783197,0.2904411764705887,0.0044939881136579,0.0218690221890558,0.2904411764705887,0.0820620471292798,Low stress,,,,,,,0.0820620471292798,
BGD.3.2.2.6_1,Faridpur,Bhanga,Gharua,9.662211427217327,0.0182976156189421,0.1605306799336654,0.003471239404395,0.0341850216655629,0.1605306799336654,0.0534859233281213,Low stress,,,,,,,0.0534859233281213,
BGD.3.2.2.7_1,Faridpur,Bhanga,Hamirdi,12.773640171475307,0.0189220781468834,0.3223915592028142,0.0050903185824093,0.035351690891301,0.3223915592028142,0.0950071090456226,Low stress,,,,,,,0.0950071090456226,
BGD.3.2.2.8_1,Faridpur,Bhanga,Kalamridha,8.16408321978861,0.0238810202876937,0.107804232804233,0.0026916656503374,0.044616370402132,0.107804232804233,0.0436434541019394,Low stress,,,,,,,0.0436434541019394,
BGD.3.2.2.9_1,Faridpur,Bhanga,Kaolibera,9.51546967815718,0.0178850963995354,0.3966942148760334,0.0033948801077576,0.0334143213324397,0.3966942148760334,0.1122265182284653,Low stress,,,,,,,0.1122265182284653,
BGD.3.2.2.10_1,Faridpur,Bhanga,Manikdaha,10.148000660677113,0.0156192024939512,0.2513562386980114,0.0037240272062207,0.0291810029664076,0.2513562386980114,0.0745420215952337,Low stress,,,,,,,0.0745420215952337,
BGD.3.2.2.11_1,Faridpur,Bhanga,Nasirabad,8.958439945768964,0.0198084266139905,0.7085553997194955,0.0031050212308963,0.0370076356975701,0.7085553997194955,0.1913335309163819,Low stress,,,,,,,0.1913335309163819,
BGD.3.2.2.12_1,Faridpur,Bhanga,Nurullaganj,9.464524134620458,0.014825754754903,0.5482689747004004,0.0033683698208339,0.0276986224904632,0.5482689747004004,0.1481091094750958,Low stress,,,,,,,0.1481091094750958,
BGD.3.2.2.13_1,Faridpur,Bhanga,Tuzarpur,10.527038480585414,0.0183354967985628,0.8329364134317683,0.0039212652895372,0.0342557942171903,0.8329364134317683,0.2217921374497736,Low stress,,,,,,,0.2217921374497736,
BGD.3.2.3.1_1,Faridpur,Boalmari,Boalmari,6.61669772786272,0.019437595345579,0.0535077288941736,0.0018864601205748,0.0363148200209859,0.0535077288941736,0.0268417032791184,Low stress,,,,,,,0.0268417032791184,
BGD.3.2.3.2_1,Faridpur,Boalmari,Boalmari Paurashava,11.87114860521675,0.0789268453949067,0.3275862068965517,0.0046206933962438,0.1474572412061312,0.3275862068965517,0.1353548635047814,Low stress,,,,,,,0.1353548635047814,
BGD.3.2.3.3_1,Faridpur,Boalmari,Chandpur,6.437307391026719,0.0227224441421664,0.6340206185567017,0.0017931116356886,0.0424518287776454,0.6340206185567017,0.1740805393656267,Low stress,,,,,,,0.1740805393656267,
BGD.3.2.3.4_1,Faridpur,Boalmari,Chatul,6.750393242388673,0.0250144161179838,0.3720735785953181,0.0019560306110328,0.0467338682128312,0.3720735785953181,0.1101576607677335,Low stress,,,,,,,0.1101576607677335,
BGD.3.2.3.5_1,Faridpur,Boalmari,Dadpur,6.264929892480313,0.0208937624187318,0.1498127340823973,0.0017034123876599,0.0390353440488748,0.1498127340823973,0.0517969188927694,Low stress,,,,,,,0.0517969188927694,
BGD.3.2.3.6_1,Faridpur,Boalmari,Ghoshpur,5.989274876471776,0.0138992891126355,0.6438863729930018,0.0015599711156853,0.0259677276726418,0.6438863729930018,0.1706842863799492,Low stress,,,,,,,0.1706842863799492,
BGD.3.2.3.7_1,Faridpur,Boalmari,Gunbaha,6.637050962452472,0.0235607759303246,0.6773049645390077,0.0018970512351521,0.0440180651079928,0.6773049645390077,0.1854913844166102,Low stress,,,,,,,0.1854913844166102,
BGD.3.2.3.8_1,Faridpur,Boalmari,Moyna,6.515370066136732,0.0161667373513404,0.4335025380710664,0.0018337327336597,0.0302039499641095,0.4335025380710664,0.1196805100986688,Low stress,,,,,,,0.1196805100986688,
BGD.3.2.3.9_1,Faridpur,Boalmari,Parameshwardi,5.853410888086163,0.0157524080602341,0.0197368421052632,0.0014892722269375,0.0294298679149444,0.0197368421052632,0.0158303731873213,Low stress,,,,,,,0.0158303731873213,
BGD.3.2.3.10_1,Faridpur,Boalmari,Rupapat,6.14615821220214,0.0219600846468184,0.0350194552529183,0.001641607740894,0.0410275297646943,0.0350194552529183,0.0237711423272301,Low stress,,,,,,,0.0237711423272301,
BGD.3.2.3.11_1,Faridpur,Boalmari,Satair,6.779535170736628,0.0200563701832569,0.6002805049088366,0.001971195055818,0.0374708630635682,0.6002805049088366,0.1639734063217852,Low stress,,,,,,,0.1639734063217852,
BGD.3.2.3.12_1,Faridpur,Boalmari,Shekhar,6.594427119986832,0.0170479022308951,0.2861150070126234,0.0018748712717027,0.0318502103909231,0.2861150070126234,0.08342627389866,Low stress,,,,,,,0.08342627389866,
BGD.3.2.4.1_1,Faridpur,Char Bhadrasan,Char Bhadrasan,8.489233520751586,0.0258694893822006,0.9808942727353708,0.0028608625451677,0.0483313822644781,0.9808942727353708,0.2632838969944772,Low stress,,,,,,,0.2632838969944772,
BGD.3.2.4.2_1,Faridpur,Char Bhadrasan,Char Harirampur,5.747432437617937,0.0077758179340647,0.9457677378914626,0.0014341247315021,0.014527384883323,0.9457677378914626,0.2421001690746295,Low stress,,,,,,,0.2421001690746295,
BGD.3.2.4.3_1,Faridpur,Char Bhadrasan,Char Jhaukanda,4.707253694960487,0.0003691775655259,1.0,0.0008928519330304,0.0006897261008629,1.0,0.2505985449085142,Low stress,,,,,,,0.2505985449085142,
BGD.3.2.4.4_1,Faridpur,Char Bhadrasan,Gazirtek,9.84330578506012,0.0226436795284319,0.9561364860234064,0.0035654746024789,0.0423046746301834,0.9561364860234064,0.2552669474674073,Low stress,,,,,,,0.2552669474674073,
BGD.3.2.5.1_1,Faridpur,Faridpur Sadar,Aliabad,13.477981471014129,0.0399689856173852,0.89115551208607,0.005456833269401,0.0746731523787404,0.89115551208607,0.2511072146618371,Low stress,,,,,,,0.2511072146618371,
BGD.3.2.5.2_1,Faridpur,Faridpur Sadar,Ambikapur,17.489810193141114,0.0399922151934803,0.6118721461187222,0.0075444492438124,0.0747165516706827,0.6118721461187222,0.1821366093119444,Low stress,,,,,,,0.1821366093119444,
BGD.3.2.5.3_1,Faridpur,Faridpur Sadar,Char Madhabdia,7.705633270294567,0.0205199943898064,0.5666026256804363,0.0024531042599288,0.0383370416890043,0.5666026256804363,0.1560498627152321,Low stress,,,,,,,0.1560498627152321,
BGD.3.2.5.4_1,Faridpur,Faridpur Sadar,Decreerchar,14.520685547293976,0.0140425110690077,0.959305936073059,0.0059994201635573,0.0262353060163742,0.959305936073059,0.2514086091894186,Low stress,,,,,,,0.2514086091894186,
BGD.3.2.5.5_1,Faridpur,Faridpur Sadar,Faridpur Paurashava,46.60187366717712,0.1662028522148177,0.7755443886097158,0.0226933533885172,0.3105130319799769,0.7755443886097158,0.3116429997008277,Low stress,,,,,,,0.3116429997008277,
BGD.3.2.5.6_1,Faridpur,Faridpur Sadar,Greda,12.199808367347464,0.0298630345559288,0.4825174825174834,0.0047917164924658,0.0557924324433318,0.4825174825174834,0.1420734085815232,Low stress,,,,,,,0.1420734085815232,
BGD.3.2.5.7_1,Faridpur,Faridpur Sadar,Ishan Gopalpur,7.54926608872683,0.0200462810296218,0.2467105263157898,0.0023717362233738,0.0374520137258848,0.2467105263157898,0.0757345308723566,Low stress,,,,,,,0.0757345308723566,
BGD.3.2.5.8_1,Faridpur,Faridpur Sadar,Kaijuri,12.204782197713786,0.0261244160120927,0.1580074986609538,0.0047943047005987,0.0488076559247997,0.1580074986609538,0.0585022761191578,Low stress,,,,,,,0.0585022761191578,
BGD.3.2.5.9_1,Faridpur,Faridpur Sadar,Kanaipur,12.270865107351527,0.0282531872379649,0.3161634103019544,0.0048286919457557,0.0527847910878169,0.3161634103019544,0.0994470062345268,Low stress,,,,,,,0.0994470062345268,
BGD.3.2.5.10_1,Faridpur,Faridpur Sadar,Krishnanagar,7.968232494072386,0.0178811376442178,0.2559652928416491,0.0025897517522315,0.0334069252793626,0.2559652928416491,0.0767196477590818,Low stress,,,,,,,0.0767196477590818,
BGD.3.2.5.11_1,Faridpur,Faridpur Sadar,Majchar,8.367086990010469,0.0226460095519386,0.2395437262357419,0.0027973017437338,0.0423090277604336,0.2395437262357419,0.0758130119725807,Low stress,,,,,,,0.0758130119725807,
BGD.3.2.5.12_1,Faridpur,Faridpur Sadar,Uttar Channel,6.242468957482883,0.0083467294340975,0.9311564007374286,0.001691724499181,0.0155940059340754,0.9311564007374286,0.2389236920609559,Low stress,,,,,,,0.2389236920609559,
BGD.3.2.6.1_1,Faridpur,Madhukhali,Bagat,7.728610817849425,0.018869044287713,0.9653755868544602,0.0024650609755941,0.0352526089309787,0.9653755868544602,0.2546683342296952,Low stress,,,,,,,0.2546683342296952,
BGD.3.2.6.2_1,Faridpur,Madhukhali,Dumain,8.752371452996522,0.0177850583971002,0.8044016506189823,0.0029977903625988,0.0332274225937271,0.8044016506189823,0.2139291267075896,Low stress,,,,,,,0.2139291267075896,
BGD.3.2.6.3_1,Faridpur,Madhukhali,Gajna,8.514676097712437,0.0144811509502511,0.2944228274967578,0.0028741019763031,0.0270548069915812,0.2944228274967578,0.0842245301117641,Low stress,,,,,,,0.0842245301117641,
BGD.3.2.6.4_1,Faridpur,Madhukhali,Jahapur,6.404026373873288,0.0141636414565826,0.0403587443946189,0.0017757933532128,0.0264616111814756,0.0403587443946189,0.0200615673534563,Low stress,,,,,,,0.0200615673534563,
BGD.3.2.6.5_1,Faridpur,Madhukhali,Kamarkhali,9.60088752744989,0.0147399013691375,0.937034161490682,0.003439328582265,0.0275382245504487,0.937034161490682,0.2452726503982335,Low stress,,,,,,,0.2452726503982335,
BGD.3.2.6.6_1,Faridpur,Madhukhali,Madhukhali,9.774894403994558,0.0241125143624682,0.0938586326767093,0.0035298757018687,0.0450488655493917,0.0938586326767093,0.0406437113922119,Low stress,,,,,,,0.0406437113922119,
BGD.3.2.6.7_1,Faridpur,Madhukhali,Megchami,6.55557250119573,0.0137424298840005,0.0768725361366624,0.0018546526810085,0.0256746711213948,0.0768725361366624,0.0289461299990572,Low stress,,,,,,,0.0289461299990572,
BGD.3.2.6.8_1,Faridpur,Madhukhali,Noapara,7.946788751084073,0.0160326802552624,0.9501399135080134,0.0025785931750553,0.0299534941217043,0.9501399135080134,0.249050138589622,Low stress,,,,,,,0.249050138589622,
BGD.3.2.6.9_1,Faridpur,Madhukhali,Raipur,7.05891159462113,0.0137232973402197,0.1518518518518521,0.0021165728188711,0.025638926222317,0.1518518518518521,0.0477832162683224,Low stress,,,,,,,0.0477832162683224,
BGD.3.2.7.1_1,Faridpur,Nagarkanda,Char Jasordi,7.954165312081457,0.0127364929045548,0.1217725052337755,0.0025824316805452,0.0237953018006762,0.1217725052337755,0.0398044546108986,Low stress,,,,,,,0.0398044546108986,
BGD.3.2.7.2_1,Faridpur,Nagarkanda,Dangi,8.802074315261457,0.0193484369001261,0.046162402669633,0.003023654001459,0.0361482473126642,0.046162402669633,0.0254019488274243,Low stress,,,,,,,0.0254019488274243,
BGD.3.2.7.3_1,Faridpur,Nagarkanda,Kaichail,9.209481689962688,0.0267661740790496,0.6702836004932187,0.0032356546132569,0.0500066380151361,0.6702836004932187,0.1863674852739051,Low stress,,,,,,,0.1863674852739051,
BGD.3.2.7.4_1,Faridpur,Nagarkanda,Kodalia Shohidnagar,7.708815150321963,0.0200076566837107,0.14662447257384,0.0024547599995014,0.0373798527334753,0.14662447257384,0.0507209705999769,Low stress,,,,,,,0.0507209705999769,
BGD.3.2.7.5_1,Faridpur,Nagarkanda,Laskardia,7.506216169505183,0.0245041227877414,0.1531841652323584,0.0023493345444166,0.0457804987184983,0.1531841652323584,0.0552589496773306,Low stress,,,,,,,0.0552589496773306,
BGD.3.2.7.6_1,Faridpur,Nagarkanda,Nagarkanda Paurashava,8.74445504989339,0.0291032353302989,0.727772685609533,0.0029936709420745,0.0543729167244231,0.727772685609533,0.2021711606327611,Low stress,,,,,,,0.2021711606327611,
BGD.3.2.7.7_1,Faridpur,Nagarkanda,Phulsuti,7.509161411081287,0.0240576918056751,0.3671220802115476,0.002350867145579,0.0449464418057322,0.3671220802115476,0.1084521215431247,Low stress,,,,,,,0.1084521215431247,
BGD.3.2.7.8_1,Faridpur,Nagarkanda,Pura Para,8.472167978744702,0.0173130256029304,0.5608726249120347,0.0028519822313325,0.0323455343941059,0.5608726249120347,0.1526798861584787,Low stress,,,,,,,0.1526798861584787,
BGD.3.2.7.9_1,Faridpur,Nagarkanda,Ramnagar,8.444174604759521,0.0220597675648036,0.0248833592534992,0.0028374154542448,0.0412137651071551,0.0248833592534992,0.021780623782577,Low stress,,,,,,,0.021780623782577,
BGD.3.2.7.10_1,Faridpur,Nagarkanda,Talma,8.066671335683523,0.0216514728559566,0.0928882438316403,0.0026409758977481,0.0404509573316207,0.0928882438316403,0.0384362863830765,Low stress,,,,,,,0.0384362863830765,
BGD.3.2.8.1_1,Faridpur,Sadarpur,Akter Char,6.29669341023811,0.0310095850955992,0.9280937740199832,0.0017199410162898,0.05793450690022,0.9280937740199832,0.2529884973265887,Low stress,,,,,,,0.2529884973265887,
BGD.3.2.8.2_1,Faridpur,Sadarpur,Bhashanchar,6.364067728964922,0.0300713139553922,0.4296770749933288,0.0017550002657695,0.0561815561374472,0.4296770749933288,0.1277848135027465,Low stress,,,,,,,0.1277848135027465,
BGD.3.2.8.3_1,Faridpur,Sadarpur,Char Bishnupur,6.808597069796172,0.0355517479838576,0.4125511596180089,0.0019863178561481,0.0664205271542954,0.4125511596180089,0.1271795015509648,Low stress,,,,,,,0.1271795015509648,
BGD.3.2.8.4_1,Faridpur,Sadarpur,Char Manair,8.098269188857284,0.0339041214779912,0.8510383386581472,0.0026574183202969,0.0633423037959749,0.8510383386581472,0.2359923583212468,Low stress,,,,,,,0.2359923583212468,
BGD.3.2.8.5_1,Faridpur,Sadarpur,Char Nasirpur,5.550097923991121,0.0142884547678379,0.9736062193969588,0.0013314387218333,0.026694797069641,0.9736062193969588,0.2532773093123474,Low stress,,,,,,,0.2532773093123474,
BGD.3.2.8.6_1,Faridpur,Sadarpur,Dheukhali,7.656803481875191,0.0245241382986013,0.9402446953129544,0.0024276949382972,0.0458178932450116,0.9402446953129544,0.2520685144393115,Low stress,,,,,,,0.2520685144393115,
BGD.3.2.8.7_1,Faridpur,Sadarpur,Krishnapur,6.665444654510291,0.0248052258544774,0.1920000000000004,0.0019118263238257,0.0463430427720132,0.1920000000000004,0.064984795499735,Low stress,,,,,,,0.064984795499735,
BGD.3.2.8.8_1,Faridpur,Sadarpur,Narikelbaria,6.708083109779651,0.003286244528279,1.0,0.0019340138912693,0.0061396163706301,1.0,0.2529224712862283,Low stress,,,,,,,0.2529224712862283,
BGD.3.2.8.9_1,Faridpur,Sadarpur,Sadarpur,11.79928600451096,0.033143536827451,0.0214067278287462,0.0045832986011049,0.0619213206854599,0.0214067278287462,0.0288574636375395,Low stress,,,,,,,0.0288574636375395,
BGD.3.2.9.1_1,Faridpur,Saltha,Atghar,7.035524165608521,0.0139151341071752,0.1586563307493544,0.0021044028151673,0.0259973305177836,0.1586563307493544,0.0496049094946298,Low stress,,,,,,,0.0496049094946298,
BGD.3.2.9.2_1,Faridpur,Saltha,Ballabhdi,8.466414058048468,0.0137732132264972,0.3922046285018277,0.0028489880913547,0.0257321829443614,0.3922046285018277,0.1081970163925253,Low stress,,,,,,,0.1081970163925253,
BGD.3.2.9.3_1,Faridpur,Saltha,Bhawal,7.863061490077765,0.0193500395918139,0.119644300727567,0.0025350244238256,0.0361512415853176,0.119644300727567,0.0435780195062831,Low stress,,,,,,,0.0435780195062831,
BGD.3.2.9.4_1,Faridpur,Saltha,Gatti,7.873567440166949,0.0179880170819065,0.1674454828660441,0.002540491354433,0.033606605716917,0.1674454828660441,0.0546398792592051,Low stress,,,,,,,0.0546398792592051,
BGD.3.2.9.5_1,Faridpur,Saltha,Jadunandi,7.2025063757196754,0.0138351301898722,0.0462555066079296,0.0021912945429592,0.0258478610074774,0.0462555066079296,0.0214871458217832,Low stress,,,,,,,0.0214871458217832,
BGD.3.2.9.6_1,Faridpur,Saltha,Majhardia,7.396136405433051,0.0201621707423681,0.2507619839290669,0.0022920528681903,0.0376685278566629,0.2507619839290669,0.0767913018793748,Low stress,,,,,,,0.0767913018793748,
BGD.3.2.9.7_1,Faridpur,Saltha,Ramkantapur,7.261431823982995,0.0195463759450445,0.3258581235697948,0.0022219572944409,0.0365180523561143,0.3258581235697948,0.0951346321348651,Low stress,,,,,,,0.0951346321348651,
BGD.3.2.9.8_1,Faridpur,Saltha,Sonapur,7.385827310801611,0.0136255831889009,0.3370860927152324,0.0022866883743085,0.0254563690821174,0.3370860927152324,0.0940959277072726,Low stress,,,,,,,0.0940959277072726,
BGD.3.3.1.1_1,Gazipur,Gazipur Sadar,Baria,18.21638072781169,0.0172246509414287,0.9161718131433072,0.0079225312507408,0.0321804260116238,0.9161718131433072,0.2434751148901915,Low stress,,,,,,,0.2434751148901915,
BGD.3.3.1.2_1,Gazipur,Gazipur Sadar,Basan,102.51104090006076,0.1416940587223527,0.9805281014898936,0.0517865372494483,0.264723807089419,0.9805281014898936,0.3584999727535494,Moderate stress,,,,,,,0.3584999727535494,
BGD.3.3.1.3_1,Gazipur,Gazipur Sadar,Gachha,119.46766856149092,0.1833596207664176,0.9600503302925448,0.0606101758516914,0.3425666348570823,0.9600503302925448,0.3841549751137916,Moderate stress,,,,,,,0.3841549751137916,
BGD.3.3.1.4_1,Gazipur,Gazipur Sadar,Gazipur Paurashava,57.82419263333594,0.1041949685697959,0.4883449883449891,0.028533057415381,0.1946651045786399,0.4883449883449891,0.2016322566549236,Low stress,,,,,,,0.2016322566549236,
BGD.3.3.1.5_1,Gazipur,Gazipur Sadar,Kashimpur,50.74929651027425,0.1377400111601096,0.9297562973581818,0.0248515278220702,0.2573365494053076,0.9297562973581818,0.3324474777602312,Moderate stress,,,,,,,0.3324474777602312,
BGD.3.3.1.6_1,Gazipur,Gazipur Sadar,Kayaltia,42.57672207687614,0.0631143125687493,0.9564307600328812,0.0205988046574127,0.1179150435500593,0.9564307600328812,0.2886174771137061,Low stress,,,,,,,0.2886174771137061,
BGD.3.3.1.7_1,Gazipur,Gazipur Sadar,Konabari,74.88050003487665,0.1716396907027146,0.9804613297150612,0.0374085658835115,0.3206705544338051,0.9804613297150612,0.3723134528340017,Moderate stress,,,,,,,0.3723134528340017,
BGD.3.3.1.8_1,Gazipur,Gazipur Sadar,Mirzapur,44.06218952921692,0.0676985476148905,0.8844145294185901,0.0213717901953722,0.1264796662657173,0.8844145294185901,0.2739202316257975,Low stress,,,,,,,0.2739202316257975,
BGD.3.3.1.9_1,Gazipur,Gazipur Sadar,Pubail,42.40541531531381,0.0516436031917621,0.8903921747874557,0.0205096625836273,0.0964845765024433,0.8903921747874557,0.26457151050617,Low stress,,,,,,,0.26457151050617,
BGD.3.3.1.10_1,Gazipur,Gazipur Sadar,Tongi Paurashava,193.1710546880796,0.225753776836312,0.9437278418948468,0.098962851627067,0.4217706783742225,0.9437278418948468,0.4231368385555164,Moderate stress,,,,,,,0.4231368385555164,
BGD.3.3.2.1_1,Gazipur,Kaliakair,Atabaha,30.297658573618097,0.0726047147901285,0.7230383973288819,0.0142092075694736,0.1356457475012833,0.7230383973288819,0.2339192939854591,Low stress,,,,,,,0.2339192939854591,
BGD.3.3.2.2_1,Gazipur,Kaliakair,Boali,11.346843305513383,0.0217758465329937,0.9798229138717454,0.0043478631746812,0.0406833218611136,0.9798229138717454,0.2609340363891986,Low stress,,,,,,,0.2609340363891986,
BGD.3.3.2.3_1,Gazipur,Kaliakair,Chapair,12.229915792278748,0.0171715271418806,0.929703832752612,0.0048073833480542,0.0320811760177268,0.929703832752612,0.2455773231335791,Low stress,,,,,,,0.2455773231335791,
BGD.3.3.2.4_1,Gazipur,Kaliakair,Dhaljora,12.792758552897622,0.0257315729904437,0.4941425004801235,0.005100267122396,0.0480737161871907,0.4941425004801235,0.142401532634506,Low stress,,,,,,,0.142401532634506,
BGD.3.3.2.5_1,Gazipur,Kaliakair,Fulbaria,8.430314204778837,0.0218863610602166,0.9011660188783984,0.0028302029847165,0.040889793654278,0.9011660188783984,0.2407350136924835,Low stress,,,,,,,0.2407350136924835,
BGD.3.3.2.6_1,Gazipur,Kaliakair,Kaliakair Paurashava,57.563040300109215,0.1225553287482806,0.8050770625566638,0.0283971628345401,0.2289673504865319,0.8050770625566638,0.2927667034432681,Low stress,,,,,,,0.2927667034432681,
BGD.3.3.2.7_1,Gazipur,Kaliakair,Madhyapara,17.40698303729501,0.0285043866380192,0.9798272837673696,0.0075013488759663,0.053254101248882,0.9798272837673696,0.2665962959293376,Low stress,,,,,,,0.2665962959293376,
BGD.3.3.2.8_1,Gazipur,Kaliakair,Mouchak,47.27998900059426,0.1153444631265812,0.9211101996171728,0.023046220995932,0.2154954532383423,0.9211101996171728,0.3149194469360858,Low stress,,,,,,,0.3149194469360858,
BGD.3.3.2.9_1,Gazipur,Kaliakair,Sreefaltali,26.388142315398465,0.0492133166938073,0.6688665710186521,0.0121748314387416,0.0919441271719795,0.6688665710186521,0.2042670198403525,Low stress,,,,,,,0.2042670198403525,
BGD.3.3.2.10_1,Gazipur,Kaliakair,Sutrapur,32.65699461566998,0.0626372075505139,0.6263657957244662,0.0154369238932604,0.1170236790288677,0.6263657957244662,0.2037245061485244,Low stress,,,,,,,0.2037245061485244,
BGD.3.3.4.1_1,Gazipur,Kaliganj,Bahadursadi,25.73921793036037,0.0351183505811176,0.7329523809523814,0.0118371537844293,0.0656108205831765,0.7329523809523814,0.2109367439559788,Low stress,,,,,,,0.2109367439559788,
BGD.3.3.4.2_1,Gazipur,Kaliganj,Baktarpur,13.914302403857716,0.0179626660920778,0.8896051067025417,0.005683879490081,0.0335592430356482,0.8896051067025417,0.2364205635341447,Low stress,,,,,,,0.2364205635341447,
BGD.3.3.4.3_1,Gazipur,Kaliganj,Jamalpur,24.45488045724,0.0367880277746667,0.6671368124118481,0.0111688292842747,0.0687302407428657,0.6671368124118481,0.1953073190766749,Low stress,,,,,,,0.1953073190766749,
BGD.3.3.4.4_1,Gazipur,Kaliganj,Jangalia,11.154585261912668,0.0164512154452662,0.9072262972018448,0.0042478187832503,0.0307354339567104,0.9072262972018448,0.23926310369861,Low stress,,,,,,,0.23926310369861,
BGD.3.3.4.5_1,Gazipur,Kaliganj,Moktarpur,15.514737846024216,0.0218182449473138,0.858947852056054,0.0065166903667402,0.0407625338602234,0.858947852056054,0.2316105260117877,Low stress,,,,,,,0.2316105260117877,
BGD.3.3.4.6_1,Gazipur,Kaliganj,Nagari,12.067275554291912,0.0291929928949357,0.8702185792349731,0.0047227510313676,0.0545406087535737,0.8702185792349731,0.2385329582850411,Low stress,,,,,,,0.2385329582850411,
BGD.3.3.4.7_1,Gazipur,Kaliganj,Tumulia,12.47471448621432,0.0289619314448761,0.6056964842011575,0.0049347680644445,0.0541089218692899,0.6056964842011575,0.1723361509303186,Low stress,,,,,,,0.1723361509303186,
BGD.3.3.3.1_1,Gazipur,Kaliganj Paurashava,Kaliganj,44.410402195944286,0.0624895232000718,0.9520715861730816,0.0215529879423107,0.1167477636951616,0.9520715861730816,0.2875008090135013,Low stress,,,,,,,0.2875008090135013,
BGD.3.3.5.1_1,Gazipur,Kapasia,Barishaba,9.653117627413511,0.021223391405737,0.8390770152831888,0.0034665073076248,0.039651182434435,0.8390770152831888,0.2250337705958993,Low stress,,,,,,,0.2250337705958993,
BGD.3.3.5.2_1,Gazipur,Kapasia,Chandpur,9.528979434089464,0.0171970099688551,0.6076409945421476,0.0034019101143327,0.032128785007355,0.6076409945421476,0.1645160874338442,Low stress,,,,,,,0.1645160874338442,
BGD.3.3.5.3_1,Gazipur,Kapasia,Durgapur,12.907658355349705,0.0233518361471796,0.9301738226117964,0.0051600569787607,0.0436277076339722,0.9301738226117964,0.2498771761163437,Low stress,,,,,,,0.2498771761163437,
BGD.3.3.5.4_1,Gazipur,Kapasia,Ghagotia,12.32458001963967,0.0224199605351099,0.878472222222223,0.0048566433157477,0.0418867054918551,0.878472222222223,0.2362210598040041,Low stress,,,,,,,0.2362210598040041,
BGD.3.3.5.5_1,Gazipur,Kapasia,Kapasia,16.545315955384996,0.0293965650657968,0.8988995873452548,0.00705296732994,0.0549209380388926,0.8988995873452548,0.2467684120819021,Low stress,,,,,,,0.2467684120819021,
BGD.3.3.5.6_1,Gazipur,Kapasia,Karihata,11.142557461563452,0.0150910170015455,0.8477250083028897,0.0042415599347587,0.0281942059499355,0.8477250083028897,0.2234958481321033,Low stress,,,,,,,0.2234958481321033,
BGD.3.3.5.7_1,Gazipur,Kapasia,Rayed,9.711480144902694,0.0168660155477555,0.9158174568010636,0.003496877129533,0.0315103956121402,0.9158174568010636,0.2413817535163282,Low stress,,,,,,,0.2413817535163282,
BGD.3.3.5.8_1,Gazipur,Kapasia,Sanmania,13.255824245218427,0.0202148310569325,0.9083466453674124,0.0053412303846507,0.0377669119320413,0.9083466453674124,0.2424415726719279,Low stress,,,,,,,0.2424415726719279,
BGD.3.3.5.9_1,Gazipur,Kapasia,Singasree,11.847063786026249,0.0194634623305302,0.936787787572565,0.0046081604949747,0.0363631467242785,0.936787787572565,0.2487673124446286,Low stress,,,,,,,0.2487673124446286,
BGD.3.3.5.10_1,Gazipur,Kapasia,Targaon,14.648065174726003,0.0183975902584395,0.9149018097805162,0.0060657040862918,0.0343718020247309,0.9149018097805162,0.2431818647883016,Low stress,,,,,,,0.2431818647883016,
BGD.3.3.5.11_1,Gazipur,Kapasia,Toke,10.076108966786952,0.0195843862894858,0.8990077958894405,0.0036866172720017,0.0365890662234565,0.8990077958894405,0.2390327690593706,Low stress,,,,,,,0.2390327690593706,
BGD.3.3.6.1_1,Gazipur,Sreepur,Barmi,11.030694344468213,0.0266985449058809,0.8803783948733602,0.0041833502637158,0.0498802879595801,0.8803783948733602,0.2392260396096794,Low stress,,,,,,,0.2392260396096794,
BGD.3.3.6.2_1,Gazipur,Sreepur,Gazipur,13.98437450249817,0.0573176825039227,0.4617834394904461,0.0057203425702907,0.1070853306257036,0.4617834394904461,0.155213862619724,Low stress,,,,,,,0.155213862619724,
BGD.3.3.6.3_1,Gazipur,Sreepur,Gosinga,9.835017766878044,0.0163208472883007,0.9587061252580868,0.0035611618064072,0.0304918700758651,0.9587061252580868,0.2517731505636374,Low stress,,,,,,,0.2517731505636374,
BGD.3.3.6.4_1,Gazipur,Sreepur,Kaoraid,8.003778258255135,0.0165497691010824,0.9298135868885274,0.0026082485302024,0.0309195595241865,0.9298135868885274,0.2443185419676781,Low stress,,,,,,,0.2443185419676781,
BGD.3.3.6.5_1,Gazipur,Sreepur,Maona,11.139212140622842,0.0352375849111548,0.6192946058091291,0.0042398191462259,0.0658335833868382,0.6192946058091291,0.179561333296166,Low stress,,,,,,,0.179561333296166,
BGD.3.3.6.6_1,Gazipur,Sreepur,Prahladpur,10.71367462184883,0.0150700175963303,0.8787017294479983,0.0040183842387473,0.0281549732358379,0.8787017294479983,0.2311370266900418,Low stress,,,,,,,0.2311370266900418,
BGD.3.3.6.7_1,Gazipur,Sreepur,Rajabari,12.16248004127788,0.0273008815546721,0.3289817232375986,0.004772292131358,0.0510056199054306,0.3289817232375986,0.1020063146288436,Low stress,,,,,,,0.1020063146288436,
BGD.3.3.6.8_1,Gazipur,Sreepur,Sreepur Paurashava,30.12816117459178,0.1172514231695095,0.6449275362318847,0.0141210070249496,0.219058183582037,0.6449275362318847,0.243550651121664,Low stress,,,,,,,0.243550651121664,
BGD.3.3.6.9_1,Gazipur,Sreepur,Telihati,18.42570523911896,0.0652396926132836,0.7286432160804021,0.0080314564377088,0.1218858430456365,0.7286432160804021,0.2280334316611568,Low stress,,,,,,,0.2280334316611568,
BGD.3.4.1.1_1,Gopalganj,Gopalganj Sadar,Baultali,6.510385963317426,0.0168289025594491,0.4245142002989545,0.0018311391800999,0.0314410582549813,0.4245142002989545,0.117865376136022,Low stress,,,,,,,0.117865376136022,
BGD.3.4.1.2_1,Gopalganj,Gopalganj Sadar,Borasi,8.346479210328939,0.0212714684427529,0.0458015267175573,0.002786578172754,0.0397410036759689,0.0458015267175573,0.0264743642350801,Low stress,,,,,,,0.0264743642350801,
BGD.3.4.1.3_1,Gopalganj,Gopalganj Sadar,Chandra Dighalia,5.873907668213226,0.0203544687310261,0.0069444444444444,0.0014999380376141,0.0380277938422109,0.0069444444444444,0.0156458141709306,Low stress,,,,,,,0.0156458141709306,
BGD.3.4.1.4_1,Gopalganj,Gopalganj Sadar,Durgapur,12.087131938115268,0.0357722285993406,0.3376455368693409,0.0047330836021065,0.0668324461045066,0.3376455368693409,0.1096959737947551,Low stress,,,,,,,0.1096959737947551,
BGD.3.4.1.5_1,Gopalganj,Gopalganj Sadar,Gobra,10.676088185642076,0.0191890224969655,0.9551712558764271,0.0039988255661117,0.0358504169866076,0.9551712558764271,0.2529399901408641,Low stress,,,,,,,0.2529399901408641,
BGD.3.4.1.6_1,Gopalganj,Gopalganj Sadar,Gopalganj Paurashava,24.78775177969213,0.0897050390482248,0.9275875639512003,0.0113420439298407,0.1675938967806904,0.9275875639512003,0.295091572432978,Low stress,,,,,,,0.295091572432978,
BGD.3.4.1.7_1,Gopalganj,Gopalganj Sadar,Gopinathpur,5.384964422967915,0.0181659208846143,0.0808080808080809,0.0012455089978785,0.0339389793702172,0.0808080808080809,0.0325788665807476,Low stress,,,,,,,0.0325788665807476,
BGD.3.4.1.8_1,Gopalganj,Gopalganj Sadar,Haridaspur,9.318956430018307,0.0181190754597985,0.8255431204739965,0.0032926214560521,0.0338514591219176,0.8255431204739965,0.2195508393935911,Low stress,,,,,,,0.2195508393935911,
BGD.3.4.1.9_1,Gopalganj,Gopalganj Sadar,Jalalabad,5.61365366762042,0.0106004361328035,0.9389682445992196,0.0013645109177958,0.0198045552169739,0.9389682445992196,0.2422194598428641,Low stress,,,,,,,0.2422194598428641,
BGD.3.4.1.10_1,Gopalganj,Gopalganj Sadar,Kajulia,4.185480087457752,0.0081952095767445,0.179279530857303,0.000621339115935,0.0153109248095045,0.179279530857303,0.0504272420440263,Low stress,,,,,,,0.0504272420440263,
BGD.3.4.1.11_1,Gopalganj,Gopalganj Sadar,Karpara,5.3885805582983295,0.0145297863666653,0.3085655314757488,0.0012473907087899,0.0271456714407235,0.3085655314757488,0.0871413241567064,Low stress,,,,,,,0.0871413241567064,
BGD.3.4.1.12_1,Gopalganj,Gopalganj Sadar,Kati,4.558778577519592,0.011750577055299,0.0322580645161291,0.000815590651844,0.021953337504938,0.0322580645161291,0.0160744205164982,Low stress,,,,,,,0.0160744205164982,
BGD.3.4.1.13_1,Gopalganj,Gopalganj Sadar,Latifpur,13.297028704218327,0.0181730658320438,0.9658792650918636,0.0053626717503678,0.0339523281139969,0.9658792650918636,0.255498199813012,Low stress,,,,,,,0.255498199813012,
BGD.3.4.1.14_1,Gopalganj,Gopalganj Sadar,Majhigati,6.824016687669314,0.0210809151785714,0.002840909090909,0.0019943416883755,0.039384997319723,0.002840909090909,0.0152927130099805,Low stress,,,,,,,0.0152927130099805,
BGD.3.4.1.15_1,Gopalganj,Gopalganj Sadar,Nizra,4.954407595186749,0.0140962934774335,0.0700344431687716,0.0010214622167658,0.0263357864743503,0.0700344431687716,0.0271347209449218,Low stress,,,,,,,0.0271347209449218,
BGD.3.4.1.16_1,Gopalganj,Gopalganj Sadar,Paikkandi,6.335471773944619,0.01675770908103,0.8426966292134835,0.0017401199264932,0.0313080490884927,0.8426966292134835,0.2223280224549406,Low stress,,,,,,,0.2223280224549406,
BGD.3.4.1.17_1,Gopalganj,Gopalganj Sadar,Raghunathpur,6.170570920165364,0.0156574940315599,0.3513831665685705,0.0016543112640633,0.0292525421805884,0.3513831665685705,0.0987459059109738,Low stress,,,,,,,0.0987459059109738,
BGD.3.4.1.18_1,Gopalganj,Gopalganj Sadar,Sahapur,5.117122586557288,0.0123223476571983,0.0273396424815983,0.0011061334325103,0.0230215635962887,0.0273396424815983,0.0153349112521047,Low stress,,,,,,,0.0153349112521047,
BGD.3.4.1.19_1,Gopalganj,Gopalganj Sadar,Satpar,6.694355537852069,0.0113895429333408,0.4451594851706782,0.0019268705408347,0.02127882561562,0.4451594851706782,0.1195082084744704,Low stress,,,,,,,0.1195082084744704,
BGD.3.4.1.20_1,Gopalganj,Gopalganj Sadar,Suktail,5.4393062383331054,0.0119367827996188,0.854514088556642,0.0012737865864029,0.0223012214880968,0.854514088556642,0.2219434642945555,Low stress,,,,,,,0.2219434642945555,
BGD.3.4.1.21_1,Gopalganj,Gopalganj Sadar,Ulpur,6.778637456010464,0.0137274181944766,0.6680688336520083,0.001970727916333,0.0256466251211783,0.6680688336520083,0.1767818183719477,Low stress,,,,,,,0.1767818183719477,
BGD.3.4.1.22_1,Gopalganj,Gopalganj Sadar,Urafi,6.653559167279341,0.0126433627793917,0.9360093077370564,0.0019056415301254,0.0236213088929269,0.9360093077370564,0.2430320416588387,Low stress,,,,,,,0.2430320416588387,
BGD.3.4.2.1_1,Gopalganj,Kashiani,Bethuri,5.503326086384797,0.0166337564391771,0.0070210631895687,0.0013071002861466,0.0310764711695174,0.0070210631895687,0.0131548708211819,Low stress,,,,,,,0.0131548708211819,
BGD.3.4.2.2_1,Gopalganj,Kashiani,Fukura,6.50287083774468,0.0151807431580395,0.9619901772368088,0.0018272285704298,0.0283618392999628,0.9619901772368088,0.2511550794923611,Low stress,,,,,,,0.2511550794923611,
BGD.3.4.2.3_1,Gopalganj,Kashiani,Hatiara,4.9709225800725,0.014724589115332,0.0370994940978078,0.0010300560398457,0.0275096170127787,0.0370994940978078,0.0193152618948628,Low stress,,,,,,,0.0193152618948628,
BGD.3.4.2.4_1,Gopalganj,Kashiani,Kashiani,11.458210472039797,0.0286653869098346,0.8545204222120241,0.0044058147703171,0.0535548944174997,0.8545204222120241,0.2341366445072578,Low stress,,,,,,,0.2341366445072578,
BGD.3.4.2.5_1,Gopalganj,Kashiani,Maheshpur,6.221086206844323,0.0177280592136279,0.0719844357976655,0.0016805976602998,0.0331209323076429,0.0719844357976655,0.0302606743212113,Low stress,,,,,,,0.0302606743212113,
BGD.3.4.2.6_1,Gopalganj,Kashiani,Mamudpur,5.105976943384136,0.0240329160719383,0.0,0.0011003336278963,0.044900153862417,0.0,0.0161551873030045,Low stress,,,,,,,0.0161551873030045,
BGD.3.4.2.7_1,Gopalganj,Kashiani,Nijamkandi,4.773594502681975,0.0091635829677857,0.0223944875107666,0.0009273733793701,0.0171201149270862,0.0223944875107666,0.0119616114539198,Low stress,,,,,,,0.0119616114539198,
BGD.3.4.2.8_1,Gopalganj,Kashiani,Orakandi,4.949664136115151,0.0183993154058935,0.0,0.001018993885833,0.0343750250787244,0.0,0.0124388563318867,Low stress,,,,,,,0.0124388563318867,
BGD.3.4.2.9_1,Gopalganj,Kashiani,Parulia,4.683346206916447,0.0193459005453962,0.0505050505050506,0.0008804113087153,0.0361435086984536,0.0505050505050506,0.0256286551942075,Low stress,,,,,,,0.0256286551942075,
BGD.3.4.2.10_1,Gopalganj,Kashiani,Puisur,5.329029866833105,0.0143898718002138,0.0836653386454183,0.001216402602517,0.0268842722188205,0.0836653386454183,0.0308123909789485,Low stress,,,,,,,0.0308123909789485,
BGD.3.4.2.11_1,Gopalganj,Kashiani,Rajpat,5.558070811657199,0.0228079203029804,0.0614911606456572,0.0013355875349574,0.0426115219568097,0.0614911606456572,0.0308210578602807,Low stress,,,,,,,0.0308210578602807,
BGD.3.4.2.12_1,Gopalganj,Kashiani,Ratail,6.062120161751992,0.0139760453052049,0.9769215913480104,0.0015978772656595,0.026111129532239,0.9769215913480104,0.2540084440795501,Low stress,,,,,,,0.2540084440795501,
BGD.3.4.2.13_1,Gopalganj,Kashiani,Sajail,5.338633263567025,0.0199517799528238,0.0231362467866324,0.0012213998757854,0.0372754595001848,0.0231362467866324,0.0193190324720369,Low stress,,,,,,,0.0193190324720369,
BGD.3.4.2.14_1,Gopalganj,Kashiani,Singa,5.321169630578983,0.0096795607398066,0.0399449035812673,0.0012123124092652,0.018084104535504,0.0399449035812673,0.0168005874464493,Low stress,,,,,,,0.0168005874464493,
BGD.3.4.3.1_1,Gopalganj,Kotali Para,Amtali,5.370019426370543,0.0179757992423745,0.008443908323281,0.0012377321420366,0.0335837794034887,0.008443908323281,0.0143603927288559,Low stress,,,,,,,0.0143603927288559,
BGD.3.4.3.2_1,Gopalganj,Kotali Para,Bandhabari,6.957248863226599,0.0141739742132695,0.0127226463104325,0.0020636710733676,0.0264809156372343,0.0127226463104325,0.0132744504799872,Low stress,,,,,,,0.0132744504799872,
BGD.3.4.3.3_1,Gopalganj,Kotali Para,Ghagar,7.763500293663955,0.0310355353300522,0.5401785714285721,0.0024832162439503,0.0579829891366751,0.5401785714285721,0.1563319755525594,Low stress,,,,,,,0.1563319755525594,
BGD.3.4.3.4_1,Gopalganj,Kotali Para,Hiran,6.384851132810548,0.02190727133608,0.0480863591756625,0.001765815225449,0.0409288598500222,0.0480863591756625,0.027053016831603,Low stress,,,,,,,0.027053016831603,
BGD.3.4.3.5_1,Gopalganj,Kotali Para,Kalabari,5.124749471449037,0.0095596187794997,0.3455767077267636,0.0011101021978385,0.0178600196822045,0.3455767077267636,0.0930892246995979,Low stress,,,,,,,0.0930892246995979,
BGD.3.4.3.6_1,Gopalganj,Kotali Para,Kandi,3.1489861623677964,0.0049440038850722,0.4050199657729614,8.198376821951432e-05,0.0092367707052965,0.4050199657729614,0.1045206546973819,Low stress,,,,,,,0.1045206546973819,
BGD.3.4.3.7_1,Gopalganj,Kotali Para,Kotalipara Paurashava,19.46394115761409,0.0677515978862607,0.50462962962963,0.0085717182581359,0.1265787788885815,0.50462962962963,0.1738886673216654,Low stress,,,,,,,0.1738886673216654,
BGD.3.4.3.8_1,Gopalganj,Kotali Para,Kushla,5.564338652783176,0.0137356539719414,0.819275403339938,0.001338849101232,0.025662011838056,0.819275403339938,0.2143360946187969,Low stress,,,,,,,0.2143360946187969,
BGD.3.4.3.9_1,Gopalganj,Kotali Para,Pinjuri,4.536199432624842,0.0140579140558623,0.2511984659635674,0.0008038412510506,0.0262640830685489,0.2511984659635674,0.0723135820653042,Low stress,,,,,,,0.0723135820653042,
BGD.3.4.3.10_1,Gopalganj,Kotali Para,Radhaganj,5.920091362433421,0.0142059571882379,0.2064199732501119,0.0015239704239619,0.0265406687064316,0.2064199732501119,0.0615038155293638,Low stress,,,,,,,0.0615038155293638,
BGD.3.4.3.11_1,Gopalganj,Kotali Para,Ramshil,5.171468591181927,0.0095745272742297,0.1180447217888718,0.0011344132009795,0.0178878728859202,0.1180447217888718,0.0362257012376818,Low stress,,,,,,,0.0362257012376818,
BGD.3.4.3.12_1,Gopalganj,Kotali Para,Sadullapur,4.980725100227048,0.009717351610227,0.0843648208469049,0.0010351569300086,0.0181547083644939,0.0843648208469049,0.0278594159113025,Low stress,,,,,,,0.0278594159113025,
BGD.3.4.3.13_1,Gopalganj,Kotali Para,Suagram,3.7394680396766495,0.0069593202589489,0.1464843750000003,0.0003892499764879,0.0130019407328392,0.1464843750000003,0.041327472997089,Low stress,,,,,,,0.041327472997089,
BGD.3.4.4.1_1,Gopalganj,Muksudpur,Bahugram,5.647350622155925,0.0224214306520743,0.0020876826722338,0.0013820456396022,0.0418894520781495,0.0020876826722338,0.0157360471512516,Low stress,,,,,,,0.0157360471512516,
BGD.3.4.4.2_1,Gopalganj,Muksudpur,Banshbaria,6.40002043803652,0.0164768063733979,0.1021164021164022,0.0017737088036907,0.0307832449092871,0.1021164021164022,0.0370127197688273,Low stress,,,,,,,0.0370127197688273,
BGD.3.4.4.3_1,Gopalganj,Muksudpur,Batikamari,7.318509020645022,0.015931247655287,0.08692365835223,0.0022516582801458,0.0297639898879306,0.08692365835223,0.0330489743608915,Low stress,,,,,,,0.0330489743608915,
BGD.3.4.4.4_1,Gopalganj,Muksudpur,Bhabrasur,6.199567311509037,0.0199225545990293,0.0459587955625991,0.001669399976459,0.037220858432294,0.0459587955625991,0.0251847593325363,Low stress,,,,,,,0.0251847593325363,
BGD.3.4.4.5_1,Gopalganj,Muksudpur,Dignagar,7.224349887439383,0.0100192266639121,0.1443406022845278,0.0022026611458632,0.018718694703776,0.1443406022845278,0.0435177581757988,Low stress,,,,,,,0.0435177581757988,
BGD.3.4.4.6_1,Gopalganj,Muksudpur,Gobindapur,6.749182486742146,0.0190550655907303,0.5255591054313105,0.001955400575953,0.035600148326621,0.5255591054313105,0.1446319885025262,Low stress,,,,,,,0.1446319885025262,
BGD.3.4.4.7_1,Gopalganj,Muksudpur,Gohala,9.77942227843454,0.0130295230863149,0.5625350532809877,0.0035322318500659,0.0243427634656683,0.5625350532809877,0.1505666232732572,Low stress,,,,,,,0.1505666232732572,
BGD.3.4.4.8_1,Gopalganj,Muksudpur,Jalirpar,9.962867549627596,0.0186950031831573,0.3255753814326357,0.0036276903815981,0.0349274518693244,0.3255753814326357,0.0950695296650617,Low stress,,,,,,,0.0950695296650617,
BGD.3.4.4.9_1,Gopalganj,Muksudpur,Kasalia,6.343794927815003,0.0087779108043873,0.3029355149181912,0.0017444510059536,0.0163995723418583,0.3029355149181912,0.0821715094515797,Low stress,,,,,,,0.0821715094515797,
BGD.3.4.4.10_1,Gopalganj,Muksudpur,Khandarpar,5.704535284877057,0.0188703556080438,0.0391061452513967,0.0014118025469022,0.035255058841112,0.0391061452513967,0.0226805279259992,Low stress,,,,,,,0.0226805279259992,
BGD.3.4.4.11_1,Gopalganj,Muksudpur,Maharajpur,7.506041296544989,0.018468344334722,0.3890577507598792,0.0023492435466172,0.0345039902661399,0.3890577507598792,0.1102805317017656,Low stress,,,,,,,0.1102805317017656,
BGD.3.4.4.12_1,Gopalganj,Muksudpur,Mochna,6.38524475144139,0.0159617910865458,0.0271493212669683,0.0017660200508786,0.0298210534901544,0.0271493212669683,0.0179311070586475,Low stress,,,,,,,0.0179311070586475,
BGD.3.4.4.13_1,Gopalganj,Muksudpur,Muksudpur Paurashava,8.793633848488076,0.0285799338200005,0.7663734115347021,0.0030192618764487,0.0533952443413257,0.7663734115347021,0.211489393153719,Low stress,,,,,,,0.211489393153719,
BGD.3.4.4.14_1,Gopalganj,Muksudpur,Nanikshir,8.252273076502233,0.0152465544826009,0.1662895927601813,0.0027375565809848,0.0284847931100561,0.1662895927601813,0.0526370984109589,Low stress,,,,,,,0.0526370984109589,
BGD.3.4.4.15_1,Gopalganj,Muksudpur,Pasargati,6.544570425471611,0.0140084591803579,0.1879432624113478,0.0018489275838959,0.0261716876425112,0.1879432624113478,0.0568854773112742,Low stress,,,,,,,0.0568854773112742,
BGD.3.4.4.16_1,Gopalganj,Muksudpur,Raghdi,9.688153601871354,0.0203704357964945,0.4322881921280861,0.0034847388087738,0.0380576247497095,0.4322881921280861,0.1227861122179294,Low stress,,,,,,,0.1227861122179294,
BGD.3.4.4.17_1,Gopalganj,Muksudpur,Ujani,5.791250526520179,0.0140205635842603,0.2490942028985512,0.0014569261392133,0.0261943020267168,0.2490942028985512,0.072024326889674,Low stress,,,,,,,0.072024326889674,
BGD.3.4.5.1_1,Gopalganj,Tungi Para,Barni,5.475109278199255,0.0127928159173754,0.7278603749191993,0.0012924172416811,0.0239005288124158,0.7278603749191993,0.1908472457108178,Low stress,,,,,,,0.1908472457108178,
BGD.3.4.5.2_1,Gopalganj,Tungi Para,Dumuria,3.895026031850673,0.0104300115729649,0.5234251623091783,0.0004701969390585,0.019486154864067,0.5234251623091783,0.1378645235553414,Low stress,,,,,,,0.1378645235553414,
BGD.3.4.5.3_1,Gopalganj,Tungi Para,Gopalpur,3.803581448066911,0.0077328249202118,0.055944055944056,0.000422612361774,0.0144470620073463,0.055944055944056,0.0192115306332948,Low stress,,,,,,,0.0192115306332948,
BGD.3.4.5.4_1,Gopalganj,Tungi Para,Kushli,6.707807400813177,0.0138166042623034,0.967238689547582,0.0019338704219234,0.0258132494357567,0.967238689547582,0.2516178578581797,Low stress,,,,,,,0.2516178578581797,
BGD.3.4.5.5_1,Gopalganj,Tungi Para,Patgati,7.22943941153366,0.0242665783395884,0.7159021406727833,0.0022053095569837,0.0453366997954168,0.7159021406727833,0.1957255039193852,Low stress,,,,,,,0.1957255039193852,
BGD.3.4.5.6_1,Gopalganj,Tungi Para,Tungipara Paurashava,6.290853110186909,0.013403945858234,0.3847780126849897,0.0017169019275034,0.0250422890670742,0.3847780126849897,0.1056460651157248,Low stress,,,,,,,0.1056460651157248,
BGD.3.6.1.1_1,Kishoreganj,Austagram,Adampur,5.036157451104047,0.0037686363198922,0.9995695530525864,0.0010640019952408,0.0070408580510224,0.9995695530525864,0.2527822893791008,Low stress,,,,,,,0.2527822893791008,
BGD.3.6.1.2_1,Kishoreganj,Austagram,Austagram,8.037165267796023,0.023707762120062,0.9839685554034352,0.0026256219674259,0.0442926760838354,0.9839685554034352,0.2625448242671716,Low stress,,,,,,,0.2625448242671716,
BGD.3.6.1.3_1,Kishoreganj,Austagram,Bangal Para,7.672892427638482,0.0018513276634903,0.9999029031944848,0.0024360670654525,0.0034587936266928,0.9999029031944848,0.2521607303941447,Low stress,,,,,,,0.2521607303941447,
BGD.3.6.1.4_1,Kishoreganj,Austagram,Deoghar,5.760130299929119,0.0033962524082235,0.9999179285157372,0.0014407322569071,0.0063451416061363,0.9999179285157372,0.2527765745938449,Low stress,,,,,,,0.2527765745938449,
BGD.3.6.1.5_1,Kishoreganj,Austagram,Kalma,6.198924492073481,0.0013632591751797,1.0,0.0016690654756079,0.0025469463021756,1.0,0.2515590573960046,Low stress,,,,,,,0.2515590573960046,
BGD.3.6.1.6_1,Kishoreganj,Austagram,Kastail,4.454647740898393,0.0025137992422276,0.9997799683154376,0.0007614045903204,0.0046964743028848,0.9997799683154376,0.2518933199209973,Low stress,,,,,,,0.2518933199209973,
BGD.3.6.1.7_1,Kishoreganj,Austagram,Khayerpur Abdullahpur,5.170509570031179,0.0033277148418679,0.9995379026467512,0.001133914159766,0.0062170944201224,0.9995379026467512,0.252514024372637,Low stress,,,,,,,0.252514024372637,
BGD.3.6.1.8_1,Kishoreganj,Austagram,Purba Austagram,4.608818334377386,0.0069261917651748,0.9868065814273352,0.0008416295989196,0.0129400475167503,0.9868065814273352,0.2515673138272642,Low stress,,,,,,,0.2515673138272642,
BGD.3.6.2.1_1,Kishoreganj,Bajitpur,Bajitpur Paurashava,21.793028289974963,0.0647726666021859,0.7763589930682239,0.0097836941025918,0.1210133089056566,0.7763589930682239,0.2403578840250725,Low stress,,,,,,,0.2403578840250725,
BGD.3.6.2.2_1,Kishoreganj,Bajitpur,Baliardi,15.998775316679868,0.0160632565447964,0.9820363636363636,0.0067685666121993,0.0300106191123009,0.9820363636363636,0.2587202342432759,Low stress,,,,,,,0.2587202342432759,
BGD.3.6.2.3_1,Kishoreganj,Bajitpur,Dighirpar,14.914855426898486,0.0208406675012803,0.995971388637672,0.0062045324438388,0.0389361480147461,0.995971388637672,0.2651023119421146,Low stress,,,,,,,0.2651023119421146,
BGD.3.6.2.4_1,Kishoreganj,Bajitpur,Dilalpur,12.636941575887848,0.0215526310524209,0.9518757426582924,0.0050191853931348,0.0402662934242735,0.9518757426582924,0.2540698125203228,Low stress,,,,,,,0.2540698125203228,
BGD.3.6.2.5_1,Kishoreganj,Bajitpur,Gazir Char,14.494950501882611,0.0224312376105802,0.4033195020746893,0.005986028542024,0.0419077741970518,0.4033195020746893,0.11789200790445,Low stress,,,,,,,0.11789200790445,
BGD.3.6.2.6_1,Kishoreganj,Bajitpur,Halimpur,10.009737408796942,0.0181047684991162,0.7482269503546105,0.003652079824293,0.0338247297506663,0.7482269503546105,0.200356224931103,Low stress,,,,,,,0.200356224931103,
BGD.3.6.2.7_1,Kishoreganj,Bajitpur,Hilachia,12.734867811188144,0.017656379267381,0.9165965207631824,0.0050701427961763,0.0329870142843077,0.9165965207631824,0.2427226423087738,Low stress,,,,,,,0.2427226423087738,
BGD.3.6.2.8_1,Kishoreganj,Bajitpur,Humaipur,8.42273024894857,0.0043457216671099,1.0,0.0028262565581771,0.0081190135609181,1.0,0.2539721573695921,Low stress,,,,,,,0.2539721573695921,
BGD.3.6.2.9_1,Kishoreganj,Bajitpur,Kailag,12.883487059836096,0.0178148576107724,0.987519838407156,0.0051474790782242,0.033283095791056,0.987519838407156,0.2605880347599483,Low stress,,,,,,,0.2605880347599483,
BGD.3.6.2.10_1,Kishoreganj,Bajitpur,Maij Char,9.715895037934745,0.003236414143627,1.0,0.0034991744861395,0.0060465193893399,1.0,0.2535159515807248,Low stress,,,,,,,0.2535159515807248,
BGD.3.6.2.11_1,Kishoreganj,Bajitpur,Pirijpur,13.02374815968079,0.016032899101869,0.5219885277246659,0.0052204660706672,0.0299539029878726,0.5219885277246659,0.1430691844051888,Low stress,,,,,,,0.1430691844051888,
BGD.3.6.2.12_1,Kishoreganj,Bajitpur,Sarar Char,20.68946378703953,0.0294249774156709,0.4615384615384619,0.0092094375615748,0.0549740201899358,0.4615384615384619,0.1383092974757229,Low stress,,,,,,,0.1383092974757229,
BGD.3.6.3.1_1,Kishoreganj,Bhairab,Aganagar,20.25355221542071,0.0095502815919835,0.9910888167601056,0.0089826043582222,0.0178425752258237,0.9910888167601056,0.2576101472623536,Low stress,,,,,,,0.2576101472623536,
BGD.3.6.3.2_1,Kishoreganj,Bhairab,Bhairab Paurashava,75.86950717667351,0.0963158746319921,0.9619037839503,0.0379232107626995,0.1799447714719593,0.9619037839503,0.3186259003078406,Low stress,,,,,,,0.3186259003078406,
BGD.3.6.3.3_1,Kishoreganj,Bhairab,Gazaria,17.875225821819186,0.0154598415246422,0.9383357186669375,0.0077450061167363,0.0288832724696081,0.9383357186669375,0.2477910774777918,Low stress,,,,,,,0.2477910774777918,
BGD.3.6.3.4_1,Kishoreganj,Bhairab,Kalika Prasad,20.480958045848126,0.0158669703630713,0.7252315464496215,0.0091009384340655,0.0296439020757939,0.7252315464496215,0.1953236277125594,Low stress,,,,,,,0.1953236277125594,
BGD.3.6.3.5_1,Kishoreganj,Bhairab,Sadakpur,14.506968819907849,0.005855339106494,0.9943591672079584,0.0059922824562444,0.0109393976998565,0.9943591672079584,0.2548154939794372,Low stress,,,,,,,0.2548154939794372,
BGD.3.6.3.6_1,Kishoreganj,Bhairab,Shibpur,28.658643017782435,0.0376446455730919,0.6387035271687325,0.0133563209450274,0.0703306404128619,0.6387035271687325,0.1896341343146957,Low stress,,,,,,,0.1896341343146957,
BGD.3.6.3.7_1,Kishoreganj,Bhairab,Shimulkandi,23.006892982241062,0.0302686214746665,0.8244957709824342,0.0104153470214645,0.0565501813158113,0.8244957709824342,0.2300826450147283,Low stress,,,,,,,0.2300826450147283,
BGD.3.6.3.8_1,Kishoreganj,Bhairab,Sreenagar,17.57438172903063,0.0189754050564371,0.8623569794050326,0.0075884573262935,0.0354513203510304,0.8623569794050326,0.2310325899046362,Low stress,,,,,,,0.2310325899046362,
BGD.3.6.4.1_1,Kishoreganj,Hossainpur,Araibaria,22.48173161924236,0.0625721713925148,0.5877192982456143,0.0101420713343712,0.1169021734449411,0.5877192982456143,0.1919024138008815,Low stress,,,,,,,0.1919024138008815,
BGD.3.6.4.2_1,Kishoreganj,Hossainpur,Gobindapur,11.765731308562804,0.0279378894290067,0.8432494279176205,0.004565837905714,0.0521957273182631,0.8432494279176205,0.2309071967030828,Low stress,,,,,,,0.2309071967030828,
BGD.3.6.4.3_1,Kishoreganj,Hossainpur,Hossainpur Paurashava,26.44217756554266,0.1189703353219501,0.6056338028169014,0.0122029495013997,0.222269588302527,0.6056338028169014,0.2340839864106697,Low stress,,,,,,,0.2340839864106697,
BGD.3.6.4.4_1,Kishoreganj,Hossainpur,Jinari,11.812510336956342,0.0205206043519694,0.4753820033955864,0.0045901800832359,0.038338181267526,0.4753820033955864,0.1340999363258251,Low stress,,,,,,,0.1340999363258251,
BGD.3.6.4.5_1,Kishoreganj,Hossainpur,Pumdi,12.652949460091172,0.0348700944844543,0.0476190476190476,0.0050275153386768,0.065147009329307,0.0476190476190476,0.0367172213054901,Low stress,,,,,,,0.0367172213054901,
BGD.3.6.4.6_1,Kishoreganj,Hossainpur,Sahedal,12.087339788433026,0.0332176763042782,0.4941176470588236,0.0047331917601744,0.0620598337941836,0.4941176470588236,0.14714363029674,Low stress,,,,,,,0.14714363029674,
BGD.3.6.4.7_1,Kishoreganj,Hossainpur,Sidhla,13.972240199883084,0.0316741359193092,0.7501422879908938,0.0057140283017284,0.0591760721827957,0.7501422879908938,0.2105328085823933,Low stress,,,,,,,0.2105328085823933,
BGD.3.6.5.1_1,Kishoreganj,Itna,Badla,3.300875444520581,0.0024819924596568,0.9994390657895694,0.0001610216618402,0.0046370504099613,0.9994390657895694,0.2515471427556149,Low stress,,,,,,,0.2515471427556149,
BGD.3.6.5.2_1,Kishoreganj,Itna,Baribari,4.462813478467041,0.0023257383427136,1.0,0.0007656537558187,0.0043451243752103,1.0,0.2518270550336511,Low stress,,,,,,,0.2518270550336511,
BGD.3.6.5.3_1,Kishoreganj,Itna,Chauganga,5.794320859705018,0.0165953121063545,0.9955861667555896,0.0014585238336931,0.0310046464914922,0.9955861667555896,0.2603315774943969,Low stress,,,,,,,0.2603315774943969,
BGD.3.6.5.4_1,Kishoreganj,Itna,Dhanpur,2.9914357124178297,0.0006781039560924,1.0,0.0,0.0012668862934537,1.0,0.2504434102027088,Low stress,,,,,,,0.2504434102027088,
BGD.3.6.5.5_1,Kishoreganj,Itna,Elongjuri,4.404049520328955,0.002622583485913,0.9998933244832164,0.000735075038175,0.004899713446427,0.9998933244832164,0.2519822608423236,Low stress,,,,,,,0.2519822608423236,
BGD.3.6.5.6_1,Kishoreganj,Itna,Itna,4.912907280648515,0.0053143426086294,0.9999023758176028,0.0009998668981284,0.0099286661714628,0.9999023758176028,0.253850573873664,Low stress,,,,,,,0.253850573873664,
BGD.3.6.5.7_1,Kishoreganj,Itna,Joy Siddhi,4.325592113328851,0.0037825525315794,1.0,0.0006942485354729,0.0070668573947586,1.0,0.2527510995023547,Low stress,,,,,,,0.2527510995023547,
BGD.3.6.5.8_1,Kishoreganj,Itna,Mriga,3.70318567441627,0.0031555991108021,1.0,0.0003703698969648,0.0058955344902385,1.0,0.2522115850303694,Low stress,,,,,,,0.2522115850303694,
BGD.3.6.5.9_1,Kishoreganj,Itna,Raituti,4.295755925165219,0.0071351846029009,0.994093304140702,0.0006787228220539,0.0133305041114455,0.994093304140702,0.253460491603003,Low stress,,,,,,,0.253460491603003,
BGD.3.6.6.1_1,Kishoreganj,Karimganj,Baragharia,14.522059649014942,0.0245583942566107,0.9283519327187452,0.0060001351982464,0.0458818928770463,0.9283519327187452,0.2505466997659511,Low stress,,,,,,,0.2505466997659511,
BGD.3.6.6.2_1,Kishoreganj,Karimganj,Dehunda,12.508996585232753,0.0146042565351356,0.5735129068462401,0.004952607275065,0.0272848023731691,0.5735129068462401,0.1549089504521952,Low stress,,,,,,,0.1549089504521952,
BGD.3.6.6.3_1,Kishoreganj,Karimganj,Gujadia,11.163156208777895,0.0129535554884392,0.5461970393057688,0.0042522788055571,0.0242008349197122,0.5461970393057688,0.1467204635705643,Low stress,,,,,,,0.1467204635705643,
BGD.3.6.6.4_1,Kishoreganj,Karimganj,Gundhar,11.306675957376507,0.0149622614136469,0.9901627706505752,0.0043269614853449,0.0279536547954277,0.9901627706505752,0.2590552564351815,Low stress,,,,,,,0.2590552564351815,
BGD.3.6.6.5_1,Kishoreganj,Karimganj,Jafarabad,19.10025505843022,0.0214264486848891,0.4734299516908216,0.0083824686757347,0.0400305497592125,0.4734299516908216,0.1357211678087236,Low stress,,,,,,,0.1357211678087236,
BGD.3.6.6.6_1,Kishoreganj,Karimganj,Joyka,9.723352060217785,0.0156607202911479,0.9643498976052156,0.0035030548608808,0.029258569728451,0.9643498976052156,0.2527291957506141,Low stress,,,,,,,0.2527291957506141,
BGD.3.6.6.7_1,Kishoreganj,Karimganj,Kadir Jangal,13.76667246430286,0.0138780363439653,0.6241098677517805,0.0056070580100372,0.0259280216053282,0.6241098677517805,0.1673450977038249,Low stress,,,,,,,0.1673450977038249,
BGD.3.6.6.8_1,Kishoreganj,Karimganj,Karimganj Paurashava,18.7101054751638,0.0489815788568085,0.6014109347442682,0.0081794484176801,0.0915111766092661,0.6014109347442682,0.1856534248663822,Low stress,,,,,,,0.1856534248663822,
BGD.3.6.6.9_1,Kishoreganj,Karimganj,Kiratan,15.030115449479206,0.0131248894992061,0.5380622837370244,0.0062645097462154,0.0245209343792314,0.5380622837370244,0.1456037018654733,Low stress,,,,,,,0.1456037018654733,
BGD.3.6.6.10_1,Kishoreganj,Karimganj,Niamatpur,14.428557457147091,0.0293364785823214,0.9126996678791716,0.0059514799133612,0.0548086798199973,0.9126996678791716,0.2497385468721364,Low stress,,,,,,,0.2497385468721364,
BGD.3.6.6.11_1,Kishoreganj,Karimganj,Noabad,14.354640993637233,0.022761821521912,0.7896341463414638,0.0059130163595349,0.0425253966461464,0.7896341463414638,0.2146576319553312,Low stress,,,,,,,0.2146576319553312,
BGD.3.6.6.12_1,Kishoreganj,Karimganj,Sutar Para,11.070346276092792,0.0062457602683707,0.998182758572487,0.004203983748246,0.0116688127315961,0.998182758572487,0.2553113675984788,Low stress,,,,,,,0.2553113675984788,
BGD.3.6.7.1_1,Kishoreganj,Katiadi,Achmita,13.869673167365365,0.0299891771722059,0.4482758620689658,0.0056606559894083,0.0560281018420221,0.4482758620689658,0.1339430635577125,Low stress,,,,,,,0.1339430635577125,
BGD.3.6.7.2_1,Kishoreganj,Katiadi,Banagram,11.726777164623783,0.0270325310222572,0.608862144420132,0.0045455675255982,0.0505042666714567,0.608862144420132,0.1717102564502821,Low stress,,,,,,,0.1717102564502821,
BGD.3.6.7.3_1,Kishoreganj,Katiadi,Chandpur,9.588003731135895,0.0201450077298546,0.4493219949436915,0.0034326243032792,0.0376364625883329,0.4493219949436915,0.1268763103631511,Low stress,,,,,,,0.1268763103631511,
BGD.3.6.7.4_1,Kishoreganj,Katiadi,Jalalpur,14.813192133981923,0.0124176239989546,0.7537993920972651,0.0061516304061388,0.0231995662319864,0.7537993920972651,0.199030348367967,Low stress,,,,,,,0.199030348367967,
BGD.3.6.7.5_1,Kishoreganj,Katiadi,Kargaon,9.942852218017126,0.0169307269477334,0.9412567477406444,0.0036172750999653,0.0316312944579966,0.9412567477406444,0.2478320500354461,Low stress,,,,,,,0.2478320500354461,
BGD.3.6.7.6_1,Kishoreganj,Katiadi,Katiadi,14.841930025193149,0.0143144099178876,0.6639344262295084,0.0061665846040666,0.0267432884897943,0.6639344262295084,0.1778103913704318,Low stress,,,,,,,0.1778103913704318,
BGD.3.6.7.7_1,Kishoreganj,Katiadi,Katiadi Paurashava,23.16288270347442,0.0439371781129571,0.5308641975308648,0.0104965186408047,0.082086836722061,0.5308641975308648,0.1656450496917594,Low stress,,,,,,,0.1656450496917594,
BGD.3.6.7.8_1,Kishoreganj,Katiadi,Lohajuri,10.505729494841267,0.0130364145168342,0.6406533575317609,0.0039101768353386,0.0243556385695352,0.6406533575317609,0.170251883616413,Low stress,,,,,,,0.170251883616413,
BGD.3.6.7.9_1,Kishoreganj,Katiadi,Masua,13.278591275554708,0.0205978436309639,0.7642679900744426,0.0053530775544857,0.0384824856665717,0.7642679900744426,0.206677098523705,Low stress,,,,,,,0.206677098523705,
BGD.3.6.7.10_1,Kishoreganj,Katiadi,Mumurdia,10.36190910901736,0.0172551812424201,0.4348142753095419,0.003835337714407,0.0322374650828658,0.4348142753095419,0.1215208166921513,Low stress,,,,,,,0.1215208166921513,
BGD.3.6.7.11_1,Kishoreganj,Katiadi,Shahasram Dhuldia,10.385487073941524,0.0212518857263931,0.8506493506493504,0.0038476068663647,0.0397044177296374,0.8506493506493504,0.2280979266142566,Low stress,,,,,,,0.2280979266142566,
BGD.3.6.8.1_1,Kishoreganj,Kishoreganj Sadar,Baulai,14.752138427232254,0.0214892184930955,0.6605504587155969,0.0061198601830471,0.0401478211730494,0.6605504587155969,0.1816372961626854,Low stress,,,,,,,0.1816372961626854,
BGD.3.6.8.2_1,Kishoreganj,Kishoreganj Sadar,Binnati,13.534697662711077,0.0258224547867769,0.0652173913043478,0.0054863464006923,0.0482435085930078,0.0652173913043478,0.0353841143939166,Low stress,,,,,,,0.0353841143939166,
BGD.3.6.8.3_1,Kishoreganj,Kishoreganj Sadar,Chauddasata,18.466760599580468,0.0394601072408697,0.83987915407855,0.008052820217738,0.0737224264104722,0.83987915407855,0.238993765850398,Low stress,,,,,,,0.238993765850398,
BGD.3.6.8.4_1,Kishoreganj,Kishoreganj Sadar,Dana Patali,10.603135848433928,0.0215147181150623,0.9349904397705548,0.0039608637100418,0.0401954615403821,0.9349904397705548,0.2494003669657892,Low stress,,,,,,,0.2494003669657892,
BGD.3.6.8.5_1,Kishoreganj,Kishoreganj Sadar,Jasodal,23.78246156296176,0.0442680685312637,0.6238095238095241,0.0108189259054368,0.0827050318112085,0.6238095238095241,0.1892267124484787,Low stress,,,,,,,0.1892267124484787,
BGD.3.6.8.6_1,Kishoreganj,Kishoreganj Sadar,Kishoreganj Paurashava,57.56605483180825,0.1579875514144212,0.4741784037558691,0.0283987314918698,0.2951645711914609,0.4741784037558691,0.2332116934527265,Low stress,,,,,,,0.2332116934527265,
BGD.3.6.8.7_1,Kishoreganj,Kishoreganj Sadar,Korsha Kariail,10.574839279399676,0.021864556876611,0.6597671410090565,0.0039461391608079,0.0408490573909046,0.6597671410090565,0.1808174110034039,Low stress,,,,,,,0.1808174110034039,
BGD.3.6.8.8_1,Kishoreganj,Kishoreganj Sadar,Latibabad,21.369121378855112,0.047724251930981,0.5694915254237289,0.0095631077065584,0.0891621411340857,0.5694915254237289,0.1774048738354856,Low stress,,,,,,,0.1774048738354856,
BGD.3.6.8.9_1,Kishoreganj,Kishoreganj Sadar,Mahinanda,21.596696709981533,0.0364702947018525,0.6550000000000002,0.0096815299846635,0.0681366272248959,0.6550000000000002,0.191470431522579,Low stress,,,,,,,0.191470431522579,
BGD.3.6.8.10_1,Kishoreganj,Kishoreganj Sadar,Maij Khapan,12.339064259114217,0.0226131885770336,0.5886200130804453,0.0048641804096265,0.0422477090748967,0.5886200130804453,0.1638873736101758,Low stress,,,,,,,0.1638873736101758,
BGD.3.6.8.11_1,Kishoreganj,Kishoreganj Sadar,Maria,22.15221816858869,0.0525046866378312,0.491749174917492,0.0099706040083675,0.0980933192409921,0.491749174917492,0.1612581970670672,Low stress,,,,,,,0.1612581970670672,
BGD.3.6.8.12_1,Kishoreganj,Kishoreganj Sadar,Rashidabad,13.475321577829687,0.0231369000695571,0.8053195419283342,0.0054554491536058,0.0432261474185182,0.8053195419283342,0.2186412167400072,Low stress,,,,,,,0.2186412167400072,
BGD.3.6.9.1_1,Kishoreganj,Kuliar Char,Chhaysuti,14.912842642557072,0.0186336153837862,0.5787615426398703,0.006203485060953,0.0348127624313558,0.5787615426398703,0.1593562465353233,Low stress,,,,,,,0.1593562465353233,
BGD.3.6.9.2_1,Kishoreganj,Kuliar Char,Faridpur,13.853534659791732,0.0179486410187103,0.6496519721577726,0.0056522580720127,0.0335330403080954,0.6496519721577726,0.1764104603760816,Low stress,,,,,,,0.1764104603760816,
BGD.3.6.9.3_1,Kishoreganj,Kuliar Char,Gobaria Abdullahpur,11.254978196506784,0.0107316960198201,0.1694915254237291,0.0043000597707134,0.0200497850969172,0.1694915254237291,0.0511103300481387,Low stress,,,,,,,0.0511103300481387,
BGD.3.6.9.4_1,Kishoreganj,Kuliar Char,Kuliar Char Paurashava,29.767636034017524,0.0405369102330514,0.6670448099829841,0.0139334022953437,0.0757341931009456,0.6670448099829841,0.1988415309992145,Low stress,,,,,,,0.1988415309992145,
BGD.3.6.9.5_1,Kishoreganj,Kuliar Char,Osmanpur,19.86065069333744,0.0256165900817568,0.8602352139083007,0.0087781520870303,0.0478588962179395,0.8602352139083007,0.2353206779881661,Low stress,,,,,,,0.2353206779881661,
BGD.3.6.9.6_1,Kishoreganj,Kuliar Char,Ramdi,16.376213594396607,0.0127054622284141,0.0160734787600459,0.0069649723494557,0.0237373278898531,0.0160734787600459,0.0151124233912423,Low stress,,,,,,,0.0151124233912423,
BGD.3.6.9.7_1,Kishoreganj,Kuliar Char,Salua,13.849204578156195,0.0128692822952752,0.5259336099585064,0.0056500048483037,0.0240433892178167,0.5259336099585064,0.1421585906551839,Low stress,,,,,,,0.1421585906551839,
BGD.3.6.10.1_1,Kishoreganj,Mithamain,Bairati,4.564676827566089,0.0031219535451958,0.999283325370282,0.0008186598957901,0.0058326752405333,0.999283325370282,0.2521897316350732,Low stress,,,,,,,0.2521897316350732,
BGD.3.6.10.2_1,Kishoreganj,Mithamain,Dhaki,5.398681566724106,0.0026990223229873,1.0,0.0012526469218558,0.0050425223979261,1.0,0.2522659416080165,Low stress,,,,,,,0.2522659416080165,
BGD.3.6.10.3_1,Kishoreganj,Mithamain,Ghagra,5.643126924337824,0.0080018838569531,0.9998732552797096,0.0013798477743275,0.0149497387371106,0.9998732552797096,0.2557526614876472,Low stress,,,,,,,0.2557526614876472,
BGD.3.6.10.4_1,Kishoreganj,Mithamain,Gopedighi,5.46885214621046,0.0021593311436249,1.0,0.0012891612480686,0.0040342295665849,1.0,0.2519276448475321,Low stress,,,,,,,0.2519276448475321,
BGD.3.6.10.5_1,Kishoreganj,Mithamain,Keorjori,4.777147650598579,0.0023171965317919,1.0,0.0009292223138246,0.0043291659029425,1.0,0.2518868969915597,Low stress,,,,,,,0.2518868969915597,
BGD.3.6.10.6_1,Kishoreganj,Mithamain,Khatkhal,5.264793798108669,0.0042407427422284,0.999433677321923,0.0011829763890641,0.0079228838084827,0.999433677321923,0.2531046192190753,Low stress,,,,,,,0.2531046192190753,
BGD.3.6.10.7_1,Kishoreganj,Mithamain,Mithamain,7.470774095147164,0.0046909710752551,0.9996658755213492,0.00233089172302,0.0087640352262135,0.9996658755213492,0.2539162378987201,Low stress,,,,,,,0.2539162378987201,
BGD.3.6.11.1_1,Kishoreganj,Nikli,Chhatir Char,9.9696672077267,0.0090772297800603,1.0,0.0036312286869075,0.0169587832183674,1.0,0.2573880656011916,Low stress,,,,,,,0.2573880656011916,
BGD.3.6.11.2_1,Kishoreganj,Nikli,Dampara,7.217192229670057,0.0119864275370572,0.9982361411087112,0.0021989365499909,0.0223939716288941,0.9982361411087112,0.2582764999672871,Low stress,,,,,,,0.2582764999672871,
BGD.3.6.11.3_1,Kishoreganj,Nikli,Gurai,5.790198750679649,0.0054579268111771,0.9987462417684076,0.0014563788316889,0.0101969212915367,0.9987462417684076,0.2538380344268153,Low stress,,,,,,,0.2538380344268153,
BGD.3.6.11.4_1,Kishoreganj,Nikli,Jaraitala,8.797213323388167,0.0233680067440562,0.9405270847989612,0.0030211245105488,0.0436579187946001,0.9405270847989612,0.2516204925820698,Low stress,,,,,,,0.2516204925820698,
BGD.3.6.11.5_1,Kishoreganj,Nikli,Karpasha,7.030730448135782,0.011154834187183,0.9990644587894096,0.0021019083315126,0.0208403245704786,0.9990644587894096,0.257900991629625,Low stress,,,,,,,0.257900991629625,
BGD.3.6.11.6_1,Kishoreganj,Nikli,Nikli,10.902997652700444,0.0132209218782646,0.9984956452889948,0.0041169013517412,0.0247003495023315,0.9984956452889948,0.2599157941887612,Low stress,,,,,,,0.2599157941887612,
BGD.3.6.11.7_1,Kishoreganj,Nikli,Singpur,6.005480513908393,0.0039130204182184,0.9997590630996532,0.0015684039651242,0.0073106075982986,0.9997590630996532,0.2531258400203675,Low stress,,,,,,,0.2531258400203675,
BGD.3.6.12.1_1,Kishoreganj,Pakundia,Barudia,11.031748050262957,0.0278932278930821,0.6489626556016602,0.0041838985755212,0.0521122871802148,0.6489626556016602,0.1821535238436987,Low stress,,,,,,,0.1821535238436987,
BGD.3.6.12.2_1,Kishoreganj,Pakundia,Chandi Pasha,13.000340102306184,0.0290153286522641,0.0,0.0052082853326821,0.0542086826648741,0.0,0.0210563530657788,Low stress,,,,,,,0.0210563530657788,
BGD.3.6.12.3_1,Kishoreganj,Pakundia,Char Faradi,13.283058156314304,0.0256343480734275,0.8613428684942396,0.0053554019636954,0.0478920730723801,0.8613428684942396,0.2342401034843711,Low stress,,,,,,,0.2342401034843711,
BGD.3.6.12.4_1,Kishoreganj,Pakundia,Egarasindur,12.265929425364774,0.0209141768584401,0.8842729970326413,0.0048261235887111,0.0390734838851383,0.8842729970326413,0.2366744180534432,Low stress,,,,,,,0.2366744180534432,
BGD.3.6.12.5_1,Kishoreganj,Pakundia,Hosendi,13.136553192187398,0.0318652566016975,0.7775510204081636,0.0052791658816925,0.0595331386336516,0.7775510204081636,0.217336019976496,Low stress,,,,,,,0.217336019976496,
BGD.3.6.12.6_1,Kishoreganj,Pakundia,Jangalia,11.9818697647087,0.032207937065935,0.7902783222265782,0.0046783088323131,0.0601733607991122,0.7902783222265782,0.2205015803692591,Low stress,,,,,,,0.2205015803692591,
BGD.3.6.12.7_1,Kishoreganj,Pakundia,Narandi,12.39505463629734,0.0253536029216674,0.0,0.0048933158523178,0.0473675632512488,0.0,0.0185359734788642,Low stress,,,,,,,0.0185359734788642,
BGD.3.6.12.8_1,Kishoreganj,Pakundia,Pakundia,16.802699467734623,0.0371118831720156,0.1392405063291139,0.0071869007476275,0.069335292461376,0.1392405063291139,0.0619522392428111,Low stress,,,,,,,0.0619522392428111,
BGD.3.6.12.9_1,Kishoreganj,Pakundia,Pakundia Paurashava,25.79968884019163,0.0846881668835393,0.0,0.0118686207402977,0.158220987915691,0.0,0.0601247940666109,Low stress,,,,,,,0.0601247940666109,
BGD.3.6.12.10_1,Kishoreganj,Pakundia,Patuabhanga,11.621195722035234,0.0242283659592337,0.6839959225280331,0.0044906266192396,0.0452653084689445,0.6839959225280331,0.1886380892438347,Low stress,,,,,,,0.1886380892438347,
BGD.3.6.12.11_1,Kishoreganj,Pakundia,Sukhia,10.82213510121132,0.0321048730191462,0.2808988764044944,0.0040748232955946,0.0599808085701339,0.2808988764044944,0.0928479314189083,Low stress,,,,,,,0.0928479314189083,
BGD.3.6.13.1_1,Kishoreganj,Tarail,Damiha,8.178087998763989,0.0107006242560734,0.983474813060486,0.0026989532496673,0.0199917344230486,0.983474813060486,0.2539453916130554,Low stress,,,,,,,0.2539453916130554,
BGD.3.6.13.2_1,Kishoreganj,Tarail,Dhala,8.633575078709985,0.0195090728034628,0.940791563433072,0.0029359728659308,0.0364483597398893,0.940791563433072,0.2491292059136016,Low stress,,,,,,,0.2491292059136016,
BGD.3.6.13.3_1,Kishoreganj,Tarail,Digdair,9.324582785184424,0.0136971655683423,0.9022372491187672,0.0032955492153699,0.0255901048235953,0.9022372491187672,0.2358340686540981,Low stress,,,,,,,0.2358340686540981,
BGD.3.6.13.4_1,Kishoreganj,Tarail,Jawar,9.262026086550888,0.0209463440497421,0.918363351605324,0.0032629968876363,0.0391335811215476,0.918363351605324,0.2445927900489272,Low stress,,,,,,,0.2445927900489272,
BGD.3.6.13.5_1,Kishoreganj,Tarail,Rauti,8.754003561176509,0.0185463911530236,0.8866282960781694,0.0029986396548654,0.0346498033726195,0.8866282960781694,0.2349839610619053,Low stress,,,,,,,0.2349839610619053,
BGD.3.6.13.6_1,Kishoreganj,Tarail,Talganga,10.473925717404638,0.0175780602432809,0.2041312272174973,0.0038936272569737,0.0328406926218876,0.2041312272174973,0.0640845001248245,Low stress,,,,,,,0.0640845001248245,
BGD.3.6.13.7_1,Kishoreganj,Tarail,Tarail Sachail,11.92465946856328,0.0301277830429394,0.7494501466275664,0.0046485385862716,0.0562870560572967,0.7494501466275664,0.2089224217114541,Low stress,,,,,,,0.2089224217114541,
BGD.3.7.1.1_1,Madaripur,Kalkini,Alinagar,8.074913394712768,0.0108711886055297,0.9314812996956832,0.002645264778277,0.0203103959417385,0.9314812996956832,0.2410370694148401,Low stress,,,,,,,0.2410370694148401,
BGD.3.7.1.2_1,Madaripur,Kalkini,Baligram,8.623205056633367,0.0161395017051226,0.0616600790513835,0.0029305766675281,0.0301530662219094,0.0616600790513835,0.0271408236075254,Low stress,,,,,,,0.0271408236075254,
BGD.3.7.1.3_1,Madaripur,Kalkini,Banshgari,7.650957833649038,0.0122109408481586,0.965200482767866,0.0024246530665068,0.022813424773175,0.965200482767866,0.2502546805891805,Low stress,,,,,,,0.2502546805891805,
BGD.3.7.1.4_1,Madaripur,Kalkini,Char Daulat Khan,6.883201902580685,0.0112317296418948,0.9403642185311188,0.0020251396133757,0.0209839866103886,0.9403642185311188,0.243245505791766,Low stress,,,,,,,0.243245505791766,
BGD.3.7.1.5_1,Madaripur,Kalkini,Dasar,7.446598931891269,0.0123446651122769,0.0034246575342465,0.002318311809845,0.0230632587931532,0.0034246575342465,0.0098556296851032,Low stress,,,,,,,0.0098556296851032,
BGD.3.7.1.6_1,Madaripur,Kalkini,Enayetnagar,7.044396611184702,0.0151116255511283,0.8907197469021887,0.0021090197269051,0.0282327084372899,0.8907197469021887,0.2334049925693607,Low stress,,,,,,,0.2334049925693607,
BGD.3.7.1.7_1,Madaripur,Kalkini,Gopalpur,10.839416143267307,0.0325400144695039,0.0041322314049586,0.0040838157481516,0.0607937735059949,0.0041322314049586,0.0239444048775985,Low stress,,,,,,,0.0239444048775985,
BGD.3.7.1.8_1,Madaripur,Kalkini,Kalkini Paurashava,10.374413369031553,0.032995215637252,0.3914656771799636,0.0038418444959179,0.0616442155584309,0.3914656771799636,0.1209786325388089,Low stress,,,,,,,0.1209786325388089,
BGD.3.7.1.9_1,Madaripur,Kalkini,Kayaria,6.291837933653396,0.00948796566077,0.9323499491353004,0.0017174143953436,0.0177261517801132,0.9323499491353004,0.2399786061650022,Low stress,,,,,,,0.2399786061650022,
BGD.3.7.1.10_1,Madaripur,Kalkini,Kazibakai,9.494452031345348,0.0188420825515947,0.0777777777777779,0.0033839432561949,0.0352022369288261,0.0777777777777779,0.0331188046720116,Low stress,,,,,,,0.0331188046720116,
BGD.3.7.1.11_1,Madaripur,Kalkini,Lakshmipur,7.402651661679649,0.0154101994975302,0.675387596899225,0.0022954431806786,0.0287905273924523,0.675387596899225,0.179841761084436,Low stress,,,,,,,0.179841761084436,
BGD.3.7.1.12_1,Madaripur,Kalkini,Nabagram,6.230058205498212,0.0054918597158054,0.003084304318026,0.0016852663759927,0.0102603173702418,0.003084304318026,0.0050362937094882,Low stress,,,,,,,0.0050362937094882,
BGD.3.7.1.13_1,Madaripur,Kalkini,Ramjanpur,7.516152765324149,0.0187040183737994,0.4642857142857153,0.0023545052028868,0.0349442947462237,0.4642857142857153,0.1292437338137618,Low stress,,,,,,,0.1292437338137618,
BGD.3.7.1.14_1,Madaripur,Kalkini,Sahebrampur,7.008610142706593,0.0167091940375942,0.9272903538536114,0.0020903976948002,0.031217409529465,0.9272903538536114,0.2435848408766357,Low stress,,,,,,,0.2435848408766357,
BGD.3.7.1.15_1,Madaripur,Kalkini,Shikar Mangal,7.324715895538614,0.0180170517650975,0.7025019546520728,0.0022548881217159,0.0336608505592291,0.7025019546520728,0.1883087416074347,Low stress,,,,,,,0.1883087416074347,
BGD.3.7.2.1_1,Madaripur,Madaripur Sadar,Bahadurpur,6.902984188578467,0.0221948149376217,0.509838998211092,0.0020354336261863,0.0414660710612098,0.509838998211092,0.142787047874671,Low stress,,,,,,,0.142787047874671,
BGD.3.7.2.2_1,Madaripur,Madaripur Sadar,Chilar Char,8.169322285317216,0.0110109368797141,0.8432961837217159,0.0026943918776133,0.0205714844835577,0.8432961837217159,0.2191018222507195,Low stress,,,,,,,0.2191018222507195,
BGD.3.7.2.3_1,Madaripur,Madaripur Sadar,Dhurail,8.206385711501348,0.0164033151559064,0.9220700765203368,0.0027136783940445,0.0306459429288271,0.9220700765203368,0.2423290705127915,Low stress,,,,,,,0.2423290705127915,
BGD.3.7.2.4_1,Madaripur,Madaripur Sadar,Dudkhali,7.636114458011138,0.0222564680614589,0.5785302593659948,0.0024169290906738,0.0415812561988811,0.5785302593659948,0.1601527761473766,Low stress,,,,,,,0.1601527761473766,
BGD.3.7.2.5_1,Madaripur,Madaripur Sadar,Ghatmajhi,11.186032606106178,0.0234091632036486,0.0857142857142859,0.0042641828861666,0.043734810477765,0.0857142857142859,0.0384414282502558,Low stress,,,,,,,0.0384414282502558,
BGD.3.7.2.6_1,Madaripur,Madaripur Sadar,Jhaudi,9.323201274577974,0.0159690624571305,0.5815937556725371,0.0032948303253547,0.0298346384274573,0.5815937556725371,0.1571584944978862,Low stress,,,,,,,0.1571584944978862,
BGD.3.7.2.7_1,Madaripur,Madaripur Sadar,Kalikapur,7.745384308030734,0.0128877381361134,0.8460882281257613,0.0024737893158285,0.0240778698480829,0.8460882281257613,0.2209388272046008,Low stress,,,,,,,0.2209388272046008,
BGD.3.7.2.8_1,Madaripur,Madaripur Sadar,Kendua,7.524043804746925,0.0165980675888572,0.151174668028601,0.002358611425035,0.0310097944971677,0.151174668028601,0.0495905396511729,Low stress,,,,,,,0.0495905396511729,
BGD.3.7.2.9_1,Madaripur,Madaripur Sadar,Khoajpur,10.024350530242366,0.0096495251328018,0.8872780583156867,0.0036596839838618,0.0180279896898552,0.8872780583156867,0.2295931845639157,Low stress,,,,,,,0.2295931845639157,
BGD.3.7.2.10_1,Madaripur,Madaripur Sadar,Kunia,7.062041982971361,0.023576485624798,0.0,0.0021182017639679,0.0440474151750789,0.0,0.0162638760168648,Low stress,,,,,,,0.0162638760168648,
BGD.3.7.2.11_1,Madaripur,Madaripur Sadar,Madaripur Paurashava,34.22334388113701,0.1216490856125585,0.7958515283842799,0.0162519975104518,0.2272742369205842,0.7958515283842799,0.2850096640224552,Low stress,,,,,,,0.2850096640224552,
BGD.3.7.2.12_1,Madaripur,Madaripur Sadar,Mustafapur,9.087129741665391,0.0165313365789411,0.1425287356321842,0.0031719869196794,0.0308851224597146,0.1425287356321842,0.0477107715368179,Low stress,,,,,,,0.0477107715368179,
BGD.3.7.2.13_1,Madaripur,Madaripur Sadar,Panchkhola,13.527746623830264,0.0155377139525774,0.8974152856789492,0.0054827293220952,0.0290287597665081,0.8974152856789492,0.2367069790668532,Low stress,,,,,,,0.2367069790668532,
BGD.3.7.2.14_1,Madaripur,Madaripur Sadar,Pearpur,9.843237113228325,0.0106986765072247,0.4802631578947375,0.0035654388680488,0.0199880954879011,0.4802631578947375,0.1284877984416693,Low stress,,,,,,,0.1284877984416693,
BGD.3.7.2.15_1,Madaripur,Madaripur Sadar,Rasti,17.315626944361803,0.0241608411407392,0.7423312883435589,0.0074538103462391,0.0451391533768674,0.7423312883435589,0.204363049906289,Low stress,,,,,,,0.204363049906289,
BGD.3.7.2.16_1,Madaripur,Madaripur Sadar,Sirkhara,7.398764696762591,0.0188895789047474,0.9021794221996962,0.0022934205394806,0.0352909732918241,0.9021794221996962,0.2388140644178547,Low stress,,,,,,,0.2388140644178547,
BGD.3.7.3.1_1,Madaripur,Rajoir,Amgram,6.101370842973409,0.0122629019532159,0.1132610508757301,0.0016183019534514,0.0229105025312361,0.1132610508757301,0.0369812593862457,Low stress,,,,,,,0.0369812593862457,
BGD.3.7.3.2_1,Madaripur,Rajoir,Badar Pasha,10.73309544368337,0.0167743737854748,0.4755639097744369,0.0040284901581936,0.0313391833791216,0.4755639097744369,0.1314710876895792,Low stress,,,,,,,0.1314710876895792,
BGD.3.7.3.3_1,Madaripur,Rajoir,Bajitpur,7.280907175756304,0.0146225484603656,0.3752563226247443,0.0022320915893686,0.0273189767636097,0.3752563226247443,0.1042685591591969,Low stress,,,,,,,0.1042685591591969,
BGD.3.7.3.4_1,Madaripur,Rajoir,Haridasdi Mahendradi,7.6964981270794866,0.0177534183082271,0.5776397515527957,0.0024483506494869,0.0331683101308712,0.5776397515527957,0.1569981866937986,Low stress,,,,,,,0.1569981866937986,
BGD.3.7.3.5_1,Madaripur,Rajoir,Hossainpur,11.655474317497044,0.0302489486963835,0.5586642599277984,0.0045084640067312,0.0565134271088243,0.5586642599277984,0.1612491500727306,Low stress,,,,,,,0.1612491500727306,
BGD.3.7.3.6_1,Madaripur,Rajoir,Isibpur,7.928510481506186,0.0126173811455067,0.4926674593737621,0.0025690818000195,0.0235727679936228,0.4926674593737621,0.1324449663612163,Low stress,,,,,,,0.1324449663612163,
BGD.3.7.3.7_1,Madaripur,Rajoir,Kabirajpur,8.212839774864571,0.0205541137229987,0.724440544098289,0.0027170368638871,0.0384007860679816,0.724440544098289,0.1956372258939206,Low stress,,,,,,,0.1956372258939206,
BGD.3.7.3.8_1,Madaripur,Rajoir,Kadambari,5.799219492957819,0.0122242801064224,0.0408163265306123,0.0014610729118666,0.0228383462078716,0.0408163265306123,0.0187819319701548,Low stress,,,,,,,0.0187819319701548,
BGD.3.7.3.9_1,Madaripur,Rajoir,Khalia,14.90360371189722,0.0346765986636784,0.1900070372976781,0.0061986774431388,0.0647855054610887,0.1900070372976781,0.0726561572130561,Low stress,,,,,,,0.0726561572130561,
BGD.3.7.3.10_1,Madaripur,Rajoir,Paik Para,7.603932815316747,0.0214898917812225,0.0021786492374727,0.0024001828843861,0.0401490790620383,0.0021786492374727,0.015556913134836,Low stress,,,,,,,0.015556913134836,
BGD.3.7.3.11_1,Madaripur,Rajoir,Rajoir,9.11619749834937,0.0204223939979538,0.0424929178470255,0.0031871127681134,0.0381546970830441,0.0424929178470255,0.0252522185480671,Low stress,,,,,,,0.0252522185480671,
BGD.3.7.4.1_1,Madaripur,Shib Char,Bandarkhola,7.5721330105878195,0.0311502499797751,0.7932924862947429,0.00238363537328,0.0581973079237675,0.7932924862947429,0.2196456334963163,Low stress,,,,,,,0.2196456334963163,
BGD.3.7.4.2_1,Madaripur,Shib Char,Banshkandi,9.080007119708949,0.0209549959957752,0.7092597804672113,0.0031682805552242,0.0391497453567546,0.7092597804672113,0.1922846682137566,Low stress,,,,,,,0.1922846682137566,
BGD.3.7.4.3_1,Madaripur,Shib Char,Bayratala Dakshin,8.89114046579001,0.0172328767463829,0.7616899097621008,0.003070000924895,0.0321957940970854,0.7616899097621008,0.2029190057444631,Low stress,,,,,,,0.2029190057444631,
BGD.3.7.4.4_1,Madaripur,Shib Char,Bayratala Uttar,9.210070834508958,0.0304089817773555,0.5494238932686484,0.0032359611835647,0.0568124132966515,0.5494238932686484,0.158534702444416,Low stress,,,,,,,0.158534702444416,
BGD.3.7.4.5_1,Madaripur,Shib Char,Bhadrasan,9.39227832056788,0.0107797531038043,0.0,0.003330775614813,0.020139569060653,0.0,0.0083811594171537,Low stress,,,,,,,0.0083811594171537,
BGD.3.7.4.6_1,Madaripur,Shib Char,Bhandarikandi,8.324880468951125,0.009266021404368,0.5923404255319152,0.002775338939813,0.0173114983426569,0.5923404255319152,0.1552542663788339,Low stress,,,,,,,0.1552542663788339,
BGD.3.7.4.7_1,Madaripur,Shib Char,Char Janajat,7.82031489307979,0.0103210343040979,0.993912577466918,0.0025127805831919,0.0192825550959411,0.993912577466918,0.2562321508835857,Low stress,,,,,,,0.2562321508835857,
BGD.3.7.4.8_1,Madaripur,Shib Char,Datta Para,10.299917635773005,0.0209370074527398,0.9054785621481156,0.0038030795102847,0.0391161377684106,0.9054785621481156,0.2415815205600865,Low stress,,,,,,,0.2415815205600865,
BGD.3.7.4.9_1,Madaripur,Shib Char,Ditiyakhanda,9.153850028925978,0.0267598869042276,0.4976816074188568,0.0032067058339577,0.0499948918285301,0.4976816074188568,0.1432012963282828,Low stress,,,,,,,0.1432012963282828,
BGD.3.7.4.10_1,Madaripur,Shib Char,Kadirpur,6.465477948082045,0.0114107963589076,0.2355588897224312,0.0018077706126764,0.0213185329101986,0.2355588897224312,0.0670743171942479,Low stress,,,,,,,0.0670743171942479,
BGD.3.7.4.11_1,Madaripur,Shib Char,Kanthalbari,13.624748893132168,0.0185044798271475,0.9966521011326352,0.0055332059254038,0.0345715013898396,0.9966521011326352,0.2634763331397642,Low stress,,,,,,,0.2634763331397642,
BGD.3.7.4.12_1,Madaripur,Shib Char,Kutubpur,8.819564605886873,0.0272608528904163,0.6184210526315796,0.0030327553396855,0.0509308352568007,0.6184210526315796,0.1736441576336493,Low stress,,,,,,,0.1736441576336493,
BGD.3.7.4.13_1,Madaripur,Shib Char,Matbarer Char,19.733013973614955,0.050957071238406,0.9281955222549187,0.0087117343824198,0.0952019443722064,0.9281955222549187,0.2688542548469699,Low stress,,,,,,,0.2688542548469699,
BGD.3.7.4.14_1,Madaripur,Shib Char,Nilakhi,8.51830887260642,0.0249449529457264,0.6930572472594397,0.0028759923458641,0.046604091738233,0.6930572472594397,0.1907261408615871,Low stress,,,,,,,0.1907261408615871,
BGD.3.7.4.15_1,Madaripur,Shib Char,Panch Char,12.815867013552642,0.0355690861009566,0.7627802690582968,0.0051122919606802,0.0664529195665645,0.7627802690582968,0.2159985058971439,Low stress,,,,,,,0.2159985058971439,
BGD.3.7.4.16_1,Madaripur,Shib Char,Sannyasir Char,10.212106306288089,0.026848799467252,0.8321616871704747,0.0037573855520267,0.0501610051602684,0.8321616871704747,0.2270997278195233,Low stress,,,,,,,0.2270997278195233,
BGD.3.7.4.17_1,Madaripur,Shib Char,Shib Char Paurashava,13.666012168260265,0.0749827846958353,0.2822299651567945,0.0055546778969859,0.1400886417527426,0.2822299651567945,0.1218103870614529,Low stress,,,,,,,0.1218103870614529,
BGD.3.7.4.18_1,Madaripur,Shib Char,Shibchar,8.88072640264565,0.0179080599114568,0.4375553587245354,0.0030645818090542,0.0334572235427002,0.4375553587245354,0.1223247006447006,Low stress,,,,,,,0.1223247006447006,
BGD.3.7.4.19_1,Madaripur,Shib Char,Siruail,8.60106484427025,0.0193636499927922,0.9501061571125268,0.0029190556719404,0.0361766695898189,0.9501061571125268,0.2513559959033445,Low stress,,,,,,,0.2513559959033445,
BGD.3.7.4.20_1,Madaripur,Shib Char,Umedpur,9.163325619733914,0.0206846638054363,0.0626262626262627,0.0032116366014724,0.0386446898360742,0.0626262626262627,0.0304668617397806,Low stress,,,,,,,0.0304668617397806,
BGD.3.8.1.1_1,Manikganj,Daulatpur,Bachamara,7.694679943008472,0.0169816068502696,0.9542186443802602,0.0024474045298059,0.0317263522298268,0.9542186443802602,0.2506378461874268,Low stress,,,,,,,0.2506378461874268,
BGD.3.8.1.2_1,Manikganj,Daulatpur,Baghutia,6.590575738673071,0.0097496779316626,0.9884753059546268,0.0018728671469728,0.0182151029001349,0.9884753059546268,0.2542432593624931,Low stress,,,,,,,0.2542432593624931,
BGD.3.8.1.3_1,Manikganj,Daulatpur,Chak Mirpur,10.6308431397675,0.0255605856113462,0.3925510876730398,0.003975281619679,0.0477542643317842,0.3925510876730398,0.116441877082256,Low stress,,,,,,,0.116441877082256,
BGD.3.8.1.4_1,Manikganj,Daulatpur,Charkatari,6.627526737778997,0.0014873476929061,0.9975792483148646,0.0018920951602672,0.0027787780749741,0.9975792483148646,0.251124222469064,Low stress,,,,,,,0.251124222469064,
BGD.3.8.1.5_1,Manikganj,Daulatpur,Dhamsar,8.08475637396324,0.0247637260810607,0.7802308078273966,0.0026503867219446,0.0462655096833906,0.7802308078273966,0.2123107850348137,Low stress,,,,,,,0.2123107850348137,
BGD.3.8.1.6_1,Manikganj,Daulatpur,Jiyanpur,9.084231277434837,0.0227006811037373,0.4804060434372055,0.0031704786598189,0.0424111693848753,0.4804060434372055,0.1362136116079353,Low stress,,,,,,,0.1362136116079353,
BGD.3.8.1.7_1,Manikganj,Daulatpur,Kalia,8.896060776438949,0.0210639481235582,0.395899053627761,0.0030725612832306,0.0393532981543615,0.395899053627761,0.113977442274259,Low stress,,,,,,,0.113977442274259,
BGD.3.8.1.8_1,Manikganj,Daulatpur,Khalsi,8.86025569954723,0.0211836481465312,0.6131747483989026,0.0030539295679553,0.0395769310016087,0.6131747483989026,0.1683671847774708,Low stress,,,,,,,0.1683671847774708,
BGD.3.8.2.1_1,Manikganj,Ghior,Baliakhora,8.926064823886497,0.0192764074332873,0.1830209481808163,0.0030881743447761,0.0360136762879076,0.1830209481808163,0.0595952934838822,Low stress,,,,,,,0.0595952934838822,
BGD.3.8.2.2_1,Manikganj,Ghior,Baniajuri,11.705783815417677,0.024819392598686,0.5009623315919725,0.0045346433176635,0.0463695101799961,0.5009623315919725,0.1432837687880572,Low stress,,,,,,,0.1432837687880572,
BGD.3.8.2.3_1,Manikganj,Ghior,Baratia,8.827367053564366,0.0222041074029646,0.2721088435374156,0.0030368154617743,0.0414834319641651,0.2721088435374156,0.0837611382565214,Low stress,,,,,,,0.0837611382565214,
BGD.3.8.2.4_1,Manikganj,Ghior,Ghior,9.65071615579412,0.0260386210321064,0.3848133848133857,0.0034652576654137,0.0486473671029823,0.3848133848133857,0.1146160277555557,Low stress,,,,,,,0.1146160277555557,
BGD.3.8.2.5_1,Manikganj,Ghior,Nali,6.922625325411555,0.0137553880256095,0.1185814554857778,0.0020456541898864,0.0256988805244599,0.1185814554857778,0.0394582337309599,Low stress,,,,,,,0.0394582337309599,
BGD.3.8.2.6_1,Manikganj,Ghior,Paila,7.598862761919213,0.0185074381397727,0.3042158516020243,0.0023975446051382,0.0345770283384482,0.3042158516020243,0.0891149406610182,Low stress,,,,,,,0.0891149406610182,
BGD.3.8.2.7_1,Manikganj,Ghior,Singjuri,6.504058570056548,0.0240101718103722,0.68285840838624,0.0018278466249679,0.0448576612726394,0.68285840838624,0.1871459221919709,Low stress,,,,,,,0.1871459221919709,
BGD.3.8.3.1_1,Manikganj,Harirampur,Azimnagar,4.462741111874615,0.0035048772528741,0.9660253660927636,0.0007656160987638,0.0065480829480648,0.9660253660927636,0.2441044169945191,Low stress,,,,,,,0.2441044169945191,
BGD.3.8.3.2_1,Manikganj,Harirampur,Balara,9.933613151683998,0.0260177453965788,0.8301583042661657,0.0036124674115515,0.0486083656249944,0.8301583042661657,0.22599749099991,Low stress,,,,,,,0.22599749099991,
BGD.3.8.3.3_1,Manikganj,Harirampur,Balla,6.895905860843544,0.0167765272340631,0.2088675213675216,0.0020317503109016,0.031343206618443,0.2088675213675216,0.0639997027826961,Low stress,,,,,,,0.0639997027826961,
BGD.3.8.3.4_1,Manikganj,Harirampur,Boyra,7.892453092823262,0.0099290552979444,0.9832141746969228,0.0025503187904735,0.0185502295789524,0.9832141746969228,0.2533162515430535,Low stress,,,,,,,0.2533162515430535,
BGD.3.8.3.5_1,Manikganj,Harirampur,Chala,7.28547671145976,0.0210905490682702,0.7205862578996911,0.0022344694166366,0.0394029960980849,0.7205862578996911,0.1948314008759071,Low stress,,,,,,,0.1948314008759071,
BGD.3.8.3.6_1,Manikganj,Harirampur,Dhulsunra,7.037570327297789,0.0073237651811242,0.974785250024496,0.0021054675664627,0.0136828249431059,0.974785250024496,0.2493274882627962,Low stress,,,,,,,0.2493274882627962,
BGD.3.8.3.7_1,Manikganj,Harirampur,Gala,6.990683686445179,0.0235165259597758,0.1396620278330023,0.0020810693911641,0.0439353938882331,0.1396620278330023,0.0511253225755978,Low stress,,,,,,,0.0511253225755978,
BGD.3.8.3.8_1,Manikganj,Harirampur,Gopinathpur,6.277298802724501,0.0091753879461218,0.9884325015994884,0.0017098487378633,0.0171421699012744,0.9884325015994884,0.2537918243604635,Low stress,,,,,,,0.2537918243604635,
BGD.3.8.3.9_1,Manikganj,Harirampur,Harukandi,7.01051043907994,0.0053526608730851,0.9068541300527224,0.0020913865428642,0.0100002553188077,0.9068541300527224,0.231050176491909,Low stress,,,,,,,0.231050176491909,
BGD.3.8.3.10_1,Manikganj,Harirampur,Kanchanpur,4.769623639775235,0.0023224152494007,0.9939086623357688,0.0009253070805796,0.0043389159150883,0.9939086623357688,0.2503659089864549,Low stress,,,,,,,0.2503659089864549,
BGD.3.8.3.11_1,Manikganj,Harirampur,Lesraganj,4.219710888251632,0.0087594621519815,0.8939342797577664,0.0006391516327457,0.0163651051415779,0.8939342797577664,0.2294670173920921,Low stress,,,,,,,0.2294670173920921,
BGD.3.8.3.12_1,Manikganj,Harirampur,Ramkrishnapur,5.891490165748641,0.0100484328174539,0.9816209281570728,0.0015090873571059,0.0187732599002686,0.9816209281570728,0.2525795079472046,Low stress,,,,,,,0.2525795079472046,
BGD.3.8.3.13_1,Manikganj,Harirampur,Sutalari,5.22481083960916,0.00018764694466,0.9934723099599918,0.0011621706496746,0.0003505765451777,0.9934723099599918,0.24895564754068,Low stress,,,,,,,0.24895564754068,
BGD.3.8.4.1_1,Manikganj,Manikganj Sadar,Atigram,8.465550960739074,0.0216347587157976,0.0361653272101034,0.0028485389655681,0.0404197306813644,0.0361653272101034,0.0243276531272306,Low stress,,,,,,,0.0243276531272306,
BGD.3.8.4.2_1,Manikganj,Manikganj Sadar,Betila Mitara,11.246788795447925,0.034418493722774,0.4672825250192461,0.0042957982915588,0.0643032938341447,0.4672825250192461,0.1410451034133857,Low stress,,,,,,,0.1410451034133857,
BGD.3.8.4.3_1,Manikganj,Manikganj Sadar,Bhararia,11.185275514960702,0.0237219081188772,0.7007903650733922,0.0042637889222965,0.0443191047336688,0.7007903650733922,0.1924147934940507,Low stress,,,,,,,0.1924147934940507,
BGD.3.8.4.4_1,Manikganj,Manikganj Sadar,Dighi,13.596498529493095,0.0258012499766447,0.2734177215189878,0.0055185054198486,0.0482038921255467,0.2734177215189878,0.0874331947916277,Low stress,,,,,,,0.0874331947916277,
BGD.3.8.4.5_1,Manikganj,Manikganj Sadar,Garpara,8.10115062482192,0.0307295680288499,0.3255319148936174,0.0026589177192408,0.0574113573438569,0.3255319148936174,0.1025405208814506,Low stress,,,,,,,0.1025405208814506,
BGD.3.8.4.6_1,Manikganj,Manikganj Sadar,Hati Para,8.594047899641854,0.0269388420296158,0.6143263757115757,0.0029154042982871,0.0503292296442303,0.6143263757115757,0.1723629860226893,Low stress,,,,,,,0.1723629860226893,
BGD.3.8.4.7_1,Manikganj,Manikganj Sadar,Jaigir,19.94561425395311,0.0417248412788569,0.0877323420074351,0.0088223641655285,0.0779535778220902,0.0877323420074351,0.0527457834058017,Low stress,,,,,,,0.0527457834058017,
BGD.3.8.4.8_1,Manikganj,Manikganj Sadar,Krishnapur,8.816921076844316,0.0313454092473994,0.0101229211858279,0.0030313797392199,0.0585619195721325,0.0101229211858279,0.0242399540423913,Low stress,,,,,,,0.0242399540423913,
BGD.3.8.4.9_1,Manikganj,Manikganj Sadar,Manikganj Paurashava,29.194940794422006,0.0721072976849822,0.6700000000000012,0.0136353916340075,0.1347164343672461,0.6700000000000012,0.2201049086821394,Low stress,,,,,,,0.2201049086821394,
BGD.3.8.4.10_1,Manikganj,Manikganj Sadar,Nabagram,13.664390998308193,0.0359397550825589,0.7283288650580886,0.0055538342965923,0.0671454320463714,0.7283288650580886,0.207804651199389,Low stress,,,,,,,0.207804651199389,
BGD.3.8.4.11_1,Manikganj,Manikganj Sadar,Putail,10.112717713680802,0.0276811381212065,0.6330251669234728,0.0037056671891622,0.0517160446534505,0.6330251669234728,0.1778391742352408,Low stress,,,,,,,0.1778391742352408,
BGD.3.8.5.1_1,Manikganj,Saturia,Baliati,9.769056370220849,0.0291502883806624,0.0497737556561086,0.0035268377923742,0.0544608248748404,0.0497737556561086,0.032915462737171,Low stress,,,,,,,0.032915462737171,
BGD.3.8.5.2_1,Manikganj,Saturia,Baraid,8.289274003273903,0.02281917198798,0.6270928462709295,0.002756810574898,0.0426325432255639,0.6270928462709295,0.1727973259266389,Low stress,,,,,,,0.1727973259266389,
BGD.3.8.5.3_1,Manikganj,Saturia,Daragram,8.363635495575581,0.0248166261260057,0.0525606469002696,0.0027955057062115,0.0463643416416203,0.0525606469002696,0.0304858835821191,Low stress,,,,,,,0.0304858835821191,
BGD.3.8.5.4_1,Manikganj,Saturia,Dhankora,17.465436629397985,0.0441462601489713,0.0113293051359516,0.0075317660899323,0.0824774599639017,0.0113293051359516,0.0347121437073264,Low stress,,,,,,,0.0347121437073264,
BGD.3.8.5.5_1,Manikganj,Saturia,Dighalia,8.233765083425133,0.0258310282043354,0.5217391304347833,0.0027279256658391,0.0482595261152406,0.5217391304347833,0.1484167870153657,Low stress,,,,,,,0.1484167870153657,
BGD.3.8.5.6_1,Manikganj,Saturia,Fukurhati,10.263413936439688,0.0270088483556282,0.0,0.0037840842562169,0.0504600208807116,0.0,0.0191746410107358,Low stress,,,,,,,0.0191746410107358,
BGD.3.8.5.7_1,Manikganj,Saturia,Hargaz,8.547933435375821,0.0255059484802954,0.1214285714285717,0.0028914079367968,0.0476521870148478,0.1214285714285717,0.0481919714870584,Low stress,,,,,,,0.0481919714870584,
BGD.3.8.5.8_1,Manikganj,Saturia,Saturia,10.756738493922958,0.0381112730949236,0.0635514018691589,0.0040407931782831,0.0712024300643535,0.0635514018691589,0.0424250182611267,Low stress,,,,,,,0.0424250182611267,
BGD.3.8.5.9_1,Manikganj,Saturia,Tilli,8.126630474154386,0.0322860806819847,0.5859292222928597,0.0026721765456206,0.0603193547506366,0.5859292222928597,0.168662950354186,Low stress,,,,,,,0.168662950354186,
BGD.3.8.6.1_1,Manikganj,Shibalaya,Arua,10.59410586158383,0.0095047923997185,0.9879946745018812,0.0039561648193108,0.0177575887961428,0.9879946745018812,0.2547962906318446,Low stress,,,,,,,0.2547962906318446,
BGD.3.8.6.2_1,Manikganj,Shibalaya,Mohadebpur,10.159318823220511,0.0188152987960887,0.3372881355932212,0.0037299167839078,0.0351521974438284,0.3372881355932212,0.0981172697172084,Low stress,,,,,,,0.0981172697172084,
BGD.3.8.6.3_1,Manikganj,Shibalaya,Shibalaya,12.737235943532353,0.01767075637823,0.9580705756071356,0.0050713750897894,0.0330138747155298,0.9580705756071356,0.2531010500881351,Low stress,,,,,,,0.2531010500881351,
BGD.3.8.6.4_1,Manikganj,Shibalaya,Shimulia,6.149976466813064,0.0162479943159716,0.1963927855711427,0.0016435946276412,0.0303557605144153,0.1963927855711427,0.0603801504238875,Low stress,,,,,,,0.0603801504238875,
BGD.3.8.6.5_1,Manikganj,Shibalaya,Teota,6.298563208078902,0.0080693215370045,0.9856675127143036,0.0017209139939794,0.0150757310304041,0.9856675127143036,0.2523817496368091,Low stress,,,,,,,0.2523817496368091,
BGD.3.8.6.6_1,Manikganj,Shibalaya,Ulail,8.508080626154273,0.0166435000214343,0.1525119617224883,0.0028706699225597,0.0310946748840067,0.1525119617224883,0.0501593946090483,Low stress,,,,,,,0.0501593946090483,
BGD.3.8.6.7_1,Manikganj,Shibalaya,Uthali,9.427912735731576,0.0189382335683484,0.5358435916002905,0.0033493185236675,0.0353818737000505,0.5358435916002905,0.1476842811045573,Low stress,,,,,,,0.1476842811045573,
BGD.3.8.7.1_1,Manikganj,Singair,Baldhara,8.38593604250007,0.0299376333736869,0.217336683417086,0.002807110134322,0.0559318037283338,0.217336683417086,0.0750331462129171,Low stress,,,,,,,0.0750331462129171,
BGD.3.8.7.2_1,Manikganj,Singair,Boyra,9.202744135807912,0.0431034261658031,0.2984562607204122,0.0032321486246776,0.0805291568051401,0.2984562607204122,0.1040921295117731,Low stress,,,,,,,0.1040921295117731,
BGD.3.8.7.3_1,Manikganj,Singair,Chandhar,12.812863634797,0.0306492935864799,0.7060065696855945,0.005110729106954,0.057261382417683,0.7060065696855945,0.1985874179103693,Low stress,,,,,,,0.1985874179103693,
BGD.3.8.7.4_1,Manikganj,Singair,Charigram,8.420764451348223,0.0394944482643459,0.5361635220125792,0.0028252336255553,0.0737865849683958,0.5361635220125792,0.1609962786923054,Low stress,,,,,,,0.1609962786923054,
BGD.3.8.7.5_1,Manikganj,Singair,Dhalla,18.40263186294684,0.0498189145229636,0.7136972193614838,0.0080194498561678,0.0930755519073912,0.7136972193614838,0.214208527950425,Low stress,,,,,,,0.214208527950425,
BGD.3.8.7.6_1,Manikganj,Singair,Jamirta,19.3807855350823,0.0355943395997279,0.8241852487135511,0.0085284469676638,0.0665001001074943,0.8241852487135511,0.2327327260030763,Low stress,,,,,,,0.2327327260030763,
BGD.3.8.7.7_1,Manikganj,Singair,Jamsha,8.015964694344262,0.0321041719852933,0.6823781467595077,0.0026145899272093,0.0599794988444325,0.6823781467595077,0.1926331972563121,Low stress,,,,,,,0.1926331972563121,
BGD.3.8.7.8_1,Manikganj,Singair,Joy Mantap,11.365647432210796,0.0376615918692941,0.3326446280991741,0.0043576481874515,0.0703623007950061,0.3326446280991741,0.1095310215780263,Low stress,,,,,,,0.1095310215780263,
BGD.3.8.7.9_1,Manikganj,Singair,Saista,9.242051819786246,0.0412932666922978,0.426282051282052,0.0032526029747194,0.0771472767772395,0.426282051282052,0.1348731008824346,Low stress,,,,,,,0.1348731008824346,
BGD.3.8.7.10_1,Manikganj,Singair,Singair,8.537269602749175,0.0445534821054312,0.1277890466531443,0.0028858588496144,0.0832382635403996,0.1277890466531443,0.0622349974422717,Low stress,,,,,,,0.0622349974422717,
BGD.3.8.7.11_1,Manikganj,Singair,Singair Paurashava,11.124620756554815,0.0601623606171618,0.0477941176470589,0.0042322262980315,0.1123999784441855,0.0477941176470589,0.0529814123864422,Low stress,,,,,,,0.0529814123864422,
BGD.3.8.7.12_1,Manikganj,Singair,Talibpur,7.843100197101716,0.0316093475749711,0.162621359223301,0.0025246372620166,0.0590550295835305,0.162621359223301,0.0623344550648675,Low stress,,,,,,,0.0623344550648675,
BGD.3.9.1.1_1,Munshiganj,Gazaria,Baluakandi,22.25089202179324,0.0451606313746081,0.9662825193975336,0.0100219504457342,0.0843725867961333,0.9662825193975336,0.2751098154063238,Low stress,,,,,,,0.2751098154063238,
BGD.3.9.1.2_1,Munshiganj,Gazaria,Bausia,11.95775693924994,0.047786082460321,0.9399660912453744,0.0046657613575572,0.0892776577144479,0.9399660912453744,0.2681050075544233,Low stress,,,,,,,0.2681050075544233,
BGD.3.9.1.3_1,Munshiganj,Gazaria,Bhaber Char,17.32495491137844,0.0799258729880598,0.7777777777777782,0.0074586642954731,0.1493237018766176,0.7777777777777782,0.2496912058194499,Low stress,,,,,,,0.2496912058194499,
BGD.3.9.1.4_1,Munshiganj,Gazaria,Gazaria,12.793685360995198,0.0231234206985098,0.9851831601968284,0.0051007494010584,0.0432009642142753,0.9851831601968284,0.2634564272846268,Low stress,,,,,,,0.2634564272846268,
BGD.3.9.1.5_1,Munshiganj,Gazaria,Guagachhia,8.279317583013171,0.0205801244618201,0.9341236566912422,0.0027516296004786,0.0384493813433805,0.9341236566912422,0.2480888494831852,Low stress,,,,,,,0.2480888494831852,
BGD.3.9.1.6_1,Munshiganj,Gazaria,Hossaindi,20.90849507415276,0.028708541798052,0.9840867671245064,0.0093234138166805,0.0536355197196926,0.9840867671245064,0.2685234892096912,Low stress,,,,,,,0.2685234892096912,
BGD.3.9.1.7_1,Munshiganj,Gazaria,Imampur,9.9777049504421,0.0202453927183473,0.9841559518871836,0.003635411248341,0.0378240095932535,0.9841559518871836,0.260731555828771,Low stress,,,,,,,0.260731555828771,
BGD.3.9.1.8_1,Munshiganj,Gazaria,Tenger Char,16.177335763389372,0.047332847652879,0.9037372593431487,0.0068614832511607,0.0884308893685246,0.9037372593431487,0.2596297194152351,Low stress,,,,,,,0.2596297194152351,
BGD.3.9.2.1_1,Munshiganj,Lohajang,Baultali,9.7748421747738,0.0207522234173728,0.0059701492537313,0.0035298485236009,0.0387709099319524,0.0059701492537313,0.0164742951990565,Low stress,,,,,,,0.0164742951990565,
BGD.3.9.2.2_1,Munshiganj,Lohajang,Bejgaon,10.731741903471995,0.0219767065426081,0.7636815920398012,0.0040277858229981,0.0410585840768805,0.7636815920398012,0.2069020167660577,Low stress,,,,,,,0.2069020167660577,
BGD.3.9.2.3_1,Munshiganj,Lohajang,Gaodia,11.217776115773962,0.0086549503207467,0.9621748484255818,0.0042807011032831,0.0161698480496445,0.9621748484255818,0.2479154393650842,Low stress,,,,,,,0.2479154393650842,
BGD.3.9.2.4_1,Munshiganj,Lohajang,Haldia,20.235363995120952,0.0351005466682011,0.0979310344827587,0.0089731398416952,0.0655775579351104,0.0979310344827587,0.0510241598346564,Low stress,,,,,,,0.0510241598346564,
BGD.3.9.2.5_1,Munshiganj,Lohajang,Kalma,10.84254484243513,0.0077212573716388,0.9799124757873592,0.0040854438142566,0.0144254506178177,0.9799124757873592,0.2516612041887787,Low stress,,,,,,,0.2516612041887787,
BGD.3.9.2.6_1,Munshiganj,Lohajang,Kanaksar,10.799844218380407,0.022329290573993,0.0826010544815466,0.0040632238963418,0.0417173088529844,0.0826010544815466,0.0368766112774679,Low stress,,,,,,,0.0368766112774679,
BGD.3.9.2.7_1,Munshiganj,Lohajang,Khidir Para,13.643424713577652,0.0201490578343659,0.3289473684210531,0.0055429241720682,0.0376440293070437,0.3289473684210531,0.0976294220315559,Low stress,,,,,,,0.0976294220315559,
BGD.3.9.2.8_1,Munshiganj,Lohajang,Kumarbhog,43.12075003826476,0.0585635552177217,0.997968339964446,0.0208818978653698,0.1094129664554596,0.997968339964446,0.2961393823966703,Low stress,,,,,,,0.2961393823966703,
BGD.3.9.2.9_1,Munshiganj,Lohajang,Lohajang Teotia,16.413811527876394,0.0178665638795118,0.9984267271297024,0.0069845370048719,0.0333796974441846,0.9984267271297024,0.264083390689839,Low stress,,,,,,,0.264083390689839,
BGD.3.9.2.10_1,Munshiganj,Lohajang,Medini Mandal,32.17767509096529,0.0286688628080795,0.986791735327671,0.0151875027025944,0.0535613883596222,0.986791735327671,0.2715194208388233,Low stress,,,,,,,0.2715194208388233,
BGD.3.9.3.1_1,Munshiganj,Munshiganj Sadar,Adhara,12.1211587551407,0.0176679232659658,0.9530570022115992,0.0047507899728667,0.0330085816759256,0.9530570022115992,0.2517175701286205,Low stress,,,,,,,0.2517175701286205,
BGD.3.9.3.2_1,Munshiganj,Munshiganj Sadar,Bajra Jogini,16.942482868520585,0.0291076969207704,0.116279069767442,0.0072596391621138,0.0543812522130522,0.116279069767442,0.0510070613812743,Low stress,,,,,,,0.0510070613812743,
BGD.3.9.3.3_1,Munshiganj,Munshiganj Sadar,Bangla Bazar,9.353773920604032,0.0068332990179635,0.9902843203230146,0.0033107392658018,0.0127664980968628,0.9902843203230146,0.2533636501209764,Low stress,,,,,,,0.2533636501209764,
BGD.3.9.3.4_1,Munshiganj,Munshiganj Sadar,Char Kewar,14.26969120486939,0.0233574168751255,0.9369905956112856,0.0058688114474268,0.0436381339818479,0.9369905956112856,0.2518685203754389,Low stress,,,,,,,0.2518685203754389,
BGD.3.9.3.5_1,Munshiganj,Munshiganj Sadar,Mahakali,14.49959708405789,0.0352117036262837,0.6265822784810129,0.0059884464615932,0.0657852299673285,0.6265822784810129,0.1820657786934555,Low stress,,,,,,,0.1820657786934555,
BGD.3.9.3.6_1,Munshiganj,Munshiganj Sadar,Mirkadim Paurashava,85.7176812463328,0.1508596981934112,0.9261363636363636,0.0430478576333926,0.2818477641350851,0.9261363636363636,0.3473999514097278,Moderate stress,,,,,,,0.3473999514097278,
BGD.3.9.3.7_1,Munshiganj,Munshiganj Sadar,Mollahkandi,12.606368196109663,0.0313309241706161,0.8440476190476195,0.0050032760708687,0.0585348574305958,0.8440476190476195,0.2335004152909609,Low stress,,,,,,,0.2335004152909609,
BGD.3.9.3.8_1,Munshiganj,Munshiganj Sadar,Munshiganj Paurashava,45.40700751355248,0.1174969085625235,0.8378607809847203,0.0220715866476211,0.2195168183929069,0.8378607809847203,0.2951247163427459,Low stress,,,,,,,0.2951247163427459,
BGD.3.9.3.9_1,Munshiganj,Munshiganj Sadar,Panchasar,81.50509392701268,0.1568439779093645,0.990911844895486,0.0408557738754517,0.2930280586610492,0.990911844895486,0.3666300913054194,Moderate stress,,,,,,,0.3666300913054194,
BGD.3.9.3.10_1,Munshiganj,Munshiganj Sadar,Rampal,37.89328215286084,0.0973826778187128,0.666666666666667,0.0181617055991591,0.1819378557519234,0.666666666666667,0.2376095984195036,Low stress,,,,,,,0.2376095984195036,
BGD.3.9.3.11_1,Munshiganj,Munshiganj Sadar,Silai,15.839426959808993,0.0173042283068687,0.9614438063986877,0.0066856472758216,0.0323290986047259,0.9614438063986877,0.2543503950216547,Low stress,,,,,,,0.2543503950216547,
BGD.3.9.4.1_1,Munshiganj,Serajdikhan,Balur Char,23.4876173198214,0.0528589841046653,0.9268141409964776,0.0106654992278351,0.0987552451898157,0.9268141409964776,0.2705340707566889,Low stress,,,,,,,0.2705340707566889,
BGD.3.9.4.2_1,Munshiganj,Serajdikhan,Basail,14.861823026985098,0.0293809701010414,0.7279387279387285,0.0061769362295213,0.0548918023187453,0.7279387279387285,0.2036675872880515,Low stress,,,,,,,0.2036675872880515,
BGD.3.9.4.3_1,Munshiganj,Serajdikhan,Bayaragadi,11.406616523382413,0.0217846274897711,0.7750309023485791,0.0043789670759462,0.040699727124178,0.7750309023485791,0.2097542169109856,Low stress,,,,,,,0.2097542169109856,
BGD.3.9.4.4_1,Munshiganj,Serajdikhan,Chitrakot,13.029156922605027,0.0171023719422508,0.6020299145299151,0.0052232806025589,0.0319519749214275,0.6020299145299151,0.1637799820960019,Low stress,,,,,,,0.1637799820960019,
BGD.3.9.4.5_1,Munshiganj,Serajdikhan,Ichhapur,15.444538844738576,0.0357902263474214,0.5802469135802477,0.0064801612508127,0.0668660708904288,0.5802469135802477,0.1710569177070371,Low stress,,,,,,,0.1710569177070371,
BGD.3.9.4.6_1,Munshiganj,Serajdikhan,Jainsar,10.911014437783512,0.0229997402246887,0.0303030303030303,0.0041210730075526,0.0429698947806818,0.0303030303030303,0.0242636499520172,Low stress,,,,,,,0.0242636499520172,
BGD.3.9.4.7_1,Munshiganj,Serajdikhan,Kayain,16.189509061872098,0.0306269253625662,0.3273415326395466,0.0068678178118147,0.0572195923705515,0.3273415326395466,0.1046093676143055,Low stress,,,,,,,0.1046093676143055,
BGD.3.9.4.8_1,Munshiganj,Serajdikhan,Kola,11.333556792470215,0.0281550607801441,0.0133333333333333,0.0043409493359322,0.0526014636446993,0.0133333333333333,0.023480225343351,Low stress,,,,,,,0.023480225343351,
BGD.3.9.4.9_1,Munshiganj,Serajdikhan,Latabdi,15.876210966442732,0.032468388737566,0.3680456490727539,0.0067047883920482,0.0606599567700277,0.3680456490727539,0.1159243124945174,Low stress,,,,,,,0.1159243124945174,
BGD.3.9.4.10_1,Munshiganj,Serajdikhan,Madhyapara,13.869016942955348,0.0340863661402864,0.3795620437956207,0.0056603145130752,0.0636827873791224,0.3795620437956207,0.1194436123368281,Low stress,,,,,,,0.1194436123368281,
BGD.3.9.4.11_1,Munshiganj,Serajdikhan,Malkhanagar,13.938835715429724,0.0394454305230094,0.926739926739927,0.0056966457711689,0.0736950062302431,0.926739926739927,0.2597568921740344,Low stress,,,,,,,0.2597568921740344,
BGD.3.9.4.12_1,Munshiganj,Serajdikhan,Rajanagar,12.680082901969069,0.0305388534161915,0.3299398426654332,0.0050416346370389,0.0570550495438987,0.3299398426654332,0.1044708818615384,Low stress,,,,,,,0.1044708818615384,
BGD.3.9.4.13_1,Munshiganj,Serajdikhan,Rasunia,13.850066529876283,0.0285964859364779,0.5994020926756354,0.0056504533779655,0.0534261682864,0.5994020926756354,0.170809863420335,Low stress,,,,,,,0.170809863420335,
BGD.3.9.4.14_1,Munshiganj,Serajdikhan,Sekharnagar,9.316640022730612,0.0263990493543531,0.2970779220779226,0.0032914160783573,0.0493207471903927,0.2970779220779226,0.092848308467461,Low stress,,,,,,,0.092848308467461,
BGD.3.9.5.1_1,Munshiganj,Sreenagar,Atpara,13.260538796259056,0.0265457198118388,0.0092592592592592,0.0053436836728508,0.0495947682908063,0.0092592592592592,0.0218104571857373,Low stress,,,,,,,0.0218104571857373,
BGD.3.9.5.2_1,Munshiganj,Sreenagar,Baghra,16.60904030361657,0.0207803156549954,0.9760394644115574,0.0070861272618667,0.0388233940245119,0.9760394644115574,0.2604325049162152,Low stress,,,,,,,0.2604325049162152,
BGD.3.9.5.3_1,Munshiganj,Sreenagar,Baraikhali,8.025819374289778,0.0129983286812678,0.3010563380281695,0.0026197179595113,0.0242844836638304,0.3010563380281695,0.0848115409731875,Low stress,,,,,,,0.0848115409731875,
BGD.3.9.5.4_1,Munshiganj,Sreenagar,Bhagyakul,21.33054175225072,0.0269455538733282,0.9984103406040704,0.0095430322122229,0.0503417692301251,0.9984103406040704,0.2710394172664506,Low stress,,,,,,,0.2710394172664506,
BGD.3.9.5.5_1,Munshiganj,Sreenagar,Birtara,11.691638375418265,0.0223057075103074,0.0135746606334841,0.0045272825232345,0.041673249148167,0.0135746606334841,0.0197902153695233,Low stress,,,,,,,0.0197902153695233,
BGD.3.9.5.6_1,Munshiganj,Sreenagar,Hasara,10.29443782161414,0.0241298615476834,0.4669665448411588,0.0038002280058045,0.0450812749034172,0.4669665448411588,0.1340401736288075,Low stress,,,,,,,0.1340401736288075,
BGD.3.9.5.7_1,Munshiganj,Sreenagar,Kola Para,17.684767835199153,0.0290592985744801,0.1787538304392239,0.0076458984122799,0.0542908306766637,0.1787538304392239,0.0667486077115502,Low stress,,,,,,,0.0667486077115502,
BGD.3.9.5.8_1,Munshiganj,Sreenagar,Kukutia,12.09251862743606,0.0168340472275208,0.066454013822435,0.0047358866476635,0.0314506699220507,0.066454013822435,0.0295155925873919,Low stress,,,,,,,0.0295155925873919,
BGD.3.9.5.9_1,Munshiganj,Sreenagar,Patabhog,26.53499594798713,0.0498021428376198,0.0723684210526316,0.0122512489556713,0.0930442177467668,0.0723684210526316,0.0555580810567948,Low stress,,,,,,,0.0555580810567948,
BGD.3.9.5.10_1,Munshiganj,Sreenagar,Rarikhal,14.015446273574565,0.0392798965941731,0.3338829348722182,0.0057365112380343,0.073385742932691,0.3338829348722182,0.1114503482397101,Low stress,,,,,,,0.1114503482397101,
BGD.3.9.5.11_1,Munshiganj,Sreenagar,Sholaghar,12.276515550610664,0.0276363754868452,0.4193292843939801,0.0048316322396783,0.0516324156354781,0.4193292843939801,0.1248363194667837,Low stress,,,,,,,0.1248363194667837,
BGD.3.9.5.12_1,Munshiganj,Sreenagar,Shyamsiddhi,10.58059659770807,0.0129413691659378,0.6417994641094348,0.0039491350687848,0.0241780674888398,0.6417994641094348,0.1704918436759665,Low stress,,,,,,,0.1704918436759665,
BGD.3.9.5.13_1,Munshiganj,Sreenagar,Sreenagar,19.394115066071745,0.0467006844448654,0.433597185576078,0.008535383191454,0.0872498331362718,0.433597185576078,0.1423508912682963,Low stress,,,,,,,0.1423508912682963,
BGD.3.9.5.14_1,Munshiganj,Sreenagar,Tantar,13.018833044934713,0.0232580988983978,0.0178571428571428,0.0052179084160985,0.0434525804508894,0.0178571428571428,0.0217598522385364,Low stress,,,,,,,0.0217598522385364,
BGD.3.9.6.1_1,Munshiganj,Tongibari,Abdullahpur,45.13922657966613,0.05278096875,0.9095477386934676,0.021932242773806,0.0986094908661365,0.9095477386934676,0.2706731535860371,Low stress,,,,,,,0.2706731535860371,
BGD.3.9.6.2_1,Munshiganj,Tongibari,Arial,15.929775944778257,0.0278016716467234,0.4922360248447212,0.006732661741632,0.0519412347146602,0.4922360248447212,0.1439315030579642,Low stress,,,,,,,0.1439315030579642,
BGD.3.9.6.3_1,Munshiganj,Tongibari,Autshahi,15.535683093015962,0.0305243025510965,0.7856173677069206,0.0065275895439575,0.0570278644915462,0.7856173677069206,0.2189751303163543,Low stress,,,,,,,0.2189751303163543,
BGD.3.9.6.4_1,Munshiganj,Tongibari,Betka,19.579751603691108,0.031630062936889,0.9401408450704224,0.0086319819817342,0.0590937316259561,0.9401408450704224,0.259170810129384,Low stress,,,,,,,0.259170810129384,
BGD.3.9.6.5_1,Munshiganj,Tongibari,Dhipur,16.216616223793572,0.0256580133842392,0.0935251798561152,0.0068819234350025,0.0479362864376441,0.0935251798561152,0.0429117645912052,Low stress,,,,,,,0.0429117645912052,
BGD.3.9.6.6_1,Munshiganj,Tongibari,Dighir Para,14.337128827103548,0.0093733203474262,0.9642407454041804,0.0059039036378475,0.0175119625326106,0.9642407454041804,0.2495509346925978,Low stress,,,,,,,0.2495509346925978,
BGD.3.9.6.7_1,Munshiganj,Tongibari,Hasail Banari,9.486966761221602,0.0055057756039867,0.9495284440807884,0.0033800481822609,0.0102863161095792,0.9495284440807884,0.2423343409314542,Low stress,,,,,,,0.2423343409314542,
BGD.3.9.6.8_1,Munshiganj,Tongibari,Jashalong,12.12529850284191,0.0247998594716132,0.2317073170731708,0.0047529441534237,0.0463330168802085,0.2317073170731708,0.0760445628377352,Low stress,,,,,,,0.0760445628377352,
BGD.3.9.6.9_1,Munshiganj,Tongibari,Kamarkhara,13.449004274739016,0.0176533661776673,0.9693426042983566,0.0054417545454506,0.0329813849969028,0.9693426042983566,0.2560558376416854,Low stress,,,,,,,0.2560558376416854,
BGD.3.9.6.10_1,Munshiganj,Tongibari,Kathadia Shimulia,13.399710595330644,0.0170542186189544,0.1463414634146343,0.0054161038311011,0.03186201115596,0.1463414634146343,0.049903511290685,Low stress,,,,,,,0.049903511290685,
BGD.3.9.6.11_1,Munshiganj,Tongibari,Panchgaon,10.540944251120992,0.0135854003223121,0.8996856993190152,0.0039285013683225,0.0253812963407543,0.8996856993190152,0.2353762790963468,Low stress,,,,,,,0.2353762790963468,
BGD.3.9.6.12_1,Munshiganj,Tongibari,Sonarang Tongibari,26.61787691713342,0.0378459963896589,0.1826086956521742,0.0122943773260851,0.0707068195921642,0.1826086956521742,0.075317311700735,Low stress,,,,,,,0.075317311700735,
BGD.3.11.1.1_1,Narayanganj,Araihazar,Araihazar,28.87067247247417,0.0541851920407218,0.2130177514792902,0.013466653690346,0.1012329694994355,0.2130177514792902,0.0940726386707634,Low stress,,,,,,,0.0940726386707634,
BGD.3.11.1.2_1,Narayanganj,Araihazar,Bishnandi,26.11113266549033,0.0319403857698721,0.9878271058455922,0.0120306852624542,0.0596735007603489,0.9878271058455922,0.2726547758325019,Low stress,,,,,,,0.2726547758325019,
BGD.3.11.1.3_1,Narayanganj,Araihazar,Brahmandi,26.76433519461616,0.0450824666727837,0.1273885350318474,0.0123705891139841,0.0842265534505326,0.1273885350318474,0.0662746631112419,Low stress,,,,,,,0.0662746631112419,
BGD.3.11.1.4_1,Narayanganj,Araihazar,Duptara,34.29622710873933,0.0579820274826386,0.5952380952380958,0.0162899234042892,0.1083265113327297,0.5952380952380958,0.193239772137695,Low stress,,,,,,,0.193239772137695,
BGD.3.11.1.5_1,Narayanganj,Araihazar,Fatehpur,28.29246516382262,0.0585019669367302,0.4079601990049756,0.0131657747402041,0.1092979024622112,0.4079601990049756,0.1455106255090995,Low stress,,,,,,,0.1455106255090995,
BGD.3.11.1.6_1,Narayanganj,Araihazar,Haizadi,15.049527036110012,0.02475358481248,0.1996466431095407,0.0062746108599833,0.0462465629805323,0.1996466431095407,0.0686078021645648,Low stress,,,,,,,0.0686078021645648,
BGD.3.11.1.7_1,Narayanganj,Araihazar,Kala Paharia,15.140358666514226,0.0240593382541271,0.973697270471462,0.0063218764776722,0.0449495178281591,0.973697270471462,0.2616853994487901,Low stress,,,,,,,0.2616853994487901,
BGD.3.11.1.8_1,Narayanganj,Araihazar,Khagakanda,17.070858545495494,0.0356618265560355,0.9754081838339044,0.0073264413943479,0.0666261844625034,0.9754081838339044,0.2701017870780914,Low stress,,,,,,,0.2701017870780914,
BGD.3.11.1.9_1,Narayanganj,Araihazar,Mahmudpur,18.413781520309644,0.0448212064371736,0.73524720893142,0.0080252517496264,0.0837384468578116,0.73524720893142,0.2163303593329396,Low stress,,,,,,,0.2163303593329396,
BGD.3.11.1.10_1,Narayanganj,Araihazar,Sadasardi,32.48464710258492,0.0580425667970933,0.5412844036697254,0.0153472402486217,0.108439615565508,0.5412844036697254,0.1794138624648078,Low stress,,,,,,,0.1794138624648078,
BGD.3.11.1.11_1,Narayanganj,Araihazar,Satgram,25.923716936885583,0.0471111891978228,0.3179396092362351,0.0119331606431371,0.0880167698872624,0.3179396092362351,0.1150640360268554,Low stress,,,,,,,0.1150640360268554,
BGD.3.11.1.12_1,Narayanganj,Araihazar,Uchitpur,17.20522457733608,0.0508234317693183,0.1502145922746781,0.0073963607986688,0.0949522687728672,0.1502145922746781,0.0737454864586406,Low stress,,,,,,,0.0737454864586406,
BGD.3.11.2.1_1,Narayanganj,Bandar,Bandar,39.54195977508454,0.1069358382689263,0.8025477707006373,0.0190196200265188,0.1997858094835052,0.8025477707006373,0.2781698240049937,Low stress,,,,,,,0.2781698240049937,
BGD.3.11.2.2_1,Narayanganj,Bandar,Dhamgar,55.709124505816334,0.1217385662392228,0.040506329113924,0.027432449608865,0.2274414115527806,0.040506329113924,0.1007040561655002,Low stress,,,,,,,0.1007040561655002,
BGD.3.11.2.3_1,Narayanganj,Bandar,Kadam Rasul Paurashava,101.9751868252928,0.1811192499148522,0.9738461538461538,0.0515076974474724,0.338381000635956,0.9738461538461538,0.382497967663112,Moderate stress,,,,,,,0.382497967663112,
BGD.3.11.2.4_1,Narayanganj,Bandar,Kalagachhia,48.12057873193451,0.0859073838557641,0.9828557126767612,0.0234836346226388,0.1604988234259845,0.9828557126767612,0.3112819702173404,Low stress,,,,,,,0.3112819702173404,
BGD.3.11.2.5_1,Narayanganj,Bandar,Madanpur,70.88492090108937,0.1289959130995913,0.0493827160493827,0.0353294056290586,0.2410001486485239,0.0493827160493827,0.1108274932909525,Low stress,,,,,,,0.1108274932909525,
BGD.3.11.2.6_1,Narayanganj,Bandar,Musapur,33.85574454125359,0.0856764384971692,0.430992736077482,0.0160607116138503,0.1600673534327601,0.430992736077482,0.1701960423663767,Low stress,,,,,,,0.1701960423663767,
BGD.3.11.3.1_1,Narayanganj,Narayanganj Sadar,Alir Tek,37.23172871228819,0.0342360472075264,0.985522430707684,0.0178174562240926,0.0639624331336888,0.985522430707684,0.2758944417633491,Low stress,,,,,,,0.2758944417633491,
BGD.3.11.3.2_1,Narayanganj,Narayanganj Sadar,Baktaballi,28.84643052506112,0.0491037128325508,0.9454915494204056,0.0134540390250211,0.0917393567554557,0.9454915494204056,0.2738632778295193,Low stress,,,,,,,0.2738632778295193,
BGD.3.11.3.3_1,Narayanganj,Narayanganj Sadar,Enayetnagar,223.13957794967345,0.3471370904227653,0.9438377535101404,0.1145574276231361,0.6485483794258873,0.9438377535101404,0.50877434222585,Moderate stress,,,,,,,0.50877434222585,
BGD.3.11.3.4_1,Narayanganj,Narayanganj Sadar,Fatullah(part),250.6505145926101,0.342602857740711,0.990709773318469,0.1288731611164554,0.6400771749968103,0.990709773318469,0.523253719025083,Moderate stress,,,,,,,0.523253719025083,
BGD.3.11.3.5_1,Narayanganj,Narayanganj Sadar,Gognagar,90.07944387615564,0.1668072319937113,0.9937952430196484,0.0453175670286085,0.3116421810596153,0.9937952430196484,0.3756506009372209,Moderate stress,,,,,,,0.3756506009372209,
BGD.3.11.3.6_1,Narayanganj,Narayanganj Sadar,Kashipur,129.1431225645976,0.2271650643776823,0.9375743162901308,0.0656449452138936,0.4244073549873294,0.9375743162901308,0.4091941314036554,Moderate stress,,,,,,,0.4091941314036554,
BGD.3.11.3.7_1,Narayanganj,Narayanganj Sadar,Kutubpur,196.3829999719833,0.2886520214575429,0.974514563106796,0.1006342361123093,0.5392820470618859,0.974514563106796,0.4726310516932828,Moderate stress,,,,,,,0.4726310516932828,
BGD.3.11.3.8_1,Narayanganj,Narayanganj Sadar,Narayanganj Paurashava,199.040257819604,0.3033657834643024,0.9904109589041096,0.1020169805700243,0.5667714360324523,0.9904109589041096,0.4867795345653954,Moderate stress,,,,,,,0.4867795345653954,
BGD.3.11.3.9_1,Narayanganj,Narayanganj Sadar,Siddirganj Paurashava,176.09540686045534,0.2720778413701047,0.8453608247422685,0.0900772790746397,0.5083168810436716,0.8453608247422685,0.425282026180708,Moderate stress,,,,,,,0.425282026180708,
BGD.3.11.4.1_1,Narayanganj,Rupganj,Bholaba,14.1964171041966,0.040162896562682,0.8174061433447098,0.0058306821568538,0.0750354318147178,0.8174061433447098,0.2329462098340702,Low stress,,,,,,,0.2329462098340702,
BGD.3.11.4.2_1,Narayanganj,Rupganj,Bulta,38.21679570681573,0.1235222290193945,0.8805970149253735,0.0183300507878383,0.2307737884074515,0.8805970149253735,0.3082520999890867,Low stress,,,,,,,0.3082520999890867,
BGD.3.11.4.3_1,Narayanganj,Rupganj,Daudpur,13.2960861619134,0.0335391858247087,0.907374735356387,0.0053621812841718,0.062660502763873,0.907374735356387,0.250919732320121,Low stress,,,,,,,0.250919732320121,
BGD.3.11.4.4_1,Narayanganj,Rupganj,Golakandail,34.049136597512025,0.1008949518471738,0.3989726027397265,0.0161613461059817,0.1884997579286222,0.3989726027397265,0.1721826044023421,Low stress,,,,,,,0.1721826044023421,
BGD.3.11.4.5_1,Narayanganj,Rupganj,Kanchan Paurashava,20.4657906813958,0.0478470513185504,0.7743636089772562,0.0090930458657348,0.0893915644541511,0.7743636089772562,0.2285151681495609,Low stress,,,,,,,0.2285151681495609,
BGD.3.11.4.6_1,Narayanganj,Rupganj,Kayet Para,29.05348283244277,0.0344762337751292,0.9434857635892996,0.0135617818361847,0.0644111682688164,0.9434857635892996,0.2638400625258845,Low stress,,,,,,,0.2638400625258845,
BGD.3.11.4.7_1,Narayanganj,Rupganj,Mura Para,34.27762011845237,0.0944789315689518,0.9400179051029546,0.0162802409744426,0.1765128522691409,0.9400179051029546,0.303296070959715,Low stress,,,,,,,0.303296070959715,
BGD.3.11.4.8_1,Narayanganj,Rupganj,Rupganj,18.72148774283335,0.0364181459259259,0.8851370311476947,0.0081853713534428,0.0680391988455918,0.8851370311476947,0.2483721259242579,Low stress,,,,,,,0.2483721259242579,
BGD.3.11.4.9_1,Narayanganj,Rupganj,Tarabo Paurashava,75.64399853501733,0.1827712957752349,0.8583682425693202,0.0378058639178323,0.3414674805744253,0.8583682425693202,0.3492280244105118,Moderate stress,,,,,,,0.3492280244105118,
BGD.3.11.5.1_1,Narayanganj,Sonargaon,Baidyer Bazar,26.697352509605565,0.0619655439423386,0.9725497420781134,0.0123357336570535,0.1157688250918513,0.9725497420781134,0.2885908177644977,Low stress,,,,,,,0.2885908177644977,
BGD.3.11.5.2_1,Narayanganj,Sonargaon,Baradi,15.14983949514764,0.0399422434565849,0.9609296415903436,0.0063268099707689,0.0746231906041912,0.9609296415903436,0.2688812510973604,Low stress,,,,,,,0.2688812510973604,
BGD.3.11.5.3_1,Narayanganj,Sonargaon,Jampur,18.338880652836863,0.0380412276683463,0.1937500000000003,0.007986275946255,0.0710715657771706,0.1937500000000003,0.0765070584005118,Low stress,,,,,,,0.0765070584005118,
BGD.3.11.5.4_1,Narayanganj,Sonargaon,Kachpur,74.85662199313069,0.1429270410488309,0.8907334741925748,0.0373961405820245,0.2670273600999151,0.8907334741925748,0.3311014008159238,Moderate stress,,,,,,,0.3311014008159238,
BGD.3.11.5.5_1,Narayanganj,Sonargaon,Mugra Para,29.5469384458805,0.0597409369273797,0.62898376428142,0.0138185589552062,0.1116126420903346,0.62898376428142,0.2018377893840546,Low stress,,,,,,,0.2018377893840546,
BGD.3.11.5.6_1,Narayanganj,Sonargaon,Noagaon,13.31615521885042,0.0415411588454657,0.0072886297376093,0.0053726245225937,0.077610408083703,0.0072886297376093,0.0311348500727358,Low stress,,,,,,,0.0311348500727358,
BGD.3.11.5.7_1,Narayanganj,Sonargaon,Pirijpur,51.24703918302399,0.0943915390847337,0.9572553057225396,0.0251105357774816,0.1763495788662769,0.9572553057225396,0.3110803933448244,Low stress,,,,,,,0.3110803933448244,
BGD.3.11.5.8_1,Narayanganj,Sonargaon,Sadipur,26.063469895227023,0.0394214726275625,0.141304347826087,0.0120058832164353,0.0736502462357187,0.141304347826087,0.0659060264255974,Low stress,,,,,,,0.0659060264255974,
BGD.3.11.5.9_1,Narayanganj,Sonargaon,Sanmandi,20.84209186434724,0.0545369459962756,0.5244988864142545,0.0092888598984692,0.1018901434636271,0.5244988864142545,0.1705018157752208,Low stress,,,,,,,0.1705018157752208,
BGD.3.11.5.10_1,Narayanganj,Sonargaon,Shambhupura,21.85115963013928,0.0385909941023934,0.9549859614165376,0.0098139436278698,0.0720986819791005,0.9549859614165376,0.2679066064979675,Low stress,,,,,,,0.2679066064979675,
BGD.3.11.5.11_1,Narayanganj,Sonargaon,Sonargaon Paurashava,43.23732972729163,0.1075832963880558,0.4498567335243557,0.0209425618762141,0.200995440852473,0.4498567335243557,0.1911896124299401,Low stress,,,,,,,0.1911896124299401,
BGD.3.12.1.1_1,Narsingdi,Belabo,Amlaba,13.910017190585975,0.013881775983093,0.6243386243386246,0.0056816496143063,0.0259350082885805,0.6243386243386246,0.1674345688313819,Low stress,,,,,,,0.1674345688313819,
BGD.3.12.1.2_1,Narsingdi,Belabo,Bajnaba,12.805425838073177,0.0135099386786995,0.6793721973094177,0.0051068587365243,0.0252403130577114,0.6793721973094177,0.1807199023921631,Low stress,,,,,,,0.1807199023921631,
BGD.3.12.1.3_1,Narsingdi,Belabo,Belabo,17.30518944320513,0.0340508590086339,0.5345545378850963,0.0074483790340728,0.0636164502076515,0.5345545378850963,0.1588837436575812,Low stress,,,,,,,0.1588837436575812,
BGD.3.12.1.4_1,Narsingdi,Belabo,Binyabaid,13.27800485335823,0.0178716146467634,0.7434554973822002,0.005352772400794,0.0333891336784743,0.7434554973822002,0.1996911800933337,Low stress,,,,,,,0.1996911800933337,
BGD.3.12.1.5_1,Narsingdi,Belabo,Char Ujilaba,17.893468088709692,0.0278513790796223,0.8799171842650105,0.0077544987572272,0.0520341019879693,0.8799171842650105,0.2412930312649328,Low stress,,,,,,,0.2412930312649328,
BGD.3.12.1.6_1,Narsingdi,Belabo,Narayanpur,17.40447151004263,0.0193425560350197,0.2724719101123596,0.007500041964636,0.0361372602253157,0.2724719101123596,0.0837660353928048,Low stress,,,,,,,0.0837660353928048,
BGD.3.12.1.7_1,Narsingdi,Belabo,Patuli,13.094668462393871,0.0116736654325839,0.8144329896907219,0.0052573705267416,0.0218096452587129,0.8144329896907219,0.2133445714739267,Low stress,,,,,,,0.2133445714739267,
BGD.3.12.1.8_1,Narsingdi,Belabo,Sallabad,21.689761841211933,0.0301524698166641,0.8180055401662053,0.0097299578384115,0.0563331777986321,0.8180055401662053,0.2281099804064372,Low stress,,,,,,,0.2281099804064372,
BGD.3.12.2.1_1,Narsingdi,Manohardi,Bara Chapa,10.546443259794614,0.0171451421508034,0.7006880733944958,0.0039313628609598,0.0320318815352979,0.7006880733944958,0.1879557220303621,Low stress,,,,,,,0.1879557220303621,
BGD.3.12.2.2_1,Narsingdi,Manohardi,Chalak Char,13.360555246268222,0.0203454359007226,0.0240384615384615,0.0053957287508451,0.038010918009531,0.0240384615384615,0.0214717281882893,Low stress,,,,,,,0.0214717281882893,
BGD.3.12.2.3_1,Narsingdi,Manohardi,Chandanbari,15.63414249823722,0.0247080741314033,0.0,0.0065788243900608,0.0461615364037902,0.0,0.0187880674973509,Low stress,,,,,,,0.0187880674973509,
BGD.3.12.2.4_1,Narsingdi,Manohardi,Char Mandalia,12.61805529178212,0.0181678468718466,0.8191365227537926,0.0050093576285099,0.0339425776486288,0.8191365227537926,0.2186677759168722,Low stress,,,,,,,0.2186677759168722,
BGD.3.12.2.5_1,Narsingdi,Manohardi,Daulatpur,13.565579681223966,0.0234812809306999,0.8931888544891643,0.0055024163278091,0.0438695463970815,0.8931888544891643,0.2408525213923933,Low stress,,,,,,,0.2408525213923933,
BGD.3.12.2.6_1,Narsingdi,Manohardi,Ekduaria,14.318502629121038,0.0188315593248115,0.486928104575164,0.0058942112129849,0.0351825766220918,0.486928104575164,0.1364036124467171,Low stress,,,,,,,0.1364036124467171,
BGD.3.12.2.7_1,Narsingdi,Manohardi,Gotashia,10.274097512610336,0.0163911804434152,0.2745411013567441,0.0037896436172521,0.0306232719197702,0.2745411013567441,0.0808692779580064,Low stress,,,,,,,0.0808692779580064,
BGD.3.12.2.8_1,Narsingdi,Manohardi,Kanchikata,10.92077008507997,0.0180736270651228,0.1843971631205676,0.0041261495067123,0.0337665489134506,0.1843971631205676,0.0595680427025345,Low stress,,,,,,,0.0595680427025345,
BGD.3.12.2.9_1,Narsingdi,Manohardi,Khidirpur,12.95705569191314,0.0186888740211025,0.5021276595744688,0.0051857616326844,0.0349160008943997,0.5021276595744688,0.1398268198597309,Low stress,,,,,,,0.1398268198597309,
BGD.3.12.2.10_1,Narsingdi,Manohardi,Lebutala,12.48764917030305,0.0245867550007151,0.5520581113801459,0.0049414988236563,0.0459348786141965,0.5520581113801459,0.1560683348894678,Low stress,,,,,,,0.1560683348894678,
BGD.3.12.2.11_1,Narsingdi,Manohardi,Manohardi Paurashava,20.158163547963262,0.0446543841692255,0.0657894736842105,0.0089329674171275,0.0834267765854183,0.0657894736842105,0.0492199271928,Low stress,,,,,,,0.0492199271928,
BGD.3.12.2.12_1,Narsingdi,Manohardi,Shukundi,14.219679811126708,0.0173042963396136,0.3409669211195931,0.0058427872595286,0.0323292257087654,0.3409669211195931,0.0988940741817776,Low stress,,,,,,,0.0988940741817776,
BGD.3.12.3.1_1,Narsingdi,Narsingdi Sadar,Alokbali,16.44304232954727,0.0182751657786806,0.9720939929118138,0.0069997476962398,0.0341430791364536,0.9720939929118138,0.2577734750042081,Low stress,,,,,,,0.2577734750042081,
BGD.3.12.3.2_1,Narsingdi,Narsingdi Sadar,Amdia,18.52985697761098,0.0204074996568376,0.6376912378303212,0.0080856533758381,0.0381268703222051,0.6376912378303212,0.1760014754206873,Low stress,,,,,,,0.1760014754206873,
BGD.3.12.3.3_1,Narsingdi,Narsingdi Sadar,Char Dighaldi,14.611826066369725,0.0135604443856049,0.9785222510476942,0.0060468465161554,0.0253346717283028,0.9785222510476942,0.2559164364732917,Low stress,,,,,,,0.2559164364732917,
BGD.3.12.3.4_1,Narsingdi,Narsingdi Sadar,Chinishpur,72.5125661128499,0.1464196314282958,0.4458874458874459,0.0361763755223655,0.2735524877601193,0.4458874458874459,0.2216857823968494,Low stress,,,,,,,0.2216857823968494,
BGD.3.12.3.5_1,Narsingdi,Narsingdi Sadar,Hajipur,37.70180583324965,0.0507723022569801,0.9570571518787496,0.0180620679896727,0.0948567446606861,0.9570571518787496,0.2796889757967966,Low stress,,,,,,,0.2796889757967966,
BGD.3.12.3.6_1,Narsingdi,Narsingdi Sadar,Kanthalia,17.829640921893073,0.0380559397602298,0.04296875,0.007721285322089,0.0710990520458877,0.04296875,0.0387153698448963,Low stress,,,,,,,0.0387153698448963,
BGD.3.12.3.7_1,Narsingdi,Narsingdi Sadar,Karimpur,20.79010716637256,0.025953616176653,0.96426622029766,0.0092618088717595,0.0484885544529699,0.96426622029766,0.2617422726816583,Low stress,,,,,,,0.2617422726816583,
BGD.3.12.3.8_1,Narsingdi,Narsingdi Sadar,Madhabdi Paurashava,75.38286868401889,0.191817164723032,0.0370370370370371,0.0376699810359602,0.3583676730587488,0.0370370370370371,0.1497559372442054,Low stress,,,,,,,0.1497559372442054,
BGD.3.12.3.9_1,Narsingdi,Narsingdi Sadar,Mahishasura,34.6433575135284,0.0568963865399703,0.7255067567567576,0.0164705579797996,0.1062982328991333,0.7255067567567576,0.2251692938958059,Low stress,,,,,,,0.2251692938958059,
BGD.3.12.3.10_1,Narsingdi,Narsingdi Sadar,Meher Para,48.18603299790895,0.0833827098274859,0.6401709401709406,0.0235176947435228,0.1557820320061326,0.6401709401709406,0.2239735241422907,Low stress,,,,,,,0.2239735241422907,
BGD.3.12.3.11_1,Narsingdi,Narsingdi Sadar,Narsingdi Paurashava,123.84464411822002,0.2042800069792367,0.9227099236641224,0.0628878015243525,0.381651719538652,0.9227099236641224,0.3894107033642998,Moderate stress,,,,,,,0.3894107033642998,
BGD.3.12.3.12_1,Narsingdi,Narsingdi Sadar,Nazarpur,22.81322739793508,0.0209689767352624,0.976399893387608,0.0103145701948614,0.0391758652563209,0.976399893387608,0.2619373542645589,Low stress,,,,,,,0.2619373542645589,
BGD.3.12.3.13_1,Narsingdi,Narsingdi Sadar,Nuralla Pur U/C,24.7639615916428,0.0629316751103121,0.4597156398104271,0.0113296643443583,0.1175738261147583,0.4597156398104271,0.1606116148305155,Low stress,,,,,,,0.1606116148305155,
BGD.3.12.3.14_1,Narsingdi,Narsingdi Sadar,Paikar Char,28.26551488750769,0.0455257361150987,0.8336653386454189,0.0131517507548232,0.0850547037300441,0.8336653386454189,0.2434461812687995,Low stress,,,,,,,0.2434461812687995,
BGD.3.12.3.15_1,Narsingdi,Narsingdi Sadar,Panchdona,36.65124121021551,0.0535809904019095,0.7145899893503732,0.0175153907406911,0.1001041532348844,0.7145899893503732,0.2206901072660793,Low stress,,,,,,,0.2206901072660793,
BGD.3.12.3.16_1,Narsingdi,Narsingdi Sadar,Silmandi,55.51288739849786,0.0792895128107074,0.3058823529411767,0.0273303346512271,0.1481348045414166,0.3058823529411767,0.1392499036852808,Low stress,,,,,,,0.1392499036852808,
BGD.3.12.4.1_1,Narsingdi,Palash,Char Sindur,18.93459779012868,0.0364927950748356,0.9688664766498578,0.0082962664015259,0.0681786641631467,0.9688664766498578,0.2693976581801762,Low stress,,,,,,,0.2693976581801762,
BGD.3.12.4.2_1,Narsingdi,Palash,Danga,23.190119694555086,0.0459335961960687,0.8525311812179022,0.0105106918225663,0.0858166995001402,0.8525311812179022,0.2473729168585511,Low stress,,,,,,,0.2473729168585511,
BGD.3.12.4.3_1,Narsingdi,Palash,Gazaria,15.557014809566352,0.0264346151440277,0.3218390804597704,0.0065386898264762,0.0493871939513204,0.3218390804597704,0.1003607639284952,Low stress,,,,,,,0.1003607639284952,
BGD.3.12.4.4_1,Narsingdi,Palash,Ghorashal Paurashava,36.25757371731546,0.071854459199189,0.9176658673061552,0.0173105398849575,0.1342440619393445,0.9176658673061552,0.2833261044592924,Low stress,,,,,,,0.2833261044592924,
BGD.3.12.4.5_1,Narsingdi,Palash,Jinardi,14.646731647810595,0.0192407020819189,0.331436699857753,0.0060650101653187,0.035946968787022,0.331436699857753,0.0978666181060234,Low stress,,,,,,,0.0978666181060234,
BGD.3.12.5.1_1,Narsingdi,Roypura,Adiabad,15.168530854725075,0.020677619911326,0.8934796642995483,0.0063365363034566,0.0386315298879266,0.8934796642995483,0.239425566057044,Low stress,,,,,,,0.239425566057044,
BGD.3.12.5.2_1,Narsingdi,Roypura,Alipura,19.470573014797967,0.0154543242099322,0.2272727272727275,0.0085751692456919,0.0288729645952476,0.2272727272727275,0.0703537871247953,Low stress,,,,,,,0.0703537871247953,
BGD.3.12.5.3_1,Narsingdi,Roypura,Amirganj,26.166245580142352,0.0160207034503271,0.930173508252222,0.0120593641041978,0.0299311181277648,0.930173508252222,0.2478430140494523,Low stress,,,,,,,0.2478430140494523,
BGD.3.12.5.4_1,Narsingdi,Roypura,Banshgari,17.564724761091483,0.017426160746558,0.974979602937177,0.0075834321764353,0.0325569022256632,0.974979602937177,0.2581731893838505,Low stress,,,,,,,0.2581731893838505,
BGD.3.12.5.5_1,Narsingdi,Roypura,Chanderkandi,19.668758081736712,0.0307184762613422,0.6567028985507251,0.0086782978536879,0.0573906348453382,0.6567028985507251,0.1877337659750248,Low stress,,,,,,,0.1877337659750248,
BGD.3.12.5.6_1,Narsingdi,Roypura,Chandpur,17.4645543810119,0.0138254757800087,0.9860461380930384,0.0075313069985922,0.0258298238917556,0.9860461380930384,0.258564495684811,Low stress,,,,,,,0.258564495684811,
BGD.3.12.5.7_1,Narsingdi,Roypura,Char Aralia,18.6367817574876,0.0189959216708121,0.982750242954324,0.0081412933081462,0.0354896510779141,0.982750242954324,0.2613654559391095,Low stress,,,,,,,0.2613654559391095,
BGD.3.12.5.8_1,Narsingdi,Roypura,Char Madhua,16.766987757197104,0.014258977497039,0.9771806720292076,0.0071683176169518,0.0266397253509052,0.9771806720292076,0.2564863989268995,Low stress,,,,,,,0.2564863989268995,
BGD.3.12.5.9_1,Narsingdi,Roypura,Char Subuddi,19.5469225548796,0.0185371146929532,0.9515853177213524,0.008614898887846,0.034632472371953,0.9515853177213524,0.2534636543156601,Low stress,,,,,,,0.2534636543156601,
BGD.3.12.5.10_1,Narsingdi,Roypura,Daukar Char,28.028273619002785,0.0182985493276784,0.8405253283302067,0.0130282986594761,0.0341867660924895,0.8405253283302067,0.2273080196787134,Low stress,,,,,,,0.2273080196787134,
BGD.3.12.5.11_1,Narsingdi,Roypura,Hairmara,19.2826741817531,0.0173136322580645,0.901605599011939,0.0084773932356459,0.0323466677941802,0.901605599011939,0.2401136907752062,Low stress,,,,,,,0.2401136907752062,
BGD.3.12.5.12_1,Narsingdi,Roypura,Maheshpur,21.531108134608075,0.0305013058728729,0.9028108623153884,0.0096473999738449,0.056984900317433,0.9028108623153884,0.2495063906794866,Low stress,,,,,,,0.2495063906794866,
BGD.3.12.5.13_1,Narsingdi,Roypura,Marjal,22.71761053008884,0.0269359056300642,0.8193779904306223,0.0102648145062304,0.0503237436353218,0.8193779904306223,0.2265637336825104,Low stress,,,,,,,0.2265637336825104,
BGD.3.12.5.14_1,Narsingdi,Roypura,Mirzanagar,21.46784928915508,0.0219704894580079,0.4043321299638991,0.0096144822733553,0.0410469688382515,0.4043321299638991,0.1192952644937049,Low stress,,,,,,,0.1192952644937049,
BGD.3.12.5.15_1,Narsingdi,Roypura,Mirzapur,21.26937156364006,0.0166179071780647,0.4368770764119607,0.0095112013760267,0.0310468603532343,0.4368770764119607,0.1238901507770329,Low stress,,,,,,,0.1238901507770329,
BGD.3.12.5.16_1,Narsingdi,Roypura,Mirzar Char,17.011595027351312,0.0158308781869688,0.9487962316817862,0.0072956027230718,0.0295764718790012,0.9487962316817862,0.2504690641673257,Low stress,,,,,,,0.2504690641673257,
BGD.3.12.5.17_1,Narsingdi,Roypura,Musapur,25.454496591994527,0.0250967859892224,0.97050887870992,0.0116889947139909,0.0468877579813957,0.97050887870992,0.2637135328565648,Low stress,,,,,,,0.2637135328565648,
BGD.3.12.5.18_1,Narsingdi,Roypura,Nilakhya,17.98175993377187,0.0136919041045554,0.977511843967267,0.0078004427590599,0.0255802749497312,0.977511843967267,0.2564512343278466,Low stress,,,,,,,0.2564512343278466,
BGD.3.12.5.19_1,Narsingdi,Roypura,Palashtali,20.308851558721468,0.02355742856029,0.8697368421052635,0.009011380210943,0.0440118112922203,0.8697368421052635,0.2364428965629702,Low stress,,,,,,,0.2364428965629702,
BGD.3.12.5.20_1,Narsingdi,Roypura,Paratali,15.03977310419952,0.0192338762959423,0.9610889256842317,0.0062695352534507,0.0359342163253705,0.9610889256842317,0.2553570212363178,Low stress,,,,,,,0.2553570212363178,
BGD.3.12.5.21_1,Narsingdi,Roypura,Radhanagar,18.753809015502004,0.0134815280311732,0.6434426229508202,0.0082021902183071,0.0251872340871261,0.6434426229508202,0.172957063755522,Low stress,,,,,,,0.172957063755522,
BGD.3.12.5.22_1,Narsingdi,Roypura,Roypura,17.820236628597833,0.0117746954147919,0.9743106588782112,0.0077163916553173,0.0219983972908125,0.9743106588782112,0.2543636604334641,Low stress,,,,,,,0.2543636604334641,
BGD.3.12.5.23_1,Narsingdi,Roypura,Roypura Paurashava,19.166360539422,0.0314398493500182,0.9218071242397916,0.0084168676662383,0.0587383598811518,0.9218071242397916,0.2543769540848464,Low stress,,,,,,,0.2543769540848464,
BGD.3.12.5.24_1,Narsingdi,Roypura,Sreenagar,15.733264776371012,0.015018881298929,0.9751584879079592,0.0066304041721464,0.0280594364472768,0.9751584879079592,0.2562625864023952,Low stress,,,,,,,0.2562625864023952,
BGD.3.12.5.25_1,Narsingdi,Roypura,Uttar Bakharnagar,20.23429542649021,0.0167322110054268,0.2530120481927713,0.0089725837957875,0.0312604116101962,0.2530120481927713,0.0777831896300765,Low stress,,,,,,,0.0777831896300765,
BGD.3.12.6.1_1,Narsingdi,Shibpur,Ayubpur,16.82252886462589,0.0165303743315508,0.2568627450980394,0.0071972192753066,0.0308833247146657,0.2568627450980394,0.0779037376347655,Low stress,,,,,,,0.0779037376347655,
BGD.3.12.6.2_1,Narsingdi,Shibpur,Baghaba,10.741600320102991,0.0182598079742704,0.7554585152838432,0.0040329157997411,0.0341143864976185,0.7554585152838432,0.2024178304150237,Low stress,,,,,,,0.2024178304150237,
BGD.3.12.6.3_1,Narsingdi,Shibpur,Chak Radha,10.143210991332737,0.0123615652895527,0.2224334600760461,0.003721534829071,0.0230948330123496,0.2224334600760461,0.0651801705049623,Low stress,,,,,,,0.0651801705049623,
BGD.3.12.6.4_1,Narsingdi,Shibpur,Dulalpur,9.397936063696635,0.0161811770048756,0.8459348307497631,0.0033337197073335,0.0302309272424185,0.8459348307497631,0.2233980201052207,Low stress,,,,,,,0.2233980201052207,
BGD.3.12.6.5_1,Narsingdi,Shibpur,Josar,11.12721768227738,0.0232098419173891,0.8537414965986398,0.0042335776477521,0.0433624230240611,0.8537414965986398,0.2303056532671822,Low stress,,,,,,,0.2303056532671822,
BGD.3.12.6.6_1,Narsingdi,Shibpur,Joynagar,7.005589770724425,0.0140346849800416,0.1381011097410606,0.0020888259983906,0.026220684711258,0.1381011097410606,0.0445380474835617,Low stress,,,,,,,0.0445380474835617,
BGD.3.12.6.7_1,Narsingdi,Shibpur,Masimpur,10.42618224341305,0.0121368180709372,0.4658333333333338,0.0038687832155447,0.0226749428639473,0.4658333333333338,0.1259420766219329,Low stress,,,,,,,0.1259420766219329,
BGD.3.12.6.8_1,Narsingdi,Shibpur,Putia,32.68676404157312,0.0568839398655254,0.5768421052631586,0.0154524148659237,0.1062749790586098,0.5768421052631586,0.1875877349326726,Low stress,,,,,,,0.1875877349326726,
BGD.3.12.6.9_1,Narsingdi,Shibpur,Sadhar Char,12.493462878235452,0.0166306292429688,0.5606694560669461,0.00494452407483,0.0310706286995279,0.5606694560669461,0.1530198936915033,Low stress,,,,,,,0.1530198936915033,
BGD.3.12.6.10_1,Narsingdi,Shibpur,Shibpur Paurashava,21.266247657152658,0.0404107012596352,0.2125000000000001,0.0095095758038656,0.0754983997287122,0.2125000000000001,0.0833532702265955,Low stress,,,,,,,0.0833532702265955,
BGD.3.14.1.1_1,Rajbari,Balia Kandi,Baharpur,8.346792118077122,0.019562743854173,0.7393101255762209,0.0027867409990507,0.0365486321507625,0.7393101255762209,0.1987342490464424,Low stress,,,,,,,0.1987342490464424,
BGD.3.14.1.2_1,Rajbari,Balia Kandi,Baliakandi,7.427371820027961,0.0180236975533654,0.1937984496124034,0.0023083066903228,0.03367326673523,0.1937984496124034,0.0611585784365605,Low stress,,,,,,,0.0611585784365605,
BGD.3.14.1.3_1,Rajbari,Balia Kandi,Islampur,7.297786006854153,0.0152675425959008,0.714285714285715,0.002240874745348,0.0285240047277235,0.714285714285715,0.1894511801242712,Low stress,,,,,,,0.1894511801242712,
BGD.3.14.1.4_1,Rajbari,Balia Kandi,Jamalpur,7.976872352094519,0.0147656418846791,0.4929048414023382,0.0025942476335048,0.0275863149738021,0.4929048414023382,0.1339191196448172,Low stress,,,,,,,0.1339191196448172,
BGD.3.14.1.5_1,Rajbari,Balia Kandi,Jangal,7.042182564654818,0.0116873934029439,0.8658101356174166,0.0021078676141844,0.0218352929154325,0.8658101356174166,0.2249380334704293,Low stress,,,,,,,0.2249380334704293,
BGD.3.14.1.6_1,Rajbari,Balia Kandi,Narua,7.172970848504337,0.019600938120517,0.8363281250000004,0.0021759252830286,0.0366199896352381,0.8363281250000004,0.2227693977355449,Low stress,,,,,,,0.2227693977355449,
BGD.3.14.1.7_1,Rajbari,Balia Kandi,Nawabpur,6.981998651121293,0.0212240076140436,0.0757894736842106,0.002076550001196,0.0396523336824856,0.0757894736842106,0.033656305210401,Low stress,,,,,,,0.033656305210401,
BGD.3.14.2.1_1,Rajbari,Goalandaghat,Chhota Bhakla,8.252125838828244,0.016330740100826,0.3280839895013128,0.0027374799636261,0.0305103525938911,0.3280839895013128,0.0937946127686405,Low stress,,,,,,,0.0937946127686405,
BGD.3.14.2.2_1,Rajbari,Goalandaghat,Daulatdia,13.109156292104348,0.0134929428599624,0.9916142557652028,0.0052649094888542,0.0252085601537346,0.9916142557652028,0.2588325237906495,Low stress,,,,,,,0.2588325237906495,
BGD.3.14.2.3_1,Rajbari,Goalandaghat,Debagram,6.914576942254949,0.0075656739243131,0.9611601257478954,0.0020414660915378,0.0141347775799533,0.9611601257478954,0.2460537900265726,Low stress,,,,,,,0.2460537900265726,
BGD.3.14.2.4_1,Rajbari,Goalandaghat,Goalandaghat Paurashava,7.934102731830217,0.0135056663343303,0.0581395348837209,0.002571991812365,0.0252323311332975,0.0581395348837209,0.0243949963425303,Low stress,,,,,,,0.0243949963425303,
BGD.3.14.2.5_1,Rajbari,Goalandaghat,Ujan Char,8.530486195231791,0.0197739620801073,0.9334662462908034,0.0028823290005418,0.0369432463879449,0.9334662462908034,0.2474496294086983,Low stress,,,,,,,0.2474496294086983,
BGD.3.14.3.1_1,Rajbari,Kalukhali,Boalia,7.677314541197501,0.0177193842056093,0.2514220705346986,0.0024383681793698,0.0331047249862498,0.2514220705346986,0.07541751865061,Low stress,,,,,,,0.07541751865061,
BGD.3.14.3.2_1,Rajbari,Kalukhali,Kalikapur,7.008536197494981,0.0159243874019582,0.6852713178294575,0.0020903592162869,0.0297511730317041,0.6852713178294575,0.1825668837049756,Low stress,,,,,,,0.1825668837049756,
BGD.3.14.3.3_1,Rajbari,Kalukhali,Madapur,6.119004762165353,0.0147048197884143,0.0155038759689922,0.0016274780309828,0.0274726824261599,0.0155038759689922,0.0141423990537971,Low stress,,,,,,,0.0141423990537971,
BGD.3.14.3.4_1,Rajbari,Kalukhali,Majhbari,6.579445333942751,0.0185464173354735,0.1425000000000002,0.0018670752719138,0.0346498522886988,0.1425000000000002,0.0484992784098102,Low stress,,,,,,,0.0484992784098102,
BGD.3.14.3.5_1,Rajbari,Kalukhali,Mrigi,6.005920652817999,0.022781552735197,0.3563852354688166,0.001568632998087,0.0425622600259268,0.3563852354688166,0.1046205530755133,Low stress,,,,,,,0.1046205530755133,
BGD.3.14.3.6_1,Rajbari,Kalukhali,Ratandia,6.202918325600313,0.0145998585133977,0.9405811110479289,0.0016711437275092,0.0272765856485682,0.9405811110479289,0.2453605402299848,Low stress,,,,,,,0.2453605402299848,
BGD.3.14.3.7_1,Rajbari,Kalukhali,Saorail,6.3010544903850505,0.0213784119148224,0.8359026369168359,0.0017222103705447,0.0399408037475095,0.8359026369168359,0.2236438246890552,Low stress,,,,,,,0.2236438246890552,
BGD.3.14.4.1_1,Rajbari,Pangsha,Babupara,9.904002337095712,0.0170793497726959,0.3207547169811323,0.0035970589746935,0.0319089631224362,0.3207547169811323,0.0927956399280131,Low stress,,,,,,,0.0927956399280131,
BGD.3.14.4.2_1,Rajbari,Pangsha,Bahadurpur,8.228653733164263,0.0162210752437555,0.9920116844019196,0.0027252658971414,0.0303054682202668,0.9920116844019196,0.2596999413364299,Low stress,,,,,,,0.2596999413364299,
BGD.3.14.4.3_1,Rajbari,Pangsha,Habaspur,8.310976370140477,0.0160099055442601,0.9831621900363215,0.0027681037309351,0.0299109446439333,0.9831621900363215,0.2573666196268311,Low stress,,,,,,,0.2573666196268311,
BGD.3.14.4.4_1,Rajbari,Pangsha,Jashai,8.014018626833812,0.0174559601721459,0.3093922651933704,0.0026135772614393,0.0326125758189094,0.3093922651933704,0.0898078987395366,Low stress,,,,,,,0.0898078987395366,
BGD.3.14.4.5_1,Rajbari,Pangsha,Kalimahar,8.992304899108712,0.0127992283669067,0.590604026845638,0.0031226433734307,0.0239125090469295,0.590604026845638,0.1572694422272071,Low stress,,,,,,,0.1572694422272071,
BGD.3.14.4.6_1,Rajbari,Pangsha,Kasba Majhail,7.510879122968783,0.0206034710607435,0.9045692883895136,0.0023517609830342,0.0384929992664277,0.9045692883895136,0.2405555762338418,Low stress,,,,,,,0.2405555762338418,
BGD.3.14.4.7_1,Rajbari,Pangsha,Machh Para,9.172179962273187,0.0203482311819578,0.6079295154185026,0.00321624409302,0.0380161403702788,0.6079295154185026,0.1665745256214313,Low stress,,,,,,,0.1665745256214313,
BGD.3.14.4.8_1,Rajbari,Pangsha,Maurat,8.203344618019889,0.0169770836785418,0.3960396039603965,0.0027120959148881,0.0317179016903285,0.3960396039603965,0.1111960049476694,Low stress,,,,,,,0.1111960049476694,
BGD.3.14.4.9_1,Rajbari,Pangsha,Pangsha Paurashava,19.2703800015626,0.0542348888432861,0.285714285714286,0.0084709957723603,0.1013258169123308,0.285714285714286,0.1102810056568313,Low stress,,,,,,,0.1102810056568313,
BGD.3.14.4.10_1,Rajbari,Pangsha,Patta,8.317689594297333,0.0175760939573949,0.1437740693196407,0.0027715970590307,0.0328370190544123,0.1437740693196407,0.0485451128225667,Low stress,,,,,,,0.0485451128225667,
BGD.3.14.4.11_1,Rajbari,Pangsha,Sarisha,7.746925803301948,0.0166344166100099,0.2500000000000003,0.0024745914562925,0.0310777045517619,0.2500000000000003,0.0743670331756338,Low stress,,,,,,,0.0743670331756338,
BGD.3.14.5.1_1,Rajbari,Rajbari Sadar,Alipur,9.69719047266795,0.0108255308864032,0.4896810506566609,0.0034894412816709,0.0202250946571316,0.4896810506566609,0.1308948223068297,Low stress,,,,,,,0.1308948223068297,
BGD.3.14.5.2_1,Rajbari,Rajbari Sadar,Banibaha,9.749525200014984,0.0211966137660132,0.6252699784017284,0.0035166744514779,0.0396011543754149,0.6252699784017284,0.1715845684124185,Low stress,,,,,,,0.1715845684124185,
BGD.3.14.5.3_1,Rajbari,Rajbari Sadar,Barat,9.010425416177272,0.0122485556189541,0.9541699278198018,0.0031320726595535,0.0228836995992162,0.9541699278198018,0.2478046058784975,Low stress,,,,,,,0.2478046058784975,
BGD.3.14.5.4_1,Rajbari,Rajbari Sadar,Basantapur,8.422701680170206,0.0150691901039117,0.0721769499417929,0.0028262416919796,0.0281534272504567,0.0721769499417929,0.0290284336998999,Low stress,,,,,,,0.0290284336998999,
BGD.3.14.5.5_1,Rajbari,Rajbari Sadar,Chandani,7.226321517720507,0.0185891697013838,0.9645232815964524,0.002203687113609,0.0347297255675639,0.9645232815964524,0.2541676991932041,Low stress,,,,,,,0.2541676991932041,
BGD.3.14.5.6_1,Rajbari,Rajbari Sadar,Dadshi,12.731671593121876,0.0192534911066659,0.2878103837471788,0.0050684795955875,0.0359708622328765,0.2878103837471788,0.0865697895565365,Low stress,,,,,,,0.0865697895565365,
BGD.3.14.5.7_1,Rajbari,Rajbari Sadar,Khanganj,5.813499272455728,0.0168411056775611,0.9892628297638988,0.0014685036118929,0.0314638570647133,0.9892628297638988,0.2589154588583815,Low stress,,,,,,,0.2589154588583815,
BGD.3.14.5.8_1,Rajbari,Rajbari Sadar,Khankhanapur,11.754637867507329,0.0231187856468617,0.0656455142231948,0.0045600652652643,0.0431923046520508,0.0656455142231948,0.0333527112901222,Low stress,,,,,,,0.0333527112901222,
BGD.3.14.5.9_1,Rajbari,Rajbari Sadar,Mizanpur,10.83015383279836,0.0113366780112178,0.9964008628395068,0.0040789959642988,0.0211800592765647,0.9964008628395068,0.2581448348423939,Low stress,,,,,,,0.2581448348423939,
BGD.3.14.5.10_1,Rajbari,Rajbari Sadar,Mulghar,8.762834813202826,0.0167785952343165,0.6734355573974311,0.0030032351309141,0.0313470702165718,0.6734355573974311,0.1805316579775235,Low stress,,,,,,,0.1805316579775235,
BGD.3.14.5.11_1,Rajbari,Rajbari Sadar,Panchuria,9.571952137513431,0.0052066459172464,0.2720403022670029,0.0034242716128774,0.0097274588773044,0.2720403022670029,0.0727843948189582,Low stress,,,,,,,0.0727843948189582,
BGD.3.14.5.12_1,Rajbari,Rajbari Sadar,Rajbari Paurashava,39.74318844610717,0.1037480084685955,0.4717948717948723,0.0191243324201012,0.1938300591245557,0.4717948717948723,0.193438971610353,Low stress,,,,,,,0.193438971610353,
BGD.3.14.5.13_1,Rajbari,Rajbari Sadar,Ramkantapur,13.821270873733347,0.0237057915345888,0.5993322203672794,0.0056354691211786,0.0442889944835385,0.5993322203672794,0.1675883908095298,Low stress,,,,,,,0.1675883908095298,
BGD.3.14.5.14_1,Rajbari,Rajbari Sadar,Shahid Wahabpur,10.063571658962308,0.0108533338422197,0.6149732620320859,0.003680093293561,0.0202770382910316,0.6149732620320859,0.1623123162273069,Low stress,,,,,,,0.1623123162273069,
BGD.3.14.5.15_1,Rajbari,Rajbari Sadar,Sultanpur,7.865184930877326,0.0135091849835661,0.1270270270270273,0.0025361293884791,0.02523890494613,0.1270270270270273,0.041604825243294,Low stress,,,,,,,0.041604825243294,
BGD.3.15.1.1_1,Shariatpur,Bhedarganj,Arshi Nagar,7.3045202977694546,0.027984462715885,0.5286214953271037,0.0022443790358511,0.0522827391374054,0.5286214953271037,0.1513520841442083,Low stress,,,,,,,0.1513520841442083,
BGD.3.15.1.2_1,Shariatpur,Bhedarganj,Bhedarganj Paurashava,21.07043596110914,0.0522349492521367,0.8794326241134757,0.0094076822154424,0.097589374980384,0.8794326241134757,0.2577775101576803,Low stress,,,,,,,0.2577775101576803,
BGD.3.15.1.3_1,Shariatpur,Bhedarganj,Char Bhaga,8.187165847905916,0.0393572637583579,0.685314685314686,0.0027036770462685,0.073530286256747,0.685314685314686,0.1981457423370403,Low stress,,,,,,,0.1981457423370403,
BGD.3.15.1.4_1,Shariatpur,Bhedarganj,Char Census,8.102727763196079,0.0208869056000715,0.8660229330114649,0.0026597384071345,0.0390225336095618,0.8660229330114649,0.2312275153790666,Low stress,,,,,,,0.2312275153790666,
BGD.3.15.1.5_1,Shariatpur,Bhedarganj,Char Kumaria,9.07284050925543,0.0170823184996901,0.6434659090909096,0.0031645513006869,0.031914509527975,0.6434659090909096,0.1733023761277934,Low stress,,,,,,,0.1733023761277934,
BGD.3.15.1.6_1,Shariatpur,Bhedarganj,Chhaygaon,9.389716082944693,0.0145993217841138,0.2208657047724753,0.0033294423155714,0.0272755828893792,0.2208657047724753,0.0660946571306301,Low stress,,,,,,,0.0660946571306301,
BGD.3.15.1.7_1,Shariatpur,Bhedarganj,Dhakhin Tarabunia,7.992302283581257,0.0235450923248559,0.8364805976343641,0.0026022768325776,0.0439887637824044,0.8364805976343641,0.2255571274654636,Low stress,,,,,,,0.2255571274654636,
BGD.3.15.1.8_1,Shariatpur,Bhedarganj,Digar Mahishkhali,8.682979445197011,0.0215350036254652,0.6968698517298194,0.0029616811779819,0.0402333605009386,0.6968698517298194,0.1894838115789761,Low stress,,,,,,,0.1894838115789761,
BGD.3.15.1.9_1,Shariatpur,Bhedarganj,Kachikata,8.284830505616986,0.0086163305154762,0.9834044504002536,0.0027544983334407,0.0160976955404113,0.9834044504002536,0.2525871053725836,Low stress,,,,,,,0.2525871053725836,
BGD.3.15.1.10_1,Shariatpur,Bhedarganj,Mahisar,11.681202527608908,0.0266692969543673,0.5831702544031316,0.0045218520714126,0.0498256446728815,0.5831702544031316,0.1650402800648565,Low stress,,,,,,,0.1650402800648565,
BGD.3.15.1.11_1,Shariatpur,Bhedarganj,Narayanpur,10.36541893624129,0.0214856389755304,0.9130434782608698,0.0038371641062816,0.0401411336412932,0.9130434782608698,0.2438451319821827,Low stress,,,,,,,0.2438451319821827,
BGD.3.15.1.12_1,Shariatpur,Bhedarganj,Rambhadrapur,11.234447769716528,0.021881643130193,0.8492753623188406,0.0042893764514849,0.0408809792522579,0.8492753623188406,0.2283429338985944,Low stress,,,,,,,0.2283429338985944,
BGD.3.15.1.13_1,Shariatpur,Bhedarganj,Sakhipur,8.155846956246354,0.0309627059289259,0.7429533024821207,0.0026873797855782,0.0578469236127707,0.7429533024821207,0.2070597007992312,Low stress,,,,,,,0.2070597007992312,
BGD.3.15.1.14_1,Shariatpur,Bhedarganj,Tarabunia,8.053185229087669,0.0244634550931782,0.93333333333333,0.0026339581974642,0.0457045201839895,0.93333333333333,0.2503834986767145,Low stress,,,,,,,0.2503834986767145,
BGD.3.15.2.1_1,Shariatpur,Damudya,Damudya Paurashava,14.250239226930184,0.0430702828001854,0.8103448275862073,0.0058586893154285,0.080467235804322,0.8103448275862073,0.2330932151542359,Low stress,,,,,,,0.2330932151542359,
BGD.3.15.2.2_1,Shariatpur,Damudya,Darul Aman,16.44944164664967,0.0334289768099789,0.54,0.0070030776780345,0.0624546017527938,0.54,0.1596603416846916,Low stress,,,,,,,0.1596603416846916,
BGD.3.15.2.3_1,Shariatpur,Damudya,Dhankati,8.130178441632493,0.0127801921676026,0.1016949152542373,0.0026740227843553,0.0238769441460598,0.1016949152542373,0.0348502683784224,Low stress,,,,,,,0.0348502683784224,
BGD.3.15.2.4_1,Shariatpur,Damudya,Islam Pur,8.829669399414268,0.0174473698415035,0.4510638297872344,0.0030380135223865,0.0325965266983442,0.4510638297872344,0.1253899472001836,Low stress,,,,,,,0.1253899472001836,
BGD.3.15.2.5_1,Shariatpur,Damudya,Kaneshwar,10.7980561398353,0.02089199069081,0.4253578732106343,0.0040622934425282,0.0390320339696462,0.4253578732106343,0.121625597569046,Low stress,,,,,,,0.121625597569046,
BGD.3.15.2.6_1,Shariatpur,Damudya,Purba Damudya,8.858246429666222,0.0185097999707681,0.5691927512355854,0.0030528840138723,0.0345814408939106,0.5691927512355854,0.155622845727314,Low stress,,,,,,,0.155622845727314,
BGD.3.15.2.7_1,Shariatpur,Damudya,Sidulkura,9.409931463178868,0.0116446973145197,0.6023222060957916,0.0033399616955422,0.0217555247785226,0.6023222060957916,0.1595309698746477,Low stress,,,,,,,0.1595309698746477,
BGD.3.15.2.8_1,Shariatpur,Damudya,Sidya,10.83186258318438,0.0280345258538446,0.4451612903225807,0.0040798851385007,0.0523762709664391,0.4451612903225807,0.1312539714742992,Low stress,,,,,,,0.1312539714742992,
BGD.3.15.3.1_1,Shariatpur,Gosairhat,Gariber Char,5.6262790105466,0.014996325593872,0.9780264803553712,0.0013710807066379,0.028017296133363,0.9780264803553712,0.2548611060181751,Low stress,,,,,,,0.2548611060181751,
BGD.3.15.3.2_1,Shariatpur,Gosairhat,Gosairhat,8.684518016368614,0.0211641901811569,0.8303238750358272,0.0029624817968462,0.0395405781247235,0.8303238750358272,0.2226051638213485,Low stress,,,,,,,0.2226051638213485,
BGD.3.15.3.3_1,Shariatpur,Gosairhat,Idilpur,8.241633490235435,0.0130655940263313,0.8629710370601062,0.0027320201107638,0.0244101539875613,0.8629710370601062,0.2253791212049786,Low stress,,,,,,,0.2253791212049786,
BGD.3.15.3.4_1,Shariatpur,Gosairhat,Kodalpur,5.35895882630874,0.0119864957114581,0.9792086041295216,0.0012319765908965,0.0223940989975863,0.9792086041295216,0.2531328763178942,Low stress,,,,,,,0.2531328763178942,
BGD.3.15.3.5_1,Shariatpur,Gosairhat,Kuchaipatti,5.989590982936523,0.0123827057299674,0.957946310094922,0.0015601356064827,0.0231343292193225,0.957946310094922,0.2482076469930865,Low stress,,,,,,,0.2482076469930865,
BGD.3.15.3.6_1,Shariatpur,Gosairhat,Nager Para,6.232424115362698,0.0107186345773267,0.0,0.0016864975131048,0.0200253826991448,0.0,0.0076834829499426,Low stress,,,,,,,0.0076834829499426,
BGD.3.15.3.7_1,Shariatpur,Gosairhat,Nalmuri,7.13330816302001,0.0161254490160213,0.956446424152438,0.0021552862025643,0.0301268119005053,0.956446424152438,0.2505181046843121,Low stress,,,,,,,0.2505181046843121,
BGD.3.15.3.8_1,Shariatpur,Gosairhat,Samantasar,7.676106738867382,0.0130973611372369,0.5797101449275366,0.0024377396810931,0.0244695037628094,0.5797101449275366,0.1544669584213047,Low stress,,,,,,,0.1544669584213047,
BGD.3.15.4.1_1,Shariatpur,Naria,Bhojeshwar,11.6206118906625,0.0254073231024799,0.6241197183098599,0.0044903228137224,0.0474679274507816,0.6241197183098599,0.1744398333107275,Low stress,,,,,,,0.1744398333107275,
BGD.3.15.4.2_1,Shariatpur,Naria,Bhumkhara,10.11931062719562,0.0232075813161875,0.2765432098765433,0.0037090979117889,0.0433581995939343,0.2765432098765433,0.0857948114917284,Low stress,,,,,,,0.0857948114917284,
BGD.3.15.4.3_1,Shariatpur,Naria,Bijhari,10.006944333609464,0.014726850080237,0.3172496984318462,0.0036506264052208,0.0275138411224044,0.3172496984318462,0.0904025195628914,Low stress,,,,,,,0.0904025195628914,
BGD.3.15.4.4_1,Shariatpur,Naria,Chamta,10.248731566142697,0.0217275748757843,0.2187147688838785,0.0037764440619571,0.0405931370150713,0.2187147688838785,0.0703968678010274,Low stress,,,,,,,0.0703968678010274,
BGD.3.15.4.5_1,Shariatpur,Naria,Char Atra,9.198979817498994,0.0,1.0,0.0032301898045039,0.0,1.0,0.2512920759218016,Low stress,,,,,,,0.2512920759218016,
BGD.3.15.4.6_1,Shariatpur,Naria,Dinga Manik,10.522654698281723,0.0234868224647821,0.6440944881889766,0.0039189841218704,0.0438798995199477,0.6440944881889766,0.177949180527974,Low stress,,,,,,,0.177949180527974,
BGD.3.15.4.7_1,Shariatpur,Naria,Fateh Jangapur,10.465762831060257,0.0267914276094276,0.5650000000000005,0.0038893795751532,0.050053818615116,0.5650000000000005,0.160324588345352,Low stress,,,,,,,0.160324588345352,
BGD.3.15.4.8_1,Shariatpur,Naria,Gharisar,10.354017377489354,0.0150718319035725,0.9929520694658795,0.0038312311321113,0.0281583628650483,0.9929520694658795,0.2596259368220813,Low stress,,,,,,,0.2596259368220813,
BGD.3.15.4.9_1,Shariatpur,Naria,Japsa,11.13129196152406,0.0162654650814267,0.4769647696476969,0.0042356977608049,0.0303884007506097,0.4769647696476969,0.1315714117789596,Low stress,,,,,,,0.1315714117789596,
BGD.3.15.4.10_1,Shariatpur,Naria,Kedarpur,13.974381085466652,0.0137509593377681,0.9929609445958208,0.00571514234404,0.0256906065070709,0.9929609445958208,0.259518005364046,Low stress,,,,,,,0.259518005364046,
BGD.3.15.4.11_1,Shariatpur,Naria,Muktarer Char,11.38661661092856,0.024068334421402,0.8299368800721375,0.0043685598179057,0.0449663251641314,0.8299368800721375,0.2249698577526427,Low stress,,,,,,,0.2249698577526427,
BGD.3.15.4.12_1,Shariatpur,Naria,Naria Paurashava,16.33856467491772,0.0363212822164948,0.6721611721611725,0.0069453811627009,0.0678582305667478,0.6721611721611725,0.1945688262037352,Low stress,,,,,,,0.1945688262037352,
BGD.3.15.4.13_1,Shariatpur,Naria,Nasasan,9.582709277910864,0.0293520069486484,0.191891891891892,0.0034298692541747,0.0548376911158062,0.191891891891892,0.0685381125651751,Low stress,,,,,,,0.0685381125651751,
BGD.3.15.4.14_1,Shariatpur,Naria,Noapara,9.279763980133092,0.0047989896812657,0.9566232418722612,0.0032722270698199,0.0089658439461942,0.9566232418722612,0.2436027466771612,Low stress,,,,,,,0.2436027466771612,
BGD.3.15.4.15_1,Shariatpur,Naria,Rajnagar,9.178524520812866,0.0278905984152447,0.0,0.0032195455803654,0.0521073745862073,0.0,0.0195253993373187,Low stress,,,,,,,0.0195253993373187,
BGD.3.15.5.1_1,Shariatpur,Shariatpur Sadar,Angaria,8.281170430220811,0.0169533467195214,0.7857974388824219,0.002752593757649,0.0316735544663357,0.7857974388824219,0.2086361412868826,Low stress,,,,,,,0.2086361412868826,
BGD.3.15.5.2_1,Shariatpur,Shariatpur Sadar,Binodpur,7.461861292759551,0.0117295618688003,0.4272151898734183,0.0023262538110028,0.0219140753070252,0.4272151898734183,0.1154042253502145,Low stress,,,,,,,0.1154042253502145,
BGD.3.15.5.3_1,Shariatpur,Shariatpur Sadar,Chandrapur,7.064253685047423,0.0161247289766635,0.5069984447900473,0.0021193526567164,0.0301254666672488,0.5069984447900473,0.1381412655937355,Low stress,,,,,,,0.1381412655937355,
BGD.3.15.5.4_1,Shariatpur,Shariatpur Sadar,Chikandi,7.746712155674105,0.0145436027713625,0.1599264705882354,0.0024744802815063,0.0271714843173163,0.1599264705882354,0.050481429270722,Low stress,,,,,,,0.050481429270722,
BGD.3.15.5.5_1,Shariatpur,Shariatpur Sadar,Chitalia,8.418502261158697,0.0184275115863226,0.0723684210526316,0.0028240564605505,0.0344277033652798,0.0723684210526316,0.031271424025226,Low stress,,,,,,,0.031271424025226,
BGD.3.15.5.6_1,Shariatpur,Shariatpur Sadar,Domsar,10.782560358640016,0.016871219223196,0.7068702290076335,0.00405422997756,0.031520117521343,0.7068702290076335,0.1893712903754024,Low stress,,,,,,,0.1893712903754024,
BGD.3.15.5.7_1,Shariatpur,Shariatpur Sadar,Mohammadpur,7.131343677808453,0.0079584543981545,0.0,0.0021542639528639,0.0148686004609072,0.0,0.0060657157424631,Low stress,,,,,,,0.0060657157424631,
BGD.3.15.5.8_1,Shariatpur,Shariatpur Sadar,Palong,9.788306525575774,0.0159313086843028,0.202846975088968,0.0035368549029271,0.0297641039070613,0.202846975088968,0.0625439221008843,Low stress,,,,,,,0.0625439221008843,
BGD.3.15.5.9_1,Shariatpur,Shariatpur Sadar,Rudrakar,8.783139027473647,0.0189318848855136,0.1090909090909092,0.0030138007370243,0.0353700125994144,0.1090909090909092,0.0408577519773321,Low stress,,,,,,,0.0408577519773321,
BGD.3.15.5.10_1,Shariatpur,Shariatpur Sadar,Shariatpur Paurashava,18.284854915001286,0.0505358810414401,0.5198019801980202,0.007958162833471,0.0944150442477062,0.5198019801980202,0.1661790256695906,Low stress,,,,,,,0.1661790256695906,
BGD.3.15.5.11_1,Shariatpur,Shariatpur Sadar,Shaul Para,8.28377689715925,0.0149094680974702,0.0087719298245614,0.0027539500722861,0.0278550222361434,0.0087719298245614,0.013043820267705,Low stress,,,,,,,0.013043820267705,
BGD.3.15.5.12_1,Shariatpur,Shariatpur Sadar,Tulasar,10.730128891517046,0.0145713085395739,0.8798283261802577,0.0040269464677421,0.0272232463778105,0.8798283261802577,0.2310959963643949,Low stress,,,,,,,0.2310959963643949,
BGD.3.15.6.1_1,Shariatpur,Zanjira,Bara Gopalpur,5.94261601188197,0.0148522508932115,0.4950738916256163,0.0015356914672227,0.0277481246267521,0.4950738916256163,0.1340945931126564,Low stress,,,,,,,0.1340945931126564,
BGD.3.15.6.2_1,Shariatpur,Zanjira,Bara Krishnagar,7.429490630810445,0.0240566492384632,0.251046025104603,0.0023094092456766,0.0449444940009762,0.251046025104603,0.0794158428747631,Low stress,,,,,,,0.0794158428747631,
BGD.3.15.6.3_1,Shariatpur,Zanjira,Barakandi,8.431836012435967,0.024345351256353,0.8365929126043516,0.0028309948804316,0.0454838694552423,0.8365929126043516,0.2261999804125954,Low stress,,,,,,,0.2261999804125954,
BGD.3.15.6.4_1,Shariatpur,Zanjira,Bilaspur,6.239414258614096,0.0203348986961948,0.9544833864360434,0.0016901349402548,0.0379912315884924,0.9544833864360434,0.2525938316410851,Low stress,,,,,,,0.2525938316410851,
BGD.3.15.6.5_1,Shariatpur,Zanjira,Joynagar,6.272434611587157,0.0159425311170755,0.8119973190348531,0.0017073175821675,0.0297850705245411,0.8119973190348531,0.2141070314751696,Low stress,,,,,,,0.2141070314751696,
BGD.3.15.6.6_1,Shariatpur,Zanjira,Kunder Char,5.637326635904803,0.0041049413784587,0.999949783230947,0.0013768295061941,0.0076691691901761,0.999949783230947,0.253222386826776,Low stress,,,,,,,0.253222386826776,
BGD.3.15.6.7_1,Shariatpur,Zanjira,Mulna,8.042988460226383,0.0232491630814189,0.5705521472392643,0.0026286521540021,0.043435885866011,0.5705521472392643,0.1588920577245208,Low stress,,,,,,,0.1588920577245208,
BGD.3.15.6.8_1,Shariatpur,Zanjira,Naodoba,18.13441626302909,0.0450619968270187,0.8274379759272911,0.0078798797972851,0.0841883101003858,0.8274379759272911,0.2394773544358718,Low stress,,,,,,,0.2394773544358718,
BGD.3.15.6.9_1,Shariatpur,Zanjira,Paler Char,5.722301654334922,0.0063437955305376,0.9898111313934962,0.00142104754694,0.0118519697959349,0.9898111313934962,0.2521693912957273,Low stress,,,,,,,0.2521693912957273,
BGD.3.15.6.10_1,Shariatpur,Zanjira,Purba Naodoba,10.767937976367188,0.0196359051707163,0.9522254071950758,0.0040466209989791,0.0366853177847379,0.9522254071950758,0.2525148614230189,Low stress,,,,,,,0.2525148614230189,
BGD.3.15.6.11_1,Shariatpur,Zanjira,Sener Char,7.382027783938063,0.018971268511424,0.4865336658354123,0.002284711232829,0.035443592137484,0.4865336658354123,0.134952558200104,Low stress,,,,,,,0.134952558200104,
BGD.3.15.6.12_1,Shariatpur,Zanjira,Zanjira,6.475430171048927,0.0324600031802401,0.7335434173669473,0.0018129494029702,0.060644290222821,0.7335434173669473,0.2053365356809122,Low stress,,,,,,,0.2053365356809122,
BGD.3.15.6.13_1,Shariatpur,Zanjira,Zanjira Paurashava,8.642644467782375,0.0391994776650316,0.4593425605536335,0.0029406922602063,0.0732354980651479,0.4593425605536335,0.1416443413652927,Low stress,,,,,,,0.1416443413652927,
BGD.3.17.1.1_1,Tangail,Basail,Basail,7.771314887093019,0.0267296907166557,0.579423489727078,0.0024872826862652,0.0499384769738375,0.579423489727078,0.1633292524471187,Low stress,,,,,,,0.1633292524471187,
BGD.3.17.1.2_1,Tangail,Basail,Fulki,8.464095003334954,0.0317160059618549,0.6779440468445002,0.0028477813360317,0.0592542970368626,0.6779440468445002,0.1913641282084396,Low stress,,,,,,,0.1913641282084396,
BGD.3.17.1.3_1,Tangail,Basail,Habla,11.584704993258573,0.0365354261316985,0.1660777385159013,0.0044716381145979,0.0682583108030606,0.1660777385159013,0.0671984986558857,Low stress,,,,,,,0.0671984986558857,
BGD.3.17.1.4_1,Tangail,Basail,Kanchanpur,7.6768098680096974,0.0163857791963118,0.7322635762573335,0.0024381055650157,0.0306131808918956,0.7322635762573335,0.1947557496025031,Low stress,,,,,,,0.1947557496025031,
BGD.3.17.1.5_1,Tangail,Basail,Kaoaljani,7.05694468484735,0.0332496616986042,0.5026675945256327,0.002115549307513,0.062119591383412,0.5026675945256327,0.1482549753386076,Low stress,,,,,,,0.1482549753386076,
BGD.3.17.1.6_1,Tangail,Basail,Kashil,10.063312733884478,0.0305045802857593,0.5542356986558309,0.0036799585579663,0.0569910178290145,0.5542356986558309,0.1599777643272993,Low stress,,,,,,,0.1599777643272993,
BGD.3.17.2.1_1,Tangail,Bhuapur,Arjuna,7.403041078026547,0.0086224397060177,0.9801624962385136,0.002295645819386,0.0161091092030091,0.9801624962385136,0.251597070608436,Low stress,,,,,,,0.251597070608436,
BGD.3.17.2.2_1,Tangail,Bhuapur,Bhuapur Paurashava,10.752486696756089,0.0314297314302149,0.4031830238726794,0.0040385806910858,0.0587194568002865,0.4031830238726794,0.1229629981247044,Low stress,,,,,,,0.1229629981247044,
BGD.3.17.2.3_1,Tangail,Bhuapur,Birhati,8.709093856619788,0.0218120176290586,0.4025423728813566,0.0029752702083779,0.0407508995022882,0.4025423728813566,0.1160885161294911,Low stress,,,,,,,0.1160885161294911,
BGD.3.17.2.4_1,Tangail,Bhuapur,Falda,7.618976244552683,0.0233623653600162,0.750617283950618,0.0024080109611456,0.0436473791243148,0.750617283950618,0.2038941080656229,Low stress,,,,,,,0.2038941080656229,
BGD.3.17.2.5_1,Tangail,Bhuapur,Gabsara,5.865979734347701,0.0042084415922446,0.9709662159498558,0.0014958126168825,0.0078625363000961,0.9709662159498558,0.2460917667392506,Low stress,,,,,,,0.2460917667392506,
BGD.3.17.2.6_1,Tangail,Bhuapur,Gobindasi,11.75831167497624,0.0261240682273217,0.9658284977433914,0.0045619769867485,0.0488070061663733,0.9658284977433914,0.2603643673887779,Low stress,,,,,,,0.2603643673887779,
BGD.3.17.2.7_1,Tangail,Bhuapur,Nikrail,10.318659350953402,0.0059402709456923,0.9970404548844158,0.0038128320462747,0.01109807393525,0.9970404548844158,0.2546695724169514,Low stress,,,,,,,0.2546695724169514,
BGD.3.17.3.1_1,Tangail,Delduar,Atia,10.213810138254594,0.0251896364004903,0.1875000000000002,0.0037582721668544,0.0470612283059971,0.1875000000000002,0.0648497387738408,Low stress,,,,,,,0.0648497387738408,
BGD.3.17.3.2_1,Tangail,Delduar,Delduar,10.548642760520917,0.0305508380651329,0.1965944272445824,0.0039325074045508,0.0570774401926175,0.1965944272445824,0.070698713840382,Low stress,,,,,,,0.070698713840382,
BGD.3.17.3.3_1,Tangail,Delduar,Deoli,9.274001057833424,0.0227697983998243,0.6397684712291463,0.0032692282457211,0.0425402996668424,0.6397684712291463,0.1761389139889698,Low stress,,,,,,,0.1761389139889698,
BGD.3.17.3.4_1,Tangail,Delduar,Dubail,14.124889982629774,0.0357098197092239,0.151807228915663,0.0057934619333774,0.0667158489857785,0.151807228915663,0.0636197391472892,Low stress,,,,,,,0.0636197391472892,
BGD.3.17.3.5_1,Tangail,Delduar,Elasin,8.919772579828782,0.0257982062333887,0.564766839378239,0.0030849000800655,0.0481982055688216,0.564766839378239,0.1592950418256735,Low stress,,,,,,,0.1592950418256735,
BGD.3.17.3.6_1,Tangail,Delduar,Fazilhati,8.408544368501722,0.0258206399817075,0.1305220883534138,0.0028188747199474,0.048240118033718,0.1305220883534138,0.0506421132881337,Low stress,,,,,,,0.0506421132881337,
BGD.3.17.3.7_1,Tangail,Delduar,Lauhati,8.10653485277789,0.0198968419613172,0.5262395946435042,0.0026617194839893,0.0371728200924594,0.5262395946435042,0.1456350734868325,Low stress,,,,,,,0.1456350734868325,
BGD.3.17.3.8_1,Tangail,Delduar,Pathrail,12.27679122519261,0.028886869769551,0.1070422535211269,0.0048317756911317,0.0539686858379577,0.1070422535211269,0.0475823137000196,Low stress,,,,,,,0.0475823137000196,
BGD.3.17.4.1_1,Tangail,Dhanbari,Balibhadra,8.932575093446987,0.0216448726373159,0.1010101010101011,0.0030915620623667,0.0404386262923241,0.1010101010101011,0.0406426692797854,Low stress,,,,,,,0.0406426692797854,
BGD.3.17.4.2_1,Tangail,Dhanbari,Baniajan,9.782976043574244,0.0175474883413209,0.5314285714285718,0.0035340811057019,0.0327835758284963,0.5314285714285718,0.1457450268393974,Low stress,,,,,,,0.1457450268393974,
BGD.3.17.4.3_1,Tangail,Dhanbari,Birtara,11.571784513881546,0.0213478731416595,0.4338842975206616,0.0044649147470234,0.039883748847901,0.4338842975206616,0.1242163523757401,Low stress,,,,,,,0.1242163523757401,
BGD.3.17.4.4_1,Tangail,Dhanbari,Dhanbari,10.24506666898835,0.0216110562239396,0.6486286137879916,0.0037745369770903,0.040375447851592,0.6486286137879916,0.1777983749858912,Low stress,,,,,,,0.1777983749858912,
BGD.3.17.4.5_1,Tangail,Dhanbari,Dhanbari Paurashava,19.38313900228544,0.0431943723539373,0.6672008547008549,0.0085296716300481,0.0806990695127035,0.6672008547008549,0.1984567566566792,Low stress,,,,,,,0.1984567566566792,
BGD.3.17.4.6_1,Tangail,Dhanbari,Dhopakhali,11.751809341967764,0.0247728436960651,0.5465313028764812,0.0045585933990632,0.0462825439174107,0.5465313028764812,0.1546551534498393,Low stress,,,,,,,0.1546551534498393,
BGD.3.17.4.7_1,Tangail,Dhanbari,Musuddi,9.92616411001884,0.0279998380089831,0.2478632478632481,0.0036085911896459,0.0523114644499609,0.2478632478632481,0.0817182609991567,Low stress,,,,,,,0.0817182609991567,
BGD.3.17.4.8_1,Tangail,Dhanbari,Paiska,13.11842958931927,0.0184153165490361,0.4477272727272733,0.005269734989827,0.0344049196527714,0.4477272727272733,0.1260814340562191,Low stress,,,,,,,0.1260814340562191,
BGD.3.17.5.1_1,Tangail,Ghatail,Anehola,7.157179155805485,0.0168583466453674,0.6558505408062933,0.0021677078360176,0.0314960679751547,0.6558505408062933,0.1758533421272846,Low stress,,,,,,,0.1758533421272846,
BGD.3.17.5.2_1,Tangail,Ghatail,Deopara,6.045383581803589,0.0150614111846996,0.6767996622334815,0.001589168132225,0.0281388940715257,0.6767996622334815,0.1796841957362944,Low stress,,,,,,,0.1796841957362944,
BGD.3.17.5.3_1,Tangail,Ghatail,Deulabari,7.981151544567684,0.0253317679884011,0.607009694258017,0.0025964743762656,0.0473267695389795,0.607009694258017,0.1693553826536533,Low stress,,,,,,,0.1693553826536533,
BGD.3.17.5.4_1,Tangail,Ghatail,Dhala Para,7.56838163925245,0.0385820410612235,0.8436732514682316,0.0023816832902605,0.0720819552146553,0.8436732514682316,0.2370996705082914,Low stress,,,,,,,0.2370996705082914,
BGD.3.17.5.5_1,Tangail,Ghatail,Digalkandi,8.880111258438225,0.0239177569249462,0.3657230298393276,0.0030642617094281,0.0446850046311239,0.3657230298393276,0.1082962137644965,Low stress,,,,,,,0.1082962137644965,
BGD.3.17.5.6_1,Tangail,Ghatail,Digar,10.64160491782699,0.0397404608720578,0.1381987577639754,0.0039808816742542,0.0742462047625687,0.1381987577639754,0.0621282137775945,Low stress,,,,,,,0.0621282137775945,
BGD.3.17.5.7_1,Tangail,Ghatail,Ghatail,9.83445793096364,0.0336863700094888,0.3454018826937007,0.0035608704872909,0.0629354836493785,0.3454018826937007,0.109802238145624,Low stress,,,,,,,0.109802238145624,
BGD.3.17.5.8_1,Tangail,Ghatail,Ghatail Paurashava,21.177628874214907,0.095512159963963,0.3465517241379314,0.0094634616749465,0.1784432095246714,0.3465517241379314,0.1528784390380964,Low stress,,,,,,,0.1528784390380964,
BGD.3.17.5.9_1,Tangail,Ghatail,Jamuria,9.864043985251207,0.0298005451439039,0.3926897844423624,0.0035762660397505,0.0556756848873426,0.3926897844423624,0.1190894422370607,Low stress,,,,,,,0.1190894422370607,
BGD.3.17.5.10_1,Tangail,Ghatail,Lakher Para,8.90615507507871,0.0182971721867131,0.3381443298969078,0.0030778140047575,0.0341841932111527,0.3381443298969078,0.0977316757000334,Low stress,,,,,,,0.0977316757000334,
BGD.3.17.5.11_1,Tangail,Ghatail,Rasulpur,5.713254626318499,0.0254297937849921,0.7711792851111742,0.0014163397885793,0.0475099089189967,0.7711792851111742,0.2099898253148741,Low stress,,,,,,,0.2099898253148741,
BGD.3.17.5.12_1,Tangail,Ghatail,Sandhanpur,6.744208118646315,0.0197843301787591,0.7767943044063887,0.0019528120880043,0.0369626168722978,0.7767943044063887,0.2079166168421032,Low stress,,,,,,,0.2079166168421032,
BGD.3.17.6.1_1,Tangail,Gopalpur,Alamnagar,8.628772376711703,0.0235301486413774,0.6401036605118243,0.0029334737070418,0.0439608448363453,0.6401036605118243,0.1765856003034936,Low stress,,,,,,,0.1765856003034936,
BGD.3.17.6.2_1,Tangail,Gopalpur,Dhopakandi,9.094409044197857,0.0254336071901716,0.7544326241134759,0.0031757748152507,0.0475170334176962,0.7544326241134759,0.2065094276506629,Low stress,,,,,,,0.2065094276506629,
BGD.3.17.6.3_1,Tangail,Gopalpur,Gopalpur Paurashava,13.996908735025146,0.0352948887167274,0.5557074504442928,0.0057268649484535,0.0659406427915068,0.5557074504442928,0.164296833567482,Low stress,,,,,,,0.164296833567482,
BGD.3.17.6.4_1,Tangail,Gopalpur,Hadira,8.378284756237193,0.0236734397146906,0.2931654676258997,0.00280312867137,0.0442285523096962,0.2931654676258997,0.0898926116834166,Low stress,,,,,,,0.0898926116834166,
BGD.3.17.6.5_1,Tangail,Gopalpur,Hemnagar,10.090707581881976,0.0243111076984048,0.5597633136094676,0.0036942138829708,0.0454198929899616,0.5597633136094676,0.1573154765020418,Low stress,,,,,,,0.1573154765020418,
BGD.3.17.6.6_1,Tangail,Gopalpur,Jhawail,9.444779674341758,0.0226164691952543,0.7673304764305525,0.0033580954912105,0.0422538381797641,0.7673304764305525,0.2079647006670398,Low stress,,,,,,,0.2079647006670398,
BGD.3.17.6.7_1,Tangail,Gopalpur,Mirzapur,8.571708802195019,0.0282802386816053,0.660056657223797,0.002903779809827,0.0528353306885054,0.660056657223797,0.1846680419708569,Low stress,,,,,,,0.1846680419708569,
BGD.3.17.6.8_1,Tangail,Gopalpur,Nagda Simla,8.905420038147462,0.0225256686730345,0.7072560467055886,0.0030774315171326,0.042084197616536,0.7072560467055886,0.1927744534490378,Low stress,,,,,,,0.1927744534490378,
BGD.3.17.7.1_1,Tangail,Kalihati,Balla,10.999938628483305,0.0643591812922358,0.4896551724137935,0.0041673460600367,0.1202408036474085,0.4896551724137935,0.166165012804056,Low stress,,,,,,,0.166165012804056,
BGD.3.17.7.2_1,Tangail,Kalihati,Bangra,13.138215831147903,0.0307899596930042,0.2563176895306863,0.0052800310611142,0.0575241857249164,0.2563176895306863,0.086324899810838,Low stress,,,,,,,0.086324899810838,
BGD.3.17.7.3_1,Tangail,Kalihati,Bir Bashunda,12.31741642608784,0.0333093998686802,0.2056541019955658,0.0048529156311009,0.0622311988562565,0.2056541019955658,0.0751356113510216,Low stress,,,,,,,0.0751356113510216,
BGD.3.17.7.4_1,Tangail,Kalihati,Dashkia,12.117509378660792,0.0239434280153275,0.6291540785498497,0.0047488909644185,0.0447329653490195,0.6291540785498497,0.1748446138953867,Low stress,,,,,,,0.1748446138953867,
BGD.3.17.7.5_1,Tangail,Kalihati,Durgapur,10.29262776389658,0.0147753523371104,0.3991625959525476,0.0037992861147948,0.0276044567925865,0.3991625959525476,0.1109719233114601,Low stress,,,,,,,0.1109719233114601,
BGD.3.17.7.6_1,Tangail,Kalihati,Elenga,21.45561673209085,0.0420436494884992,0.5962159667743429,0.0096081168765989,0.0785491999938938,0.5962159667743429,0.1803894584420881,Low stress,,,,,,,0.1803894584420881,
BGD.3.17.7.7_1,Tangail,Kalihati,Gohaliabari,16.0882040510063,0.0087469983159619,0.9817574375563448,0.0068151022116185,0.0163418192384723,0.9817574375563448,0.2538850370071989,Low stress,,,,,,,0.2538850370071989,
BGD.3.17.7.8_1,Tangail,Kalihati,Kalihati Paurashava,27.01342605491997,0.0687422641622569,0.2144249512670568,0.0125002073242985,0.1284296182992211,0.2144249512670568,0.103556687151211,Low stress,,,,,,,0.103556687151211,
BGD.3.17.7.9_1,Tangail,Kalihati,Kok Dahara,10.81801528934952,0.0346908793345576,0.7169811320754723,0.0040726794889543,0.0648121857156951,0.7169811320754723,0.2035586198149431,Low stress,,,,,,,0.2035586198149431,
BGD.3.17.7.10_1,Tangail,Kalihati,Nagbari,9.19293744499502,0.0343427325207287,0.511371163612277,0.0032270455642493,0.0641617508928531,0.511371163612277,0.1515902219412676,Low stress,,,,,,,0.1515902219412676,
BGD.3.17.7.11_1,Tangail,Kalihati,Narandia,9.065595579900313,0.0242768015303181,0.2657534246575347,0.0031607812917202,0.0453557995515744,0.2657534246575347,0.0835771985241228,Low stress,,,,,,,0.0835771985241228,
BGD.3.17.7.12_1,Tangail,Kalihati,Paikara,9.005519400839683,0.0373239789957819,0.2203703703703705,0.0031295197400002,0.0697315462947509,0.2203703703703705,0.0807504416917555,Low stress,,,,,,,0.0807504416917555,
BGD.3.17.7.13_1,Tangail,Kalihati,Parki,7.323025027581894,0.031308049049457,0.6609603340292282,0.0022540082529076,0.0584921203587985,0.6609603340292282,0.1866139289340496,Low stress,,,,,,,0.1866139289340496,
BGD.3.17.7.14_1,Tangail,Kalihati,Sahadebpur,10.512017970528326,0.0306240515398669,0.2089971883786321,0.0039134491391203,0.0572142232725616,0.2089971883786321,0.0738396548957027,Low stress,,,,,,,0.0738396548957027,
BGD.3.17.7.15_1,Tangail,Kalihati,Salla,11.865632649837844,0.0252067158368606,0.4500561167227843,0.0046178230851312,0.0470931374309079,0.4500561167227843,0.1308437565155663,Low stress,,,,,,,0.1308437565155663,
BGD.3.17.8.1_1,Tangail,Madhupur,Alokdia,7.906707858643295,0.0220673096715171,0.7481617647058831,0.0025577364742528,0.0412278558546478,0.7481617647058831,0.2024932853152986,Low stress,,,,,,,0.2024932853152986,
BGD.3.17.8.2_1,Tangail,Madhupur,Arankhola,4.679715713650108,0.0100653193265713,0.7637017070979337,0.0008785221264339,0.0188048085835537,0.7637017070979337,0.1978585186293008,Low stress,,,,,,,0.1978585186293008,
BGD.3.17.8.3_1,Tangail,Madhupur,Ausnara,5.978902426356161,0.0217572238689324,0.2540284360189577,0.0015545736538157,0.0406485295587906,0.2540284360189577,0.0783559238118424,Low stress,,,,,,,0.0783559238118424,
BGD.3.17.8.4_1,Tangail,Madhupur,Golabari,8.193323848816318,0.0204321307721663,0.6242469879518078,0.0027068814555196,0.0381728880782174,0.6242469879518078,0.1705050103975358,Low stress,,,,,,,0.1705050103975358,
BGD.3.17.8.5_1,Tangail,Madhupur,Madhupur Paurashava,18.162360213055383,0.0546085572877516,0.4802631578947376,0.0078944208558655,0.1020239332208057,0.4802631578947376,0.1589319344433126,Low stress,,,,,,,0.1589319344433126,
BGD.3.17.8.6_1,Tangail,Madhupur,Mirzabari,7.39116634484803,0.0289025204655696,0.7809462086843815,0.0022894666217202,0.0539979256795643,0.7809462086843815,0.215051612807631,Low stress,,,,,,,0.215051612807631,
BGD.3.17.8.7_1,Tangail,Madhupur,Solakuri,4.737693103554746,0.018208675775957,0.8759689922480621,0.0009086915413573,0.0340188573672906,0.8759689922480621,0.2312623247571102,Low stress,,,,,,,0.2312623247571102,
BGD.3.17.9.1_1,Tangail,Mirzapur,Ajgana,10.247176531431167,0.045281279007935,0.8148047722342736,0.0037756348760398,0.0845979900423852,0.8148047722342736,0.2348207435238191,Low stress,,,,,,,0.2348207435238191,
BGD.3.17.9.2_1,Tangail,Mirzapur,Anaitara,6.153366844491428,0.0218329067889233,0.2000000000000003,0.0016453588621315,0.0407899262474894,0.2000000000000003,0.0649346177314739,Low stress,,,,,,,0.0649346177314739,
BGD.3.17.9.3_1,Tangail,Mirzapur,Bahuria,6.320368903686411,0.027516564852962,0.3470085470085475,0.0017322609186954,0.0514085761363675,0.3470085470085475,0.1054380427673437,Low stress,,,,,,,0.1054380427673437,
BGD.3.17.9.4_1,Tangail,Mirzapur,Banail,6.703730870343377,0.0281764699856586,0.0096237970253718,0.0019317491374124,0.0526414619794331,0.0096237970253718,0.0216031606041095,Low stress,,,,,,,0.0216031606041095,
BGD.3.17.9.5_1,Tangail,Mirzapur,Banshtail,6.68151919146256,0.028518536735871,0.3365384615384622,0.0019201909531374,0.0532805375568528,0.3365384615384622,0.103550879910769,Low stress,,,,,,,0.103550879910769,
BGD.3.17.9.6_1,Tangail,Mirzapur,Bhaora,6.6968676282604696,0.0309469026829152,0.1377921031426271,0.0019281777452118,0.057817398765462,0.1377921031426271,0.0554553864516532,Low stress,,,,,,,0.0554553864516532,
BGD.3.17.9.7_1,Tangail,Mirzapur,Bhatgram,9.115392900460066,0.028751510602146,0.0316333118140736,0.003186694083388,0.053715797365124,0.0316333118140736,0.027983534664667,Low stress,,,,,,,0.027983534664667,
BGD.3.17.9.8_1,Tangail,Mirzapur,Fatehpur,9.784745722508063,0.0256384787516534,0.7022594142259418,0.0035350019849985,0.0478997903251406,0.7022594142259418,0.1937437809642841,Low stress,,,,,,,0.1937437809642841,
BGD.3.17.9.9_1,Tangail,Mirzapur,Gorai,22.014742619231946,0.0818422810338892,0.4690496948561471,0.0098990665194051,0.1529040837105719,0.4690496948561471,0.174738479620499,Low stress,,,,,,,0.174738479620499,
BGD.3.17.9.10_1,Tangail,Mirzapur,Jamurki,13.746299100106771,0.0449624163437829,0.183199285075961,0.0055964564207137,0.0840022661344519,0.183199285075961,0.0774391969843339,Low stress,,,,,,,0.0774391969843339,
BGD.3.17.9.11_1,Tangail,Mirzapur,Latifpur,12.376519087975108,0.0422585230224818,0.8030794165316053,0.0048836705983819,0.078950643360479,0.8030794165316053,0.2303560475484218,Low stress,,,,,,,0.2303560475484218,
BGD.3.17.9.12_1,Tangail,Mirzapur,Mahera,9.604353694396895,0.0271965570923126,0.0940499040307103,0.0034411322548517,0.0508107128705317,0.0940499040307103,0.0426726784143043,Low stress,,,,,,,0.0426726784143043,
BGD.3.17.9.13_1,Tangail,Mirzapur,Mirzapur Paurashava,20.80540086026545,0.0993474064204264,0.3757292882147028,0.0092697671775322,0.1856085137882088,0.3757292882147028,0.1626032087505617,Low stress,,,,,,,0.1626032087505617,
BGD.3.17.9.14_1,Tangail,Mirzapur,Tarafpur,6.20040955524201,0.0258911237283798,0.6804335090802585,0.0016698382507706,0.0483718012244267,0.6804335090802585,0.1877064429989222,Low stress,,,,,,,0.1877064429989222,
BGD.3.17.9.15_1,Tangail,Mirzapur,Uarsi,6.356417916980649,0.0243014484302105,0.1574985524030113,0.0017510195699807,0.0454018467975302,0.1574985524030113,0.0559656923078807,Low stress,,,,,,,0.0559656923078807,
BGD.3.17.10.1_1,Tangail,Nagarpur,Bekra,9.39845433761414,0.0186033863089596,0.3988005997001504,0.0033339893990338,0.0347562861341487,0.3988005997001504,0.1131984458316032,Low stress,,,,,,,0.1131984458316032,
BGD.3.17.10.2_1,Tangail,Nagarpur,Bhadra,9.662795956167493,0.0181154932364181,0.1585653610193492,0.0034715435729072,0.0338447665349478,0.1585653610193492,0.0528756259712319,Low stress,,,,,,,0.0528756259712319,
BGD.3.17.10.3_1,Tangail,Nagarpur,Bhara,8.436738748095852,0.0153645671550313,0.8560875988528579,0.0028335460933549,0.0287052735184251,0.8560875988528579,0.2252021638820052,Low stress,,,,,,,0.2252021638820052,
BGD.3.17.10.4_1,Tangail,Nagarpur,Dhubaria,9.368318629202918,0.0117810416820634,0.4702064896755168,0.0033183078257073,0.0220102538785062,0.4702064896755168,0.1265825344066393,Low stress,,,,,,,0.1265825344066393,
BGD.3.17.10.5_1,Tangail,Nagarpur,Duptiair,9.321565217696085,0.0236938943129988,0.4508501074848553,0.0032939789783212,0.0442667671733641,0.4508501074848553,0.1295234869732197,Low stress,,,,,,,0.1295234869732197,
BGD.3.17.10.6_1,Tangail,Nagarpur,Gayhata,10.748488853505114,0.0181893450203892,0.3362637362637366,0.0040365003526636,0.0339827421536114,0.3362637362637366,0.0975744939607636,Low stress,,,,,,,0.0975744939607636,
BGD.3.17.10.7_1,Tangail,Nagarpur,Mamudnagar,9.287183190812602,0.0260859387083975,0.551782682512734,0.0032760877687193,0.0487357696480385,0.551782682512734,0.1563136251124847,Low stress,,,,,,,0.1563136251124847,
BGD.3.17.10.8_1,Tangail,Nagarpur,Mokhna,10.03949056220016,0.0179432563905114,0.542186571598337,0.003667562329314,0.0335229803289444,0.542186571598337,0.1487467109464404,Low stress,,,,,,,0.1487467109464404,
BGD.3.17.10.9_1,Tangail,Nagarpur,Nagarpur,11.104052546734229,0.0273312711713317,0.4400560224089642,0.0042215233178295,0.0510623961393155,0.4400560224089642,0.1295744535781333,Low stress,,,,,,,0.1295744535781333,
BGD.3.17.10.10_1,Tangail,Nagarpur,Pakutia,9.156749581196925,0.0200697373659539,0.4202657807308974,0.0032082146599965,0.0374958366688521,0.4202657807308974,0.1194732738808212,Low stress,,,,,,,0.1194732738808212,
BGD.3.17.10.11_1,Tangail,Nagarpur,Sahabatpur,10.416170165683589,0.0180588941717449,0.6978636826042729,0.0038635732789166,0.0337390237817718,0.6978636826042729,0.187820008286255,Low stress,,,,,,,0.187820008286255,
BGD.3.17.10.12_1,Tangail,Nagarpur,Salimabad,9.853296938036006,0.0125346292315959,0.8320203303684882,0.0035706736505938,0.0234181644633694,0.8320203303684882,0.2176297096145389,Low stress,,,,,,,0.2176297096145389,
BGD.3.17.11.1_1,Tangail,Sakhipur,Baheratail,6.045135580408626,0.0261143573551263,0.927442283634704,0.0015890390809345,0.048788863563353,0.927442283634704,0.2495722887882234,Low stress,,,,,,,0.2495722887882234,
BGD.3.17.11.2_1,Tangail,Sakhipur,Gazaria,6.326338411912405,0.0381313244758675,0.7086730911786516,0.0017353672429169,0.071239891606134,0.7086730911786516,0.2027963817539765,Low stress,,,,,,,0.2027963817539765,
BGD.3.17.11.3_1,Tangail,Sakhipur,Hatibandha,4.346906778873873,0.0218832921480089,0.7140527720130453,0.0007053399452421,0.0408840600749693,0.7140527720130453,0.1931047500075974,Low stress,,,,,,,0.1931047500075974,
BGD.3.17.11.4_1,Tangail,Sakhipur,Jadabpur,4.668265134673158,0.0246762018609203,0.425925925925927,0.0008725636438455,0.0461019901612806,0.425925925925927,0.1229662034954681,Low stress,,,,,,,0.1229662034954681,
BGD.3.17.11.5_1,Tangail,Sakhipur,Kakrajan,5.026302816671315,0.0368320341222714,0.8559108398567075,0.0010588739866221,0.0688124568073857,0.8559108398567075,0.2384856194414107,Low stress,,,,,,,0.2384856194414107,
BGD.3.17.11.6_1,Tangail,Sakhipur,Kalia,7.0176030037232175,0.0475698706398085,0.4189189189189192,0.0020950772665403,0.0888737140573891,0.4189189189189192,0.1366735605564321,Low stress,,,,,,,0.1366735605564321,
BGD.3.17.11.7_1,Tangail,Sakhipur,Sakhipur Paurashava,7.1998351420219056,0.0358266728814052,0.2765957446808512,0.0021899045259557,0.0669341631260413,0.2765957446808512,0.0934518550747095,Low stress,,,,,,,0.0934518550747095,
BGD.3.17.12.1_1,Tangail,Tangail Sadar,Baghil,10.050944595230092,0.0199617604406839,0.410833333333334,0.0036735226092713,0.037294105820057,0.410833333333334,0.117230679414062,Low stress,,,,,,,0.117230679414062,
BGD.3.17.12.2_1,Tangail,Tangail Sadar,Danya,13.259143187565895,0.0256347736604957,0.5000000000000007,0.0053429574466822,0.0478928681870798,0.5000000000000007,0.143899686844151,Low stress,,,,,,,0.143899686844151,
BGD.3.17.12.3_1,Tangail,Tangail Sadar,Gala,17.057149385274776,0.0282830387515099,0.5613287904599663,0.0073193076247244,0.052840561995816,0.5613287904599663,0.1617541173634169,Low stress,,,,,,,0.1617541173634169,
BGD.3.17.12.4_1,Tangail,Tangail Sadar,Gharinda,16.59428553630922,0.0372357645750988,0.5094161958568744,0.0070784493947236,0.0695667372865682,0.5094161958568744,0.1545337867724069,Low stress,,,,,,,0.1545337867724069,
BGD.3.17.12.5_1,Tangail,Tangail Sadar,Hugra,8.697966836108261,0.0136305218486837,0.8407079646017648,0.0029694800943485,0.0254655958685572,0.8407079646017648,0.2202777417421756,Low stress,,,,,,,0.2202777417421756,
BGD.3.17.12.6_1,Tangail,Tangail Sadar,Kakua,9.793458575576182,0.0072777657261016,0.9794651957551408,0.0035395358503521,0.0135968852010488,0.9794651957551408,0.2510410230992931,Low stress,,,,,,,0.2510410230992931,
BGD.3.17.12.7_1,Tangail,Tangail Sadar,Karatia,23.74127591932884,0.0493058472641578,0.3577023498694524,0.0107974943305816,0.0921169999450245,0.3577023498694524,0.1259855351803543,Low stress,,,,,,,0.1259855351803543,
BGD.3.17.12.8_1,Tangail,Tangail Sadar,Katuli,9.46542241015585,0.0177891025850625,0.6782649693540721,0.0033688372521444,0.0332349782586831,0.6782649693540721,0.1825460196299149,Low stress,,,,,,,0.1825460196299149,
BGD.3.17.12.9_1,Tangail,Tangail Sadar,Magra,11.721790115467204,0.0279276833549855,0.3565970453387679,0.0045429724388671,0.0521766595408652,0.3565970453387679,0.1092282811495416,Low stress,,,,,,,0.1092282811495416,
BGD.3.17.12.10_1,Tangail,Tangail Sadar,Mahamudnagar,8.360694919657707,0.0143976569448685,0.7792998477929991,0.0027939755328952,0.0268988170286051,0.7792998477929991,0.2053571381214197,Low stress,,,,,,,0.2053571381214197,
BGD.3.17.12.11_1,Tangail,Tangail Sadar,Porabari,13.623560611008344,0.0265406773201208,0.3802469135802475,0.0055325875847627,0.0495853475175089,0.3802469135802475,0.1146296350600951,Low stress,,,,,,,0.1146296350600951,
BGD.3.17.12.12_1,Tangail,Tangail Sadar,Silimpur,10.88426109012386,0.0271252083731707,0.4794188861985476,0.0041071514969868,0.0506774136713098,0.4794188861985476,0.13923467693339,Low stress,,,,,,,0.13923467693339,
BGD.3.17.12.13_1,Tangail,Tangail Sadar,Tangail Paurashava,40.482654285233565,0.1168986676514872,0.7141585040071242,0.0195091246944517,0.2183991384213246,0.7141585040071242,0.2627829743270253,Low stress,,,,,,,0.2627829743270253,
BGD.3.1.1.1_1,Dhaka,Adabor,Ward No-43,806.0263661168439,0.4292119386503067,0.8979591836734694,0.4178714159645864,0.8018869631674616,0.8979591836734694,0.6722987994128135,High stress,DNCC,4738.0,19337.0,4.05,99.89,0.8099999999999996,0.6647801115757029,DNCC
BGD.3.1.1.2_1,Dhaka,Adabor,Ward No-46,903.248519444808,0.3969784688995215,0.7169811320754718,0.4684624392639367,0.7416659002303788,0.7169811320754718,0.6262133238050752,Moderate stress,DNCC,12043.0,44028.0,3.62,99.83,0.3799999999999999,0.5577318201723318,DNCC
BGD.3.1.2.6_1,Dhaka,Badda,Ward No-21,416.2970172557662,0.3386625613629801,0.9950738916256158,0.2150698332619304,0.6327156083398944,0.9950738916256158,0.5562468691301391,Moderate stress,DNCC,25251.0,89189.0,3.59,99.9,0.34999999999999964,0.4922971818808321,DNCC
BGD.3.1.4.2_1,Dhaka,Biman Bandar,Ward No-01,12.651576531116785,0.3899066153846154,0.6666666666666666,0.0050268009142442,0.7284537161591119,0.6666666666666666,0.4236361876880535,Moderate stress,DNCC,33980.0,119514.0,3.44,99.87,0.19999999999999973,0.3513941768811309,DNCC
BGD.3.1.8.1_1,Dhaka,Darus Salam,Ward No-09,267.47564556136905,0.222318845184617,0.9456106870229009,0.1376283734185704,0.4153532732118055,0.9456106870229009,0.4368276667472853,Moderate stress,DNCC,19498.0,76440.0,3.84,99.97,0.5999999999999996,0.4436944889681337,DNCC
BGD.3.1.8.2_1,Dhaka,Darus Salam,Ward No-10,322.6992011995866,0.2332555245603395,0.9675516224188792,0.1663647888787538,0.4357860240791562,0.9675516224188792,0.460958929583926,Moderate stress,DNCC,27309.0,92956.0,3.46,99.94,0.21999999999999975,0.3982913442179663,DNCC
BGD.3.1.11.3_1,Dhaka,Dhanmondi,Ward No-49,552.4880544963975,0.3795694374475231,1.0,0.2859389068460234,0.7091410002785544,1.0,0.6125749128359035,Moderate stress,DSCC,17854.0,61292.0,3.38,99.94,0.13999999999999968,0.5012954913973707,DSCC
BGD.3.1.14.1_1,Dhaka,Gulshan,Ward No-18,237.4296834685175,0.3657435030034776,0.9793103448275864,0.1219935009511486,0.6833103194751463,0.9793103448275864,0.5327835984036573,Moderate stress,DNCC,18050.0,63095.0,3.56,99.41,0.31999999999999984,0.4640882288680605,DNCC
BGD.3.1.14.2_1,Dhaka,Gulshan,Ward No-19,287.59618480565825,0.3325238873076762,0.9956896551724138,0.1480984014405741,0.6212468623596175,0.9956896551724138,0.5255981761951992,Moderate stress,DNCC,37557.0,121287.0,3.45,99.96,0.20999999999999996,0.442181523026024,DNCC
BGD.3.1.18.1_1,Dhaka,Kafrul,Ward No-04,444.4102973856301,0.3042341893830702,0.6547085201793723,0.2296990053321402,0.5683938591812285,0.6547085201793723,0.4544945828911291,Moderate stress,DNCC,22952.0,95090.0,3.55,99.95,0.3099999999999996,0.4064262736888835,DNCC
BGD.3.1.18.4_1,Dhaka,Kafrul,Ward No-16,433.0251356575882,0.2111023657030754,0.9653179190751446,0.2237745636022061,0.3943977781312934,0.9653179190751446,0.4688785275556213,Moderate stress,DNCC,36744.0,144310.0,3.92,99.96,0.6799999999999997,0.4862234418479406,DNCC
BGD.3.1.19.1_1,Dhaka,Kalabagan,Ward No-50,899.8107260911623,0.4508920820189275,0.6670908111974161,0.4666735313072703,0.8423914849698307,0.6670908111974161,0.648279135061703,Moderate stress,DSCC,11614.0,52971.0,4.07,99.96,0.8300000000000001,0.6492321113198274,DSCC
BGD.3.1.22.3_1,Dhaka,Khilgaon,Ward No-24,961.2547310502428,0.3762561987457791,0.902439024390244,0.4986468519968886,0.70295095130381,0.902439024390244,0.67110132985265,Moderate stress,DSCC,16568.0,64277.0,3.88,99.95,0.6399999999999997,0.6401536503046217,DSCC
BGD.3.1.22.4_1,Dhaka,Khilgaon,Ward No-25,1062.8341383656684,0.4734531191369605,0.6551724137931034,0.5515052385509617,0.8845417606526969,0.6551724137931034,0.6939848150971044,Moderate stress,DSCC,8278.0,31420.0,3.88,99.92,0.6399999999999997,0.6545984658163408,DSCC
BGD.3.1.22.5_1,Dhaka,Khilgaon,Ward No-26,898.5948557020918,0.3958209711084259,0.4000000000000001,0.4660408346936193,0.7395033732711022,0.4000000000000001,0.5452425145223334,Moderate stress,DSCC,10506.0,43318.0,3.68,99.96,0.43999999999999995,0.5032038106742175,DSCC
BGD.3.1.26.2_1,Dhaka,Mirpur,Ward No-11,581.2097339757116,0.3637243237299318,0.7727272727272727,0.3008846687531145,0.679537932479468,0.7727272727272727,0.5513739620508777,Moderate stress,DNCC,30763.0,114884.0,3.7,99.94,0.45999999999999996,0.5083720503613902,DNCC
BGD.3.1.26.3_1,Dhaka,Mirpur,Ward No-12,597.1200356646925,0.381764746703678,0.8333333333333334,0.3091638357525499,0.7132424469395378,0.8333333333333334,0.5816337240631915,Moderate stress,DNCC,34790.0,135408.0,3.85,99.93,0.6099999999999999,0.5574581251884478,DNCC
BGD.3.1.26.4_1,Dhaka,Mirpur,Ward No-13,1017.7461022913728,0.4362010768899418,0.0,0.5280429945512648,0.8149446121596177,0.0,0.4964478120763721,Moderate stress,DNCC,45362.0,173323.0,3.79,99.98,0.5499999999999998,0.4825682951499411,DNCC
BGD.3.1.27.1_1,Dhaka,Mohammadpur,Ward No-42,927.10946119897,0.4252641412283928,0.4285714285714285,0.4808788425106033,0.7945113824792503,0.4285714285714285,0.5775733780148361,Moderate stress,DNCC,5024.0,19674.0,3.94,99.94,0.6999999999999997,0.572307845870929,DNCC
BGD.3.1.27.2_1,Dhaka,Mohammadpur,Ward No-44,995.6870441078066,0.3756094439901881,0.8,0.5165642287728326,0.7017426340130426,0.8,0.652235613413698,Moderate stress,DNCC,8230.0,31861.0,3.81,99.91,0.5699999999999998,0.6136690360096495,DNCC
BGD.3.1.27.3_1,Dhaka,Mohammadpur,Ward No-45,762.9810455266816,0.3142470102411629,1.0,0.3954721299751191,0.5871005860627876,1.0,0.6136740571120233,Moderate stress,DNCC,13612.0,50260.0,3.62,99.87,0.3799999999999999,0.5501476569642536,DNCC
BGD.3.1.27.4_1,Dhaka,Mohammadpur,Ward No-46,534.0461028423977,0.2943863590772317,0.8435091879075283,0.2763423573572904,0.5499953804190356,0.8435091879075283,0.5139126230664607,Moderate stress,DNCC,12043.0,44028.0,3.62,99.83,0.3799999999999999,0.4678777727185811,DNCC
BGD.3.1.28.1_1,Dhaka,Motijheel,Ward No-31,541.8436338915217,0.4058584233509537,0.4,0.2803999210038485,0.7582561184114389,0.4,0.477549609845543,Moderate stress,DSCC,5124.0,20255.0,3.89,99.75,0.6499999999999999,0.4788151130653178,DSCC
BGD.3.1.28.2_1,Dhaka,Motijheel,Ward No-32,440.5317206430126,0.3224256923732425,0.9333333333333336,0.2276807290480081,0.6023806330210074,0.9333333333333336,0.5352388465098893,Moderate stress,DSCC,7723.0,32307.0,4.24,99.95,1.0,0.5878902510288924,DSCC
BGD.3.1.28.3_1,Dhaka,Motijheel,Ward No-33,588.1998229019408,0.2743475993804853,0.4,0.3045220676341952,0.5125574186293513,0.4,0.401203923573951,Moderate stress,DSCC,16148.0,64566.0,3.9,99.96,0.6599999999999997,0.4275425911498189,DSCC
BGD.3.1.28.4_1,Dhaka,Motijheel,Ward No-34,697.3839520985948,0.3389292381812706,0.7777777777777778,0.3613376866575027,0.6332138346116019,0.7777777777777778,0.5606043612215061,Moderate stress,DSCC,10415.0,44877.0,4.06,99.9,0.8199999999999994,0.5804981447095221,DSCC
BGD.3.1.28.5_1,Dhaka,Motijheel,Ward No-35,673.4117262936127,0.4039991908006815,1.0,0.3488633750657196,0.7547825562634518,1.0,0.653719244718496,Moderate stress,DSCC,6105.0,25440.0,4.01,100.0,0.7699999999999996,0.6424217519627964,DSCC
BGD.3.1.30.1_1,Dhaka,New Market,Ward No-52,444.77161976647744,0.295092318169436,0.9,0.2298870249178241,0.5513143078336558,0.9,0.5099148177089092,Moderate stress,DSCC,10569.0,41955.0,3.95,99.91,0.71,0.5196565570471737,DSCC
BGD.3.1.31.1_1,Dhaka,Pallabi,Ward No-02,107.90560243851895,0.2927339117280655,0.9904191616766468,0.0545936792344779,0.5469081503881473,0.9904191616766468,0.4608601147488044,Moderate stress,DNCC,63627.0,208062.0,3.24,99.89,0.0,0.3539186576644334,DNCC
BGD.3.1.31.2_1,Dhaka,Pallabi,Ward No-03,314.03439510508605,0.4219020473157417,0.0,0.1618559254972518,0.7882300584182808,0.0,0.340622890645299,Moderate stress,DNCC,26576.0,104226.0,3.9,99.93,0.6599999999999997,0.3665276013491211,DNCC
BGD.3.1.31.3_1,Dhaka,Pallabi,Ward No-05,167.3806421715639,0.407817742987606,0.9787234042553192,0.0855424189801837,0.7619166710005633,0.9787234042553192,0.5455686535061004,Moderate stress,DNCC,35792.0,133703.0,3.73,99.94,0.48999999999999977,0.4999243790049527,DNCC
BGD.3.1.31.4_1,Dhaka,Pallabi,Ward No-06,775.3533809465025,0.2797414137380192,0.958490566037736,0.401910262520693,0.5226345600729303,0.958490566037736,0.5833088425432368,Moderate stress,DNCC,64524.0,228316.0,3.56,99.95,0.31999999999999984,0.517726199808877,DNCC
BGD.3.1.32.1_1,Dhaka,Paltan,Ward No-36,449.2239174244457,0.3544896636731819,0.8888888888888888,0.2322038455892413,0.6622850258336809,0.8888888888888888,0.546903519499707,Moderate stress,DSCC,6098.0,25734.0,4.2,99.92,0.96,0.5887229442949965,DSCC
BGD.3.1.33.1_1,Dhaka,Ramna,Ward No-53,489.2817417412396,0.2982953443632166,0.9285714285714286,0.2530485425431947,0.5572984492709916,0.9285714285714286,0.5284167314049821,Moderate stress,DSCC,17925.0,65763.0,3.71,99.98,0.46999999999999975,0.4939477682640321,DSCC
BGD.3.1.33.2_1,Dhaka,Ramna,Ward No-54,593.7448575901101,0.3088673234022105,0.9964788732394366,0.3074075106068329,0.577049838742839,0.9964788732394366,0.574050166112586,Moderate stress,DNCC,21450.0,70120.0,3.36,99.88,0.11999999999999966,0.471663683558809,DNCC
BGD.3.1.34.1_1,Dhaka,Rampura,Ward No-22,849.5819847639917,0.3484872801477018,0.9446540880503148,0.4405362432942406,0.6510709083695925,0.9446540880503148,0.6402528372596323,Moderate stress,DNCC,45914.0,171433.0,3.76,99.95,0.5199999999999996,0.5947751187443341,DNCC
BGD.3.1.34.2_1,Dhaka,Rampura,Ward No-23,880.7579756820296,0.3775130597014924,0.4761904761904761,0.4567591434144865,0.7052991162175587,0.4761904761904761,0.5486059670895592,Moderate stress,DNCC,17011.0,69353.0,3.89,99.97,0.6499999999999999,0.5425396855986663,DNCC
BGD.3.1.35.3_1,Dhaka,Sabujbagh,Ward No-27,821.1411624023439,0.4596173028571429,0.1666666666666666,0.4257366296516887,0.8586926178388826,0.1666666666666666,0.512503734770951,Moderate stress,DSCC,7537.0,29572.0,3.74,99.91,0.5,0.4824843936412305,DSCC
BGD.3.1.35.4_1,Dhaka,Sabujbagh,Ward No-28,784.4809783411016,0.4154066059225513,0.5333333333333334,0.4066599463802915,0.7760947720849215,0.5333333333333334,0.5676304821151725,Moderate stress,DSCC,5294.0,20291.0,4.03,99.98,0.79,0.5780640759637341,DSCC
BGD.3.1.35.5_1,Dhaka,Sabujbagh,Ward No-29,693.3350713597112,0.4487724542124542,0.1428571428571428,0.359230790103729,0.8384314322506007,0.1428571428571428,0.4728576030434875,Moderate stress,DSCC,14425.0,55010.0,3.91,99.9,0.6699999999999999,0.4784399777002984,DSCC
BGD.3.1.35.6_1,Dhaka,Sabujbagh,Ward No-30,584.6253665913736,0.3922663414634146,0.1818181818181818,0.302662045033375,0.7328623390533996,0.1818181818181818,0.4230211821365853,Moderate stress,DSCC,3990.0,15921.0,3.89,99.9,0.6499999999999999,0.4366220479997786,DSCC
BGD.3.1.37.1_1,Dhaka,Shah Ali,Ward No-08,743.287396770309,0.1801943764413695,0.9551760939167556,0.3852242408986251,0.3366530804310862,0.9551760939167556,0.5107122979895191,Moderate stress,DNCC,40489.0,145193.0,3.52,99.94,0.2799999999999998,0.4578902210688893,DNCC
BGD.3.1.39.2_1,Dhaka,Sher-e-bangla Nagar,Ward No-41,678.6267843225074,0.359868291224398,0.9764705882352942,0.3515771096747163,0.6723337941102957,0.9764705882352942,0.6200653188673135,Moderate stress,DNCC,9770.0,38608.0,3.77,99.85,0.5299999999999998,0.577027845159074,DNCC
BGD.3.1.43.2_1,Dhaka,Tejgaon,Ward No-39,856.2472482325974,0.3665865744349182,1.0,0.4440046143176537,0.6848854107739044,1.0,0.667311739497928,Moderate stress,DNCC,20594.0,74319.0,3.7,99.94,0.45999999999999996,0.6052554463371336,DNCC
BGD.3.1.42.2_1,Dhaka,Tejgaon Ind. Area,Ward No-37,601.8150699675249,0.3035924061433445,0.997716894977169,0.3116069681218216,0.5671948300611771,0.997716894977169,0.5725902015144329,Moderate stress,DNCC,31979.0,118586.0,3.67,99.9,0.4299999999999997,0.5239087988576391,DNCC
BGD.3.1.46.1_1,Dhaka,Uttara,Ward No-01,282.0938695584665,0.3913243901661298,0.9589947089947092,0.1452351881775226,0.7311025127363437,0.9589947089947092,0.5537286319774066,Moderate stress,DNCC,33980.0,119514.0,3.44,99.87,0.19999999999999973,0.4595949200331948,DNCC
