GID_4,NAME_2,NAME_3,NAME_4,pop,builtup,flood,pop_norm,builtup_norm,flood_norm,ASI,stress_tier
BGD.3.1.1.1_1,Dhaka,Adabor,Ward No-43,806.0263661168439,0.4292119386503067,0.8979591836734694,0.4178714159645864,0.8018869631674616,0.8979591836734694,0.6722987994128135,High stress
BGD.3.1.1.2_1,Dhaka,Adabor,Ward No-46,903.248519444808,0.3969784688995215,0.7169811320754718,0.46846243926393677,0.7416659002303788,0.7169811320754718,0.6262133238050752,Moderate stress
BGD.3.1.2.1_1,Dhaka,Badda,Badda,731.0169301068607,0.341654255248692,0.8326572008113592,0.37883911730677955,0.6383049224029747,0.8326572008113592,0.5831066699665928,Moderate stress
BGD.3.1.2.2_1,Dhaka,Badda,Beraid,107.2789983526918,0.0344890315960796,0.9743710322125556,0.054267616286678276,0.06443507814841892,0.9743710322125556,0.28785208191975686,Low stress
BGD.3.1.2.3_1,Dhaka,Badda,Bhatara,689.6443995683449,0.2525293779938011,0.9258684863523576,0.3573102930133445,0.4717949287869196,0.9258684863523576,0.539519463868849,Moderate stress
BGD.3.1.2.4_1,Dhaka,Badda,Satarkul,180.89735914441152,0.0332525420133405,0.9663259170174388,0.09257604783838522,0.06212497261032789,0.9663259170174388,0.30035563880332855,Low stress
BGD.3.1.2.5_1,Dhaka,Badda,Ward No-17 (Part),363.9541883276231,0.3907141165882026,0.2444889779559118,0.1878324476742577,0.729962352405193,0.2444889779559118,0.3917420469004986,Moderate stress
BGD.3.1.2.6_1,Dhaka,Badda,Ward No-21,416.2970172557662,0.3386625613629801,0.9950738916256158,0.2150698332619304,0.6327156083398944,0.9950738916256158,0.5562468691301391,Moderate stress
BGD.3.1.3.1_1,Dhaka,Bangshal,Ward No-63 (Part),1198.7332164898794,0.4750379403794037,0.6670908111974161,0.6222223867769375,0.8875026463570004,0.6670908111974161,0.7262875837350791,High stress
BGD.3.1.3.2_1,Dhaka,Bangshal,Ward No-66 (Part),716.2814121997264,0.3017220472440945,1.0,0.37117126688123875,0.5637004808068924,1.0,0.5957636750349078,Moderate stress
BGD.3.1.3.3_1,Dhaka,Bangshal,Ward No-67 (part),1040.3577946368312,0.4958383507853403,0.6670908111974161,0.5398093319047267,0.9263635829504784,0.6670908111974161,0.7069236895939122,High stress
BGD.3.1.3.4_1,Dhaka,Bangshal,Ward No-68 (part),1148.910685536293,0.4928049535603714,0.0,0.5962964764980042,0.9206963554813173,0.0,0.5607623150176627,Moderate stress
BGD.3.1.3.5_1,Dhaka,Bangshal,Ward No-69,1526.113882512792,0.535252421307506,0.6670908111974161,0.7925798859227429,1.0,0.6670908111974161,0.8338046571684512,High stress
BGD.3.1.3.6_1,Dhaka,Bangshal,Ward No-70,1924.7187894505385,0.3866835761589404,0.6670908111974161,1.0,0.7224321848266579,0.6670908111974161,0.8196239674886843,High stress
BGD.3.1.3.7_1,Dhaka,Bangshal,Ward No-71 (Part),1245.8289369491977,0.4350477006311993,0.0,0.646729359822676,0.812789785366074,0.0,0.5431681688071963,Moderate stress
BGD.3.1.4.1_1,Dhaka,Biman Bandar,Dakshinkhan (part),107.3020732241385,0.2767266159338595,0.8295454545454545,0.05427962364630804,0.5170020814812498,0.8295454545454545,0.4100489416133243,Moderate stress
BGD.3.1.4.2_1,Dhaka,Biman Bandar,Ward No-01,12.651576531116785,0.3899066153846154,0.6666666666666666,0.005026800914244243,0.7284537161591119,0.6666666666666666,0.42363618768805356,Moderate stress
BGD.3.1.4.3_1,Dhaka,Biman Bandar,Ward No-98 (rest. Area),5.266141739996264,0.0692077228364313,0.928358208955224,0.0011836778110868346,0.12929922421905496,0.928358208955224,0.27781775183991,Low stress
BGD.3.1.5.1_1,Dhaka,Cantonment,Ward No-15 (part),157.95976595412804,0.1968950301715369,0.978846153846154,0.0806401230332012,0.3678545342972291,0.978846153846154,0.4057166746788492,Moderate stress
BGD.3.1.5.2_1,Dhaka,Cantonment,Ward No-98 (Rest. Area),203.4217511856937,0.1623314492075558,0.9642147117296224,0.10429695715336583,0.3032801772498574,0.9642147117296224,0.38892052283120204,Moderate stress
BGD.3.1.6.1_1,Dhaka,Chak Bazar,Ward No-63 (Part),1314.6183714124893,0.3601379861111111,0.6670908111974161,0.6825249862571352,0.6728376589710174,0.6670908111974161,0.6752758779420642,High stress
BGD.3.1.6.2_1,Dhaka,Chak Bazar,Ward No-64,1511.6390456854128,0.4460062745098039,0.6670908111974161,0.7850476848541454,0.8332634412382608,0.6670908111974161,0.7724339811744034,High stress
BGD.3.1.6.3_1,Dhaka,Chak Bazar,Ward No-65,687.4464124435757,0.4083803534730784,0.9866666666666668,0.3561665370479139,0.7629677834534468,0.9866666666666668,0.6561720056945386,Moderate stress
BGD.3.1.6.4_1,Dhaka,Chak Bazar,Ward No-66 (Part),661.5951619395747,0.3640249134948097,1.0,0.34271444643073273,0.680099517542724,1.0,0.6251206097122465,Moderate stress
BGD.3.1.6.5_1,Dhaka,Chak Bazar,Ward No-67 (Part),1167.3173192703707,0.4081622432859401,0.6670908111974161,0.605874647770986,0.7625602931209314,0.6670908111974161,0.6760186645000743,High stress
BGD.3.1.7.1_1,Dhaka,Dakshinkhan,Dakshinkhan (Part),235.6195920400544,0.3007861800378327,0.8656609195402302,0.12105159239947912,0.5619520212595713,0.8656609195402302,0.46151907428569916,Moderate stress
BGD.3.1.8.1_1,Dhaka,Darus Salam,Ward No-09,267.47564556136905,0.222318845184617,0.9456106870229009,0.1376283734185704,0.41535327321180554,0.9456106870229009,0.43682766674728535,Moderate stress
BGD.3.1.8.2_1,Dhaka,Darus Salam,Ward No-10,322.6992011995866,0.2332555245603395,0.9675516224188792,0.16636478887875383,0.4357860240791562,0.9675516224188792,0.460958929583926,Moderate stress
BGD.3.1.9.1_1,Dhaka,Demra,Demra (part),75.37205927517574,0.074685176417735,0.8945294741627521,0.03766435619598379,0.1395326269338404,0.8945294741627521,0.2875345304459257,Low stress
BGD.3.1.9.2_1,Dhaka,Demra,Matuail (part),415.9988607301258,0.2906475360990143,0.7886178861788619,0.21491468298784994,0.5430102219603699,0.7886178861788619,0.4731739224259849,Moderate stress
BGD.3.1.9.3_1,Dhaka,Demra,Saralia,292.1834401498169,0.3104846048478349,0.9899274778404512,0.1504854493926343,0.5800713691110225,0.9899274778404512,0.5107010284060244,Moderate stress
BGD.3.1.10.1_1,Dhaka,Dhamrai,Amta,10.172251737838533,0.0249217205180054,0.2635658914728687,0.0037366466223487257,0.046560687118662666,0.2635658914728687,0.0836823720086886,Low stress
BGD.3.1.10.2_1,Dhaka,Dhamrai,Baisakanda,8.194361254926648,0.0257999025234248,0.0,0.00270742128553676,0.048201374709153505,0.0,0.01795344966241843,Low stress
BGD.3.1.10.3_1,Dhaka,Dhamrai,Balia,9.513258048396674,0.0324569937829774,0.0183823529411765,0.00339372925263965,0.06063866783393894,0.0183823529411765,0.027176613678228614,Low stress
BGD.3.1.10.4_1,Dhaka,Dhamrai,Bhararia,13.270500004413568,0.0416631975867269,0.4181146025878013,0.005348867138723413,0.0778384103054643,0.4181146025878013,0.1339116411093522,Low stress
BGD.3.1.10.5_1,Dhaka,Dhamrai,Chauhat,8.433125051131434,0.0207761550694116,0.3848964677222906,0.002831665651284245,0.038815620896510736,0.3848964677222906,0.1109422505048651,Low stress
BGD.3.1.10.6_1,Dhaka,Dhamrai,Dhamrai,27.98950259780245,0.0577185871221233,0.5499697153240465,0.013008123570057263,0.1078343316619274,0.5499697153240465,0.1804376943407091,Low stress
BGD.3.1.10.7_1,Dhaka,Dhamrai,Dhamrai Paurashava,73.88292153115454,0.1759995259558594,0.7470039946737687,0.036889460766033985,0.3288159360884918,0.7470039946737687,0.31659236060582785,Low stress
BGD.3.1.10.8_1,Dhaka,Dhamrai,Gangutia,13.064076940216683,0.0492934413098155,0.0572831423895254,0.005241451763802849,0.09209382218094833,0.0572831423895254,0.0486502040662344,Low stress
BGD.3.1.10.9_1,Dhaka,Dhamrai,Jadabpur,9.063574016032714,0.0227349618215902,0.0320512820512821,0.0031597293402747455,0.04247521527516606,0.0320512820512821,0.024143037595238545,Low stress
BGD.3.1.10.10_1,Dhaka,Dhamrai,Kulla,16.47383779892088,0.0304342028556537,0.3802698145025302,0.007015772586198165,0.056859533267144345,0.3802698145025302,0.11777459930361234,Low stress
BGD.3.1.10.11_1,Dhaka,Dhamrai,Kushura,9.78020577002476,0.033649639698657,0.0,0.003532639551808168,0.06286686123989538,0.0,0.02341645725468665,Low stress
BGD.3.1.10.12_1,Dhaka,Dhamrai,Nannar,12.652308064062645,0.0276680555935542,0.0521739130434784,0.005027181578517163,0.05169160286275234,0.0521739130434784,0.03314641189423978,Low stress
BGD.3.1.10.13_1,Dhaka,Dhamrai,Rowail,9.010020281854816,0.0320379482515736,0.1615720524017471,0.0031318618417590345,0.059855774539630875,0.1615720524017471,0.06259527892601119,Low stress
BGD.3.1.10.14_1,Dhaka,Dhamrai,Sanora,14.35906645658024,0.031168120492258,0.0987306064880114,0.005915319216355137,0.05823069499829821,0.0987306064880114,0.04742952255794927,Low stress
BGD.3.1.10.15_1,Dhaka,Dhamrai,Sombhag,20.896741080812728,0.0523569711243088,0.1699576868829341,0.00931729744782251,0.09781734568600742,0.1699576868829341,0.08045241168996511,Low stress
BGD.3.1.10.16_1,Dhaka,Dhamrai,Suapur,10.440488448723343,0.0287054457941783,0.0,0.003876227666643609,0.05362973552563685,0.0,0.02032089850063034,Low stress
BGD.3.1.10.17_1,Dhaka,Dhamrai,Suti Para,22.99805767039784,0.0515267340598191,0.0828586224754015,0.010410749432828426,0.09626623254491856,0.0828586224754015,0.05857213678270323,Low stress
BGD.3.1.11.1_1,Dhaka,Dhanmondi,Ward No-47 (Part),615.4775744279224,0.4229566406249998,0.6670908111974161,0.318716459712198,0.7902003312601709,0.6670908111974161,0.5708294026252929,Moderate stress
BGD.3.1.11.2_1,Dhaka,Dhanmondi,Ward No-48 (Part),547.3589272692655,0.4484525443110347,0.9411764705882352,0.28326988763413846,0.837833751812952,0.9411764705882352,0.6418438858352473,Moderate stress
BGD.3.1.11.3_1,Dhaka,Dhanmondi,Ward No-49,552.4880544963975,0.3795694374475231,1.0,0.28593890684602347,0.7091410002785544,1.0,0.6125749128359035,Moderate stress
BGD.3.1.12.1_1,Dhaka,Dohar,Bilaspur,26.156316013458728,0.0499066157479967,0.902025630425796,0.012054197103444906,0.0932394021237412,0.902025630425796,0.2629618771911364,Low stress
BGD.3.1.12.2_1,Dhaka,Dohar,Dohar Paurashava,43.78504882856187,0.0868424263991112,0.1708542713567842,0.02122757582483946,0.16224574227422253,0.1708542713567842,0.1079906079651097,Low stress
BGD.3.1.12.3_1,Dhaka,Dohar,Kushumhati,13.375609804337676,0.0450730795444688,0.8352586639879459,0.005403562618662152,0.08420901569088655,0.8352586639879459,0.24044924653626162,Low stress
BGD.3.1.12.4_1,Dhaka,Dohar,Mahmudpur,15.0221618887624,1.906452664758524e-05,0.9999497062847026,0.006260370990162859,3.561782420528752e-05,0.9999497062847026,0.2525040412057126,Low stress
BGD.3.1.12.5_1,Dhaka,Dohar,Muksudpur,33.355366576800755,0.0384222404881444,0.9875540416612076,0.015800332344398062,0.07178340341606894,0.9875540416612076,0.2783328345486853,Low stress
BGD.3.1.12.6_1,Dhaka,Dohar,Narisha,30.256314561673086,0.0497841679305951,0.9859629421673216,0.01418769358526325,0.0930106356342735,0.9859629421673216,0.28471953544793144,Low stress
BGD.3.1.12.7_1,Dhaka,Dohar,Nayabari,9.019315206721473,0.0204275303370407,0.983889085015565,0.0031366985970087196,0.038164293189259485,0.983889085015565,0.2605844533089356,Low stress
BGD.3.1.12.8_1,Dhaka,Dohar,Roypara,20.414498400166156,0.0545725295485371,0.0,0.00906635514858921,0.10195662340999448,0.0,0.03931136025293375,Low stress
BGD.3.1.12.9_1,Dhaka,Dohar,Sutar Para,27.817540220088667,0.0493309829150867,0.5884900990099016,0.012918640336455326,0.09216396031349428,0.5884900990099016,0.1845473669967805,Low stress
BGD.3.1.13.1_1,Dhaka,Gendaria,Ward No-76 (Part),732.8796830047482,0.3576103368712505,1.0,0.37980842905345585,0.6681153090306171,1.0,0.6357637297820984,Moderate stress
BGD.3.1.13.2_1,Dhaka,Gendaria,Ward No-80 (Part),699.7464627352628,0.2854481060606061,1.0,0.3625670549297878,0.5332962443463928,1.0,0.5816805074931526,Moderate stress
BGD.3.1.13.3_1,Dhaka,Gendaria,Ward No-81,524.0318367739758,0.4250124623493976,0.6666666666666666,0.27113128199379405,0.794041176518518,0.6666666666666666,0.5530335912456655,Moderate stress
BGD.3.1.13.4_1,Dhaka,Gendaria,Ward No-82,390.9526977539062,0.379955930359086,1.0,0.2018815318868365,0.709863076249026,1.0,0.5792046894418936,Moderate stress
BGD.3.1.14.1_1,Dhaka,Gulshan,Ward No-18,237.4296834685175,0.3657435030034776,0.9793103448275864,0.1219935009511486,0.6833103194751463,0.9793103448275864,0.5327835984036573,Moderate stress
BGD.3.1.14.2_1,Dhaka,Gulshan,Ward No-19,287.59618480565825,0.3325238873076762,0.9956896551724138,0.14809840144057412,0.6212468623596175,0.9956896551724138,0.5255981761951992,Moderate stress
BGD.3.1.14.3_1,Dhaka,Gulshan,Ward No-20 (Part),408.4976381035981,0.3408911897949451,0.973684210526316,0.21101130792689946,0.6368793044639043,0.973684210526316,0.5507333323647052,Moderate stress
BGD.3.1.15.1_1,Dhaka,Hazaribagh,Ward No-46 (Part),263.15639886437583,0.2566673681046145,0.9922752808988764,0.13538078783438673,0.47952584217672767,0.9922752808988764,0.4700551801203285,Moderate stress
BGD.3.1.15.2_1,Dhaka,Hazaribagh,Ward No-48 (Part),406.05508338818913,0.3060210310828876,0.9511568123393316,0.20974028750318655,0.5717321751396178,0.9511568123393316,0.5217915793849738,Moderate stress
BGD.3.1.15.3_1,Dhaka,Hazaribagh,Ward No-58,545.7918652895678,0.3814289315726291,0.7903225806451615,0.28245444314527823,0.712615051120891,0.7903225806451615,0.5599776903117135,Moderate stress
BGD.3.1.16.1_1,Dhaka,Jatrabari,Dhania(part),359.84953649217965,0.413410391742904,0.6670908111974161,0.1856965297837936,0.7723652902550757,0.6670908111974161,0.5113791663021479,Moderate stress
BGD.3.1.16.2_1,Dhaka,Jatrabari,Matuail (part),640.4534848857219,0.2483847526506369,0.8776190476190476,0.33171305384883065,0.4640516189424918,0.8776190476190476,0.5145080500741663,Moderate stress
BGD.3.1.16.3_1,Dhaka,Jatrabari,Ward No-76 (Part),636.9471709236266,0.4504119047619048,0.6670908111974161,0.3298884901534267,0.841494380654357,0.6670908111974161,0.5932511320897497,Moderate stress
BGD.3.1.16.4_1,Dhaka,Jatrabari,Ward No-84,429.5150602520012,0.4479118212845174,0.5,0.22194804258258322,0.8368235312048949,0.5,0.5066674529547465,Moderate stress
BGD.3.1.16.5_1,Dhaka,Jatrabari,Ward No-85,378.8258042689214,0.3216234551367897,0.4335664335664336,0.1955711187778199,0.600881831325738,0.4335664335664336,0.39692869686674465,Moderate stress
BGD.3.1.16.6_1,Dhaka,Jatrabari,Ward No-86,402.56619393472647,0.3436225824640541,0.9836065573770492,0.20792479091535054,0.6419823036477973,0.9836065573770492,0.5537653619871316,Moderate stress
BGD.3.1.17.1_1,Dhaka,Kadamtali,Dhania(part),436.078312160129,0.4506446811573341,0.0,0.22536333034198416,0.8419292715323108,0.0,0.3848205771731024,Moderate stress
BGD.3.1.17.2_1,Dhaka,Kadamtali,Matuail (part),504.3391926232708,0.3050977649265395,0.627450980392157,0.2608839156791089,0.5700072578490193,0.627450980392157,0.46071885161683956,Moderate stress
BGD.3.1.17.3_1,Dhaka,Kadamtali,Shyampur,393.9706030936688,0.2680559845559845,0.9900095147478593,0.20345194474165287,0.5008029368670237,0.9900095147478593,0.5041641844870842,Moderate stress
BGD.3.1.17.4_1,Dhaka,Kadamtali,Ward No-88,376.28974076414016,0.4417361396303902,0.0,0.1942514396361102,0.8252856447642483,0.0,0.36655055152193095,Moderate stress
BGD.3.1.17.5_1,Dhaka,Kadamtali,Ward No-89,363.1059080279642,0.4937212162623846,0.6670908111974161,0.1873910321435848,0.9224081883764865,0.6670908111974161,0.5645719815885581,Moderate stress
BGD.3.1.18.1_1,Dhaka,Kafrul,Ward No-04,444.4102973856301,0.3042341893830702,0.6547085201793723,0.2296990053321402,0.5683938591812285,0.6547085201793723,0.45449458289112915,Moderate stress
BGD.3.1.18.2_1,Dhaka,Kafrul,Ward No-14 (part),895.8500364087763,0.416891896869245,1.0,0.4646125263084697,0.7788697075874372,1.0,0.7084494081789909,High stress
BGD.3.1.18.3_1,Dhaka,Kafrul,Ward No-15 (part),502.34801245515246,0.2836620844708528,0.9402597402597404,0.2598477748528647,0.5299594605810986,0.9402597402597404,0.5244898562094654,Moderate stress
BGD.3.1.18.4_1,Dhaka,Kafrul,Ward No-16,433.0251356575882,0.2111023657030754,0.9653179190751446,0.2237745636022061,0.39439777813129345,0.9653179190751446,0.4688785275556213,Moderate stress
BGD.3.1.19.1_1,Dhaka,Kalabagan,Ward No-50,899.8107260911623,0.4508920820189275,0.6670908111974161,0.4666735313072703,0.8423914849698307,0.6670908111974161,0.648279135061703,Moderate stress
BGD.3.1.19.2_1,Dhaka,Kalabagan,Ward No-51 (Part),667.4195481610291,0.3964804931910196,0.6670908111974161,0.3457452542142223,0.7407355434703189,0.6670908111974161,0.5643282446996545,Moderate stress
BGD.3.1.20.1_1,Dhaka,Kamrangir Char,Sultanganj,205.9518892800089,0.3804904524699046,0.9956363636363637,0.10561355291779288,0.7108617118264474,0.9956363636363637,0.5399561112154647,Moderate stress
BGD.3.1.21.1_1,Dhaka,Keraniganj,Aganagar,348.30538378632923,0.4026156846000569,0.9840425531914894,0.17968935468510186,0.7521977829012969,0.9840425531914894,0.5811556041873669,Moderate stress
BGD.3.1.21.2_1,Dhaka,Keraniganj,Basta,27.687081648244856,0.0499643021277004,0.748717948717949,0.012850754238258282,0.0933471762830113,0.748717948717949,0.2249913005738445,Low stress
BGD.3.1.21.3_1,Dhaka,Keraniganj,Hazratpur,18.497452341278493,0.0491063049514113,0.8390804597701154,0.008068791131425876,0.09174419955253113,0.8390804597701154,0.2451081012384851,Low stress
BGD.3.1.21.4_1,Dhaka,Keraniganj,Kalatia,18.80751021313257,0.0613133680936911,0.8344322344322348,0.008230134451668966,0.11455037969546365,0.8344322344322348,0.25199274528213855,Low stress
BGD.3.1.21.5_1,Dhaka,Keraniganj,Kalindi,92.12104739306362,0.1574434584356366,0.9200857317819966,0.046379946409813,0.29414805457775645,0.9200857317819966,0.3515252306116391,Moderate stress
BGD.3.1.21.6_1,Dhaka,Keraniganj,Konda,63.550948042612106,0.0824856797136409,0.9327615417196076,0.031513061523735224,0.1541061309207088,0.9327615417196076,0.29973275586164405,Low stress
BGD.3.1.21.7_1,Dhaka,Keraniganj,Ruhitpur,25.11386283968426,0.0694428467071947,0.931541781090624,0.011511740770216002,0.1297385008321136,0.931541781090624,0.28289861687198214,Low stress
BGD.3.1.21.8_1,Dhaka,Keraniganj,Sakta,49.93183655473193,0.1191474879828221,0.8818587555788924,0.02442615012530586,0.2226005586145141,0.8818587555788924,0.30814534445992536,Low stress
BGD.3.1.21.9_1,Dhaka,Keraniganj,Subhadya (Part),120.3917215534939,0.1789262908823219,0.8055968301139182,0.06109102085304165,0.3342839448446466,0.8055968301139182,0.3428349965653225,Moderate stress
BGD.3.1.21.10_1,Dhaka,Keraniganj,Taranagar,25.51809787740096,0.0670865362606562,0.3178053830227747,0.011722090608308481,0.12533625928637235,0.3178053830227747,0.12800787274924738,Low stress
BGD.3.1.21.11_1,Dhaka,Keraniganj,Tegharia,42.517359604930185,0.0732165023181379,0.2034976152623214,0.020567914494023832,0.13678873631115165,0.2034976152623214,0.10697762732209296,Low stress
BGD.3.1.21.12_1,Dhaka,Keraniganj,Zinjira,308.8468863509962,0.2827753024193548,0.9966254218222722,0.15915652657159304,0.5283027057189126,0.9966254218222722,0.49772491308582467,Moderate stress
BGD.3.1.22.1_1,Dhaka,Khilgaon,Dakshingaon (Part),429.4735726424448,0.2382438929133858,0.7082228116710878,0.22192645387517596,0.445105679917164,0.7082228116710878,0.4216132724388497,Moderate stress
BGD.3.1.22.2_1,Dhaka,Khilgaon,Nasirabad,79.72953643629064,0.0381647079472058,0.9765484894468202,0.039931835582504877,0.07130226119104265,0.9765484894468202,0.2850656480115719,Low stress
BGD.3.1.22.3_1,Dhaka,Khilgaon,Ward No-24,961.2547310502428,0.3762561987457791,0.902439024390244,0.4986468519968886,0.70295095130381,0.902439024390244,0.67110132985265,High stress
BGD.3.1.22.4_1,Dhaka,Khilgaon,Ward No-25,1062.8341383656684,0.4734531191369605,0.6551724137931034,0.5515052385509617,0.8845417606526969,0.6551724137931034,0.6939848150971044,High stress
BGD.3.1.22.5_1,Dhaka,Khilgaon,Ward No-26,898.5948557020918,0.3958209711084259,0.4000000000000001,0.4660408346936193,0.7395033732711022,0.4000000000000001,0.5452425145223334,Moderate stress
BGD.3.1.23.1_1,Dhaka,Khilkhet,Dakshinkhan (part),85.81277495647257,0.0842092569337304,0.9310260186548848,0.04309734108896961,0.157326251281639,0.9310260186548848,0.3050596290478827,Low stress
BGD.3.1.23.2_1,Dhaka,Khilkhet,Dumni,61.14477620705127,0.0712290515212274,0.9854758291784088,0.03026097348383696,0.13307562691118746,0.9854758291784088,0.3050498161070526,Low stress
BGD.3.1.23.3_1,Dhaka,Khilkhet,Ward No-17 (Part),159.93841135550286,0.261251849357646,0.778084714548803,0.08166974120329488,0.4880909248751536,0.778084714548803,0.3980208988248225,Moderate stress
BGD.3.1.24.1_1,Dhaka,Kotwali,Ward No-68 (Part),665.1050650177563,0.4690917992656058,0.9166666666666666,0.3445408777771743,0.8763936053193666,0.9166666666666666,0.6737207796393146,High stress
BGD.3.1.24.2_1,Dhaka,Kotwali,Ward No-71 (Part),783.871287693487,0.3547504672897196,0.6670908111974161,0.40634268459680883,0.6627722793353102,0.6670908111974161,0.561280074405436,Moderate stress
BGD.3.1.24.3_1,Dhaka,Kotwali,Ward No-72,719.3339772676647,0.4866857142857142,0.6670908111974161,0.3727597154517399,0.9092639190624232,0.6670908111974161,0.6341189606518981,Moderate stress
BGD.3.1.24.4_1,Dhaka,Kotwali,Ward No-73,502.7652146625461,0.3358390348197924,0.9931506849315068,0.2600648723545379,0.6274404775216339,0.9931506849315068,0.5719177873072637,Moderate stress
BGD.3.1.25.1_1,Dhaka,Lalbagh,Ward No-56 (Part),1253.5221860658871,0.2330702797202797,0.6670908111974161,0.6507326587827104,0.4354399353317064,0.6670908111974161,0.5794697436785354,Moderate stress
BGD.3.1.25.2_1,Dhaka,Lalbagh,Ward No-59,713.0949704960507,0.3850956318914333,0.0,0.36951315357110787,0.7194654644452199,0.0,0.39961817398427013,Moderate stress
BGD.3.1.25.3_1,Dhaka,Lalbagh,Ward No-60,743.4827752297972,0.4798873515745998,0.8181818181818182,0.38532590904583036,0.8965626916779538,0.8181818181818182,0.6724727602510705,High stress
BGD.3.1.25.4_1,Dhaka,Lalbagh,Ward No-61,1192.0013079874311,0.45029609030837,0.6670908111974161,0.6187193359985046,0.8412780071286625,0.6670908111974161,0.7087077396937878,High stress
BGD.3.1.25.5_1,Dhaka,Lalbagh,Ward No-62,955.5652256250024,0.3167900898652022,0.7777777777777778,0.49568623148317564,0.5918517642411638,0.7777777777777778,0.599867054522122,Moderate stress
BGD.3.1.25.6_1,Dhaka,Lalbagh,Ward No-91,260.5333717998937,0.4235497063142438,0.9519230769230772,0.13401585588429515,0.7913083424818581,0.9519230769230772,0.5685450314531377,Moderate stress
BGD.3.1.25.7_1,Dhaka,Lalbagh,Ward No-92,282.2351601705967,0.4104448395217119,0.8292682926829269,0.1453087108923112,0.7668248160729172,0.8292682926829269,0.5338292431531773,Moderate stress
BGD.3.1.26.1_1,Dhaka,Mirpur,Ward No-07 (Part),1547.5918076812704,0.3609153916628493,0.0,0.8037562503152774,0.6742900681910247,0.0,0.5575040239929696,Moderate stress
BGD.3.1.26.2_1,Dhaka,Mirpur,Ward No-11,581.2097339757116,0.3637243237299318,0.7727272727272727,0.30088466875311454,0.679537932479468,0.7727272727272727,0.5513739620508777,Moderate stress
BGD.3.1.26.3_1,Dhaka,Mirpur,Ward No-12,597.1200356646925,0.381764746703678,0.8333333333333334,0.3091638357525499,0.7132424469395378,0.8333333333333334,0.5816337240631915,Moderate stress
BGD.3.1.26.4_1,Dhaka,Mirpur,Ward No-13,1017.7461022913728,0.4362010768899418,0.0,0.5280429945512648,0.8149446121596177,0.0,0.4964478120763721,Moderate stress
BGD.3.1.26.5_1,Dhaka,Mirpur,Ward No-14 (part),1003.3442914954512,0.4400706782106782,0.6670908111974161,0.5205487936866586,0.8221741008395265,0.6670908111974161,0.6627531555678516,High stress
BGD.3.1.27.1_1,Dhaka,Mohammadpur,Ward No-42,927.10946119897,0.4252641412283928,0.4285714285714285,0.48087884251060337,0.7945113824792503,0.4285714285714285,0.5775733780148361,Moderate stress
BGD.3.1.27.2_1,Dhaka,Mohammadpur,Ward No-44,995.6870441078066,0.3756094439901881,0.8,0.5165642287728326,0.7017426340130426,0.8,0.652235613413698,Moderate stress
BGD.3.1.27.3_1,Dhaka,Mohammadpur,Ward No-45,762.9810455266816,0.3142470102411629,1.0,0.3954721299751191,0.5871005860627876,1.0,0.6136740571120233,Moderate stress
BGD.3.1.27.4_1,Dhaka,Mohammadpur,Ward No-46,534.0461028423977,0.2943863590772317,0.8435091879075283,0.27634235735729046,0.5499953804190356,0.8435091879075283,0.5139126230664607,Moderate stress
BGD.3.1.27.5_1,Dhaka,Mohammadpur,Ward No-47(part),493.9836397321529,0.2586655464106082,0.9805068226120858,0.2554952465367488,0.4832589935394297,0.9805068226120858,0.5164654520065214,Moderate stress
BGD.3.1.27.6_1,Dhaka,Mohammadpur,Ward No-51(part),516.481319489771,0.2993770918367346,0.6670908111974161,0.26720225570943706,0.5593194536241817,0.6670908111974161,0.4694154138515924,Moderate stress
BGD.3.1.28.1_1,Dhaka,Motijheel,Ward No-31,541.8436338915217,0.4058584233509537,0.4,0.28039992100384853,0.7582561184114389,0.4,0.47754960984554307,Moderate stress
BGD.3.1.28.2_1,Dhaka,Motijheel,Ward No-32,440.5317206430126,0.3224256923732425,0.9333333333333336,0.22768072904800815,0.6023806330210074,0.9333333333333336,0.5352388465098893,Moderate stress
BGD.3.1.28.3_1,Dhaka,Motijheel,Ward No-33,588.1998229019408,0.2743475993804853,0.4,0.30452206763419526,0.5125574186293513,0.4,0.40120392357395107,Moderate stress
BGD.3.1.28.4_1,Dhaka,Motijheel,Ward No-34,697.3839520985948,0.3389292381812706,0.7777777777777778,0.36133768665750277,0.6332138346116019,0.7777777777777778,0.5606043612215061,Moderate stress
BGD.3.1.28.5_1,Dhaka,Motijheel,Ward No-35,673.4117262936127,0.4039991908006815,1.0,0.3488633750657196,0.7547825562634518,1.0,0.653719244718496,Moderate stress
BGD.3.1.29.1_1,Dhaka,Nawabganj,Agla,11.880521958982545,0.0163431142078158,0.2805907172995788,0.004625570963161748,0.03053347085827861,0.2805907172995788,0.08268462251055692,Low stress
BGD.3.1.29.2_1,Dhaka,Nawabganj,Bakshanagar,20.72755641737968,0.0495301063598871,0.682424916573972,0.009229259640011766,0.092535978144472,0.682424916573972,0.2066855253500629,Low stress
BGD.3.1.29.3_1,Dhaka,Nawabganj,Bandura,14.29774060022897,0.0413731939674481,0.5536277602523666,0.005883407376087068,0.07729660309874418,0.5536277602523666,0.16781411409808694,Low stress
BGD.3.1.29.4_1,Dhaka,Nawabganj,Barrah,16.238925778565946,0.0300966919205023,0.4378463974663504,0.006893532550483429,0.05622896921602444,0.4378463974663504,0.13189915161238952,Low stress
BGD.3.1.29.5_1,Dhaka,Nawabganj,Baruakhali,9.621674568619342,0.0318668033528312,0.1977796052631583,0.003450145434681175,0.05953602839383236,0.1977796052631583,0.07166256942750338,Low stress
BGD.3.1.29.6_1,Dhaka,Nawabganj,Churain,11.599268700581778,0.0285255936508605,0.375218531468532,0.004479216560778041,0.053293721831614765,0.375218531468532,0.11424912213250939,Low stress
BGD.3.1.29.7_1,Dhaka,Nawabganj,Galimpur,14.537266432648906,0.027026233490566,0.5934065934065941,0.006008048278946682,0.050492501135346105,0.5934065934065941,0.16842724306059834,Low stress
BGD.3.1.29.8_1,Dhaka,Nawabganj,Jantrail,13.915890047838998,0.0242588008595319,0.1855129465748939,0.005684705644726892,0.04532216930522778,0.1855129465748939,0.06451487815844395,Low stress
BGD.3.1.29.9_1,Dhaka,Nawabganj,Joykrishnapur,8.27442784387908,0.0314540031675814,0.6689130810437192,0.0027490851504948597,0.05876480313857538,0.6689130810437192,0.18889558541962911,Low stress
BGD.3.1.29.10_1,Dhaka,Nawabganj,Kailail,12.822424244252115,0.0212141611076068,0.6696832579185529,0.005115704115212372,0.03963393767707802,0.6696832579185529,0.18333897431270046,Low stress
BGD.3.1.29.11_1,Dhaka,Nawabganj,Kalakopa,25.78127234550061,0.0783713344257622,0.488448844884489,0.011859037437726153,0.14641939261912718,0.488448844884489,0.17810261361290722,Low stress
BGD.3.1.29.12_1,Dhaka,Nawabganj,Nayansree,9.42285397065382,0.028394723435578,0.2403958090803264,0.003346686118468197,0.05304921996656423,0.2403958090803264,0.08000485370576636,Low stress
BGD.3.1.29.13_1,Dhaka,Nawabganj,Shikari Para,8.618487077623698,0.0339129190279512,0.2920547945205483,0.0029281215955323714,0.06335874005970726,0.2920547945205483,0.09636050628924756,Low stress
BGD.3.1.29.14_1,Dhaka,Nawabganj,Sholla,11.179066570705384,0.0294527487070445,0.7974388824214207,0.004260558003902622,0.05502590466587297,0.7974388824214207,0.22032301043997177,Low stress
BGD.3.1.30.1_1,Dhaka,New Market,Ward No-52,444.77161976647744,0.295092318169436,0.9,0.22988702491782415,0.5513143078336558,0.9,0.5099148177089092,Moderate stress
BGD.3.1.31.1_1,Dhaka,Pallabi,Ward No-02,107.90560243851895,0.2927339117280655,0.9904191616766468,0.054593679234477964,0.5469081503881473,0.9904191616766468,0.46086011474880445,Moderate stress
BGD.3.1.31.2_1,Dhaka,Pallabi,Ward No-03,314.03439510508605,0.4219020473157417,0.0,0.16185592549725183,0.7882300584182808,0.0,0.340622890645299,Moderate stress
BGD.3.1.31.3_1,Dhaka,Pallabi,Ward No-05,167.3806421715639,0.407817742987606,0.9787234042553192,0.08554241898018373,0.7619166710005633,0.9787234042553192,0.5455686535061004,Moderate stress
BGD.3.1.31.4_1,Dhaka,Pallabi,Ward No-06,775.3533809465025,0.2797414137380192,0.958490566037736,0.401910262520693,0.5226345600729303,0.958490566037736,0.5833088425432368,Moderate stress
BGD.3.1.31.5_1,Dhaka,Pallabi,Ward No-15 (part),92.96927949216848,0.1812795936931474,0.9917469050894084,0.046821336858595915,0.3386805672925692,0.9917469050894084,0.3852034595681897,Moderate stress
BGD.3.1.32.1_1,Dhaka,Paltan,Ward No-36,449.2239174244457,0.3544896636731819,0.8888888888888888,0.2322038455892413,0.6622850258336809,0.8888888888888888,0.546903519499707,Moderate stress
BGD.3.1.33.1_1,Dhaka,Ramna,Ward No-53,489.2817417412396,0.2982953443632166,0.9285714285714286,0.2530485425431947,0.5572984492709916,0.9285714285714286,0.5284167314049821,Moderate stress
BGD.3.1.33.2_1,Dhaka,Ramna,Ward No-54,593.7448575901101,0.3088673234022105,0.9964788732394366,0.3074075106068329,0.577049838742839,0.9964788732394366,0.574050166112586,Moderate stress
BGD.3.1.33.3_1,Dhaka,Ramna,Ward No-55,567.5454849171526,0.3597740352976368,0.9965277777777778,0.2937742693346021,0.6721576978928681,0.9965277777777778,0.6018968464407891,Moderate stress
BGD.3.1.34.1_1,Dhaka,Rampura,Ward No-22,849.5819847639917,0.3484872801477018,0.9446540880503148,0.4405362432942406,0.6510709083695925,0.9446540880503148,0.6402528372596323,Moderate stress
BGD.3.1.34.2_1,Dhaka,Rampura,Ward No-23,880.7579756820296,0.3775130597014924,0.4761904761904761,0.4567591434144865,0.7052991162175587,0.4761904761904761,0.5486059670895592,Moderate stress
BGD.3.1.35.1_1,Dhaka,Sabujbagh,Dakshingaon (Part),272.9989236397203,0.1857530731707317,0.7608695652173916,0.14050249500902778,0.347038267882987,0.7608695652173916,0.3678817830670044,Moderate stress
BGD.3.1.35.2_1,Dhaka,Sabujbagh,Manda,668.882899203181,0.2619472186076773,0.4,0.34650673114241687,0.4893900675270124,0.4,0.40988921609142104,Moderate stress
BGD.3.1.35.3_1,Dhaka,Sabujbagh,Ward No-27,821.1411624023439,0.4596173028571429,0.1666666666666666,0.42573662965168874,0.8586926178388826,0.1666666666666666,0.512503734770951,Moderate stress
BGD.3.1.35.4_1,Dhaka,Sabujbagh,Ward No-28,784.4809783411016,0.4154066059225513,0.5333333333333334,0.40665994638029157,0.7760947720849215,0.5333333333333334,0.5676304821151725,Moderate stress
BGD.3.1.35.5_1,Dhaka,Sabujbagh,Ward No-29,693.3350713597112,0.4487724542124542,0.1428571428571428,0.359230790103729,0.8384314322506007,0.1428571428571428,0.47285760304348756,Moderate stress
BGD.3.1.35.6_1,Dhaka,Sabujbagh,Ward No-30,584.6253665913736,0.3922663414634146,0.1818181818181818,0.30266204503337507,0.7328623390533996,0.1818181818181818,0.4230211821365853,Moderate stress
BGD.3.1.36.1_1,Dhaka,Savar,Amin Bazar,99.44525754960846,0.0620029016718617,0.9966822023856544,0.0501912103449898,0.1158386196934934,0.9966822023856544,0.3097905516271322,Low stress
BGD.3.1.36.2_1,Dhaka,Savar,Ashulia,60.228709907631696,0.1718688111210556,0.9814416077104464,0.02978428447920909,0.32109861493240366,0.9814416077104464,0.3696586309456365,Moderate stress
BGD.3.1.36.3_1,Dhaka,Savar,Banagram,28.169783611866787,0.0548461930946967,0.9568703681205198,0.013101935532359646,0.10246790282745345,0.9568703681205198,0.28032213223268254,Low stress
BGD.3.1.36.4_1,Dhaka,Savar,Bhakurta,23.779296647512304,0.0550996889297731,0.8516898608349908,0.010817278993639852,0.1029415033661622,0.8516898608349908,0.2532789029843604,Low stress
BGD.3.1.36.5_1,Dhaka,Savar,Biralia,25.79725279592673,0.0560774693575095,0.9717174573994204,0.011867353107685804,0.1047682684377669,0.9717174573994204,0.28434519954614784,Low stress
BGD.3.1.36.6_1,Dhaka,Savar,Dhamsana,52.182022671616345,0.1744425429631061,0.9282927343667556,0.025597068628655142,0.3259070599568343,0.9282927343667556,0.3563794820280429,Moderate stress
BGD.3.1.36.7_1,Dhaka,Savar,Kaundia,98.19522348145394,0.0416648730689312,0.9992738538994044,0.04954073614232886,0.07784154057099436,0.9992738538994044,0.29687929713163064,Low stress
BGD.3.1.36.8_1,Dhaka,Savar,Pathalia(part),34.07676598940766,0.103871763828675,0.8104389086595496,0.016175723479463944,0.1940612684664531,0.8104389086595496,0.2770014605199316,Low stress
BGD.3.1.36.9_1,Dhaka,Savar,Savar,34.485449779638536,0.0932408185680839,0.7349397590361446,0.016388388293458452,0.17419971373565526,0.7349397590361446,0.2512601948838989,Low stress
BGD.3.1.36.10_1,Dhaka,Savar,Savar Paurashava,89.08686393819924,0.244985319604558,0.8650751072961376,0.0448010629907045,0.45770053502254465,0.8650751072961376,0.3943843892782068,Moderate stress
BGD.3.1.36.11_1,Dhaka,Savar,Shimulia,24.780443655555946,0.082981094597407,0.7410589060308563,0.01133824103651041,0.15503170334979918,0.7410589060308563,0.24406111909474795,Low stress
BGD.3.1.36.12_1,Dhaka,Savar,Tetuljhora,66.66668567747072,0.1519117539822812,0.8545831761599401,0.033134382898381796,0.28381329618499174,0.8545831761599401,0.32623420086408483,Low stress
BGD.3.1.36.13_1,Dhaka,Savar,Yearpur,56.30879531133143,0.1586117636131823,0.9910040451609002,0.02774449741541188,0.2963307727328501,0.9910040451609002,0.36256458071288733,Moderate stress
BGD.3.1.37.1_1,Dhaka,Shah Ali,Ward No-08,743.287396770309,0.1801943764413695,0.9551760939167556,0.3852242408986251,0.33665308043108627,0.9551760939167556,0.5107122979895191,Moderate stress
BGD.3.1.38.1_1,Dhaka,Shahbagh,Ward No-56(part),292.0829411976783,0.1885933168118953,0.9444444444444444,0.15043315323733264,0.3523446308775261,0.9444444444444444,0.4196049932131783,Moderate stress
BGD.3.1.38.2_1,Dhaka,Shahbagh,Ward No-57,522.4860642892448,0.2763035909588043,1.0,0.27032691581681056,0.5162117534823183,1.0,0.5388048800455356,Moderate stress
BGD.3.1.39.1_1,Dhaka,Sher-e-bangla Nagar,Ward No-40 (Part),388.52565694946617,0.1982813484176732,0.9662921348314608,0.20061858436219468,0.37044456134045073,0.9662921348314608,0.4514760639219008,Moderate stress
BGD.3.1.39.2_1,Dhaka,Sher-e-bangla Nagar,Ward No-41,678.6267843225074,0.359868291224398,0.9764705882352942,0.35157710967471634,0.6723337941102957,0.9764705882352942,0.6200653188673135,Moderate stress
BGD.3.1.40.1_1,Dhaka,Shyampur,Ward No-83,327.3215074120742,0.3849424688932547,0.9956521739130436,0.168770076082215,0.7191793134777856,0.9956521739130436,0.5681338336283719,Moderate stress
BGD.3.1.40.2_1,Dhaka,Shyampur,Ward No-87,451.54922675372535,0.4160705341953045,0.8571428571428571,0.23341385559651756,0.7773351742696166,0.8571428571428571,0.5797185675186871,Moderate stress
BGD.3.1.40.3_1,Dhaka,Shyampur,Ward No-90,386.1395524046622,0.3801336689299929,0.8709677419354839,0.1993769386416597,0.7101951412034876,0.8709677419354839,0.5460610103617555,Moderate stress
BGD.3.1.41.1_1,Dhaka,Sutrapur,Ward No-74,1180.2887897421294,0.4487518129269574,0.0,0.6126245493356002,0.8383928686034781,0.0,0.5384873237454574,Moderate stress
BGD.3.1.41.2_1,Dhaka,Sutrapur,Ward No-75,541.3281193451953,0.3679206362854687,0.0,0.2801316651842477,0.6873778083744453,0.0,0.3526348990047549,Moderate stress
BGD.3.1.41.3_1,Dhaka,Sutrapur,Ward No-77,822.7378418173565,0.4243346756152125,0.6670908111974161,0.4265674860226025,0.7927748828835833,0.6670908111974161,0.6148709062176492,Moderate stress
BGD.3.1.41.4_1,Dhaka,Sutrapur,Ward No-78,777.269762424352,0.452613085621971,0.6670908111974161,0.4029074807130249,0.8456067971002074,0.6670908111974161,0.6238980740696365,Moderate stress
BGD.3.1.41.5_1,Dhaka,Sutrapur,Ward No-79,496.97204958502215,0.4045412324649298,0.9909090909090909,0.25705031096722397,0.7557952404525755,0.9909090909090909,0.6150757312725638,Moderate stress
BGD.3.1.41.6_1,Dhaka,Sutrapur,Ward No-80 (Part),665.1965606802064,0.5203809963099632,1.0,0.3445884889340183,0.9722160528275328,1.0,0.7281110140632437,High stress
BGD.3.1.43.1_1,Dhaka,Tejgaon,Ward No-38 (Part),659.8914464896394,0.3359590851972857,0.6670908111974161,0.3418278922342588,0.6276647649283121,0.6670908111974161,0.5231865274179668,Moderate stress
BGD.3.1.43.2_1,Dhaka,Tejgaon,Ward No-39,856.2472482325974,0.3665865744349182,1.0,0.4440046143176537,0.6848854107739044,1.0,0.667311739497928,High stress
BGD.3.1.43.3_1,Dhaka,Tejgaon,Ward No-40 (Part),550.6936178898468,0.305101966873706,0.0,0.28500514451857356,0.5700151082519306,0.0,0.3135073456956051,Low stress
BGD.3.1.42.1_1,Dhaka,Tejgaon Ind. Area,Ward No-20 (Part),696.0443327997772,0.4529059859154929,0.6670908111974161,0.3606405954201783,0.8461540160979402,0.6670908111974161,0.6071828466017044,Moderate stress
BGD.3.1.42.2_1,Dhaka,Tejgaon Ind. Area,Ward No-37,601.8150699675249,0.3035924061433445,0.997716894977169,0.3116069681218216,0.5671948300611771,0.997716894977169,0.5725902015144329,Moderate stress
BGD.3.1.42.3_1,Dhaka,Tejgaon Ind. Area,Ward No-38 (Part),778.0728067713461,0.4503074803149607,0.6670908111974161,0.40332535702905487,0.8412992868205188,0.6670908111974161,0.6225575959981575,Moderate stress
BGD.3.1.44.1_1,Dhaka,Turag,Harirampur (Part),105.68572916613644,0.1277232686734348,0.9482479181802936,0.05343853447990888,0.23862249583371234,0.9482479181802936,0.34195526687883626,Moderate stress
BGD.3.1.45.1_1,Dhaka,Uttar Khan,Uttar Khan,96.05581762618614,0.1379888296289765,0.9652141152831848,0.048427463829736624,0.2578014113264534,0.9652141152831848,0.35090500831694954,Moderate stress
BGD.3.1.46.1_1,Dhaka,Uttara,Ward No-01,282.0938695584665,0.3913243901661298,0.9589947089947092,0.14523518817752268,0.7311025127363437,0.9589947089947092,0.5537286319774066,Moderate stress
BGD.3.2.1.1_1,Faridpur,Alfadanga,Alfadanga,9.294803006681448,0.0250311450593533,0.0,0.0032800528555741192,0.04676512251585452,0.0,0.01767981402277873,Low stress
BGD.3.2.1.2_1,Faridpur,Alfadanga,Bana,5.580769789760297,0.0169326589206406,0.8979132569558106,0.0013473992927798663,0.031634903919309273,0.8979132569558106,0.23608949032782284,Low stress
BGD.3.2.1.3_1,Faridpur,Alfadanga,Buraich,8.633880984396182,0.0200859601886425,0.894704584456975,0.002936132048598224,0.03752614540178415,0.894704584456975,0.23798474982430748,Low stress
BGD.3.2.1.4_1,Faridpur,Alfadanga,Gopalpur,9.29680748898136,0.0232244860056308,0.960700815184329,0.0032810959183665663,0.04338978224311139,0.960700815184329,0.2566740659485179,Low stress
BGD.3.2.1.5_1,Faridpur,Alfadanga,Panchuria,5.560482638333792,0.0147506728348519,0.9284155390659096,0.001336842565579703,0.027558348636367105,0.9284155390659096,0.24228404381543775,Low stress
BGD.3.2.1.6_1,Faridpur,Alfadanga,Tagarbanda,8.814359875025293,0.014089066815097,0.9234286314904336,0.0030300469789748177,0.026322285064456975,0.9234286314904336,0.24128197643675828,Low stress
BGD.3.2.2.1_1,Faridpur,Bhanga,Algi,10.531015960061724,0.017152444961475,0.3185466835656956,0.003923335031360195,0.032045525211404524,0.3185466835656956,0.09242193872795956,Low stress
BGD.3.2.2.2_1,Faridpur,Bhanga,Azimnagar,9.379763683318934,0.026012144549763,0.0346576500422655,0.0033242634333505256,0.048597901689488764,0.0346576500422655,0.027003383475227655,Low stress
BGD.3.2.2.3_1,Faridpur,Bhanga,Bhanga Paurashava,25.832683143671883,0.0411224989611468,0.7199511897498483,0.011885789826961425,0.07682823528512663,0.7199511897498483,0.21163199571804098,Low stress
BGD.3.2.2.4_1,Faridpur,Bhanga,Chandra,12.810132422759184,0.0248332299625045,0.7572649572649578,0.005109307879310842,0.04639536221404152,0.7572649572649578,0.20759833924287832,Low stress
BGD.3.2.2.5_1,Faridpur,Bhanga,Chumordi,11.627655597808262,0.0117054470783197,0.2904411764705887,0.004493988113657935,0.021869022189055815,0.2904411764705887,0.08206204712927989,Low stress
BGD.3.2.2.6_1,Faridpur,Bhanga,Gharua,9.662211427217327,0.0182976156189421,0.1605306799336654,0.0034712394043950024,0.034185021665562906,0.1605306799336654,0.05348592332812137,Low stress
BGD.3.2.2.7_1,Faridpur,Bhanga,Hamirdi,12.773640171475307,0.0189220781468834,0.3223915592028142,0.005090318582409338,0.03535169089130106,0.3223915592028142,0.09500710904562265,Low stress
BGD.3.2.2.8_1,Faridpur,Bhanga,Kalamridha,8.16408321978861,0.0238810202876937,0.107804232804233,0.0026916656503374473,0.044616370402132004,0.107804232804233,0.04364345410193943,Low stress
BGD.3.2.2.9_1,Faridpur,Bhanga,Kaolibera,9.51546967815718,0.0178850963995354,0.3966942148760334,0.003394880107757679,0.0334143213324397,0.3966942148760334,0.11222651822846531,Low stress
BGD.3.2.2.10_1,Faridpur,Bhanga,Manikdaha,10.148000660677113,0.0156192024939512,0.2513562386980114,0.0037240272062207054,0.02918100296640763,0.2513562386980114,0.07454202159523379,Low stress
BGD.3.2.2.11_1,Faridpur,Bhanga,Nasirabad,8.958439945768964,0.0198084266139905,0.7085553997194955,0.003105021230896355,0.03700763569757012,0.7085553997194955,0.19133353091638197,Low stress
BGD.3.2.2.12_1,Faridpur,Bhanga,Nurullaganj,9.464524134620458,0.014825754754903,0.5482689747004004,0.003368369820833978,0.027698622490463252,0.5482689747004004,0.1481091094750958,Low stress
BGD.3.2.2.13_1,Faridpur,Bhanga,Tuzarpur,10.527038480585414,0.0183354967985628,0.8329364134317683,0.00392126528953726,0.03425579421719035,0.8329364134317683,0.2217921374497736,Low stress
BGD.3.2.3.1_1,Faridpur,Boalmari,Boalmari,6.61669772786272,0.019437595345579,0.0535077288941736,0.0018864601205748955,0.0363148200209859,0.0535077288941736,0.02684170327911842,Low stress
BGD.3.2.3.2_1,Faridpur,Boalmari,Boalmari Paurashava,11.87114860521675,0.0789268453949067,0.3275862068965517,0.004620693396243859,0.14745724120613124,0.3275862068965517,0.1353548635047814,Low stress
BGD.3.2.3.3_1,Faridpur,Boalmari,Chandpur,6.437307391026719,0.0227224441421664,0.6340206185567017,0.0017931116356886016,0.042451828777645466,0.6340206185567017,0.17408053936562676,Low stress
BGD.3.2.3.4_1,Faridpur,Boalmari,Chatul,6.750393242388673,0.0250144161179838,0.3720735785953181,0.0019560306110328112,0.04673386821283122,0.3720735785953181,0.11015766076773358,Low stress
BGD.3.2.3.5_1,Faridpur,Boalmari,Dadpur,6.264929892480313,0.0208937624187318,0.1498127340823973,0.001703412387659947,0.03903534404887483,0.1498127340823973,0.05179691889276949,Low stress
BGD.3.2.3.6_1,Faridpur,Boalmari,Ghoshpur,5.989274876471776,0.0138992891126355,0.6438863729930018,0.0015599711156853682,0.02596772767264189,0.6438863729930018,0.17068428637994926,Low stress
BGD.3.2.3.7_1,Faridpur,Boalmari,Gunbaha,6.637050962452472,0.0235607759303246,0.6773049645390077,0.0018970512351521851,0.04401806510799281,0.6773049645390077,0.18549138441661028,Low stress
BGD.3.2.3.8_1,Faridpur,Boalmari,Moyna,6.515370066136732,0.0161667373513404,0.4335025380710664,0.0018337327336597402,0.030203949964109557,0.4335025380710664,0.11968051009866884,Low stress
BGD.3.2.3.9_1,Faridpur,Boalmari,Parameshwardi,5.853410888086163,0.0157524080602341,0.0197368421052632,0.0014892722269375278,0.02942986791494445,0.0197368421052632,0.01583037318732137,Low stress
BGD.3.2.3.10_1,Faridpur,Boalmari,Rupapat,6.14615821220214,0.0219600846468184,0.0350194552529183,0.001641607740894036,0.0410275297646943,0.0350194552529183,0.023771142327230196,Low stress
BGD.3.2.3.11_1,Faridpur,Boalmari,Satair,6.779535170736628,0.0200563701832569,0.6002805049088366,0.001971195055818003,0.03747086306356825,0.6002805049088366,0.16397340632178523,Low stress
BGD.3.2.3.12_1,Faridpur,Boalmari,Shekhar,6.594427119986832,0.0170479022308951,0.2861150070126234,0.0018748712717027766,0.03185021039092314,0.2861150070126234,0.08342627389866006,Low stress
BGD.3.2.4.1_1,Faridpur,Char Bhadrasan,Char Bhadrasan,8.489233520751586,0.0258694893822006,0.9808942727353708,0.0028608625451677664,0.04833138226447818,0.9808942727353708,0.2632838969944772,Low stress
BGD.3.2.4.2_1,Faridpur,Char Bhadrasan,Char Harirampur,5.747432437617937,0.0077758179340647,0.9457677378914626,0.0014341247315021958,0.014527384883323004,0.9457677378914626,0.24210016907462958,Low stress
BGD.3.2.4.3_1,Faridpur,Char Bhadrasan,Char Jhaukanda,4.707253694960487,0.0003691775655259,1.0,0.0008928519330304942,0.000689726100862989,1.0,0.25059854490851424,Low stress
BGD.3.2.4.4_1,Faridpur,Char Bhadrasan,Gazirtek,9.84330578506012,0.0226436795284319,0.9561364860234064,0.003565474602478919,0.04230467463018342,0.9561364860234064,0.25526694746740736,Low stress
BGD.3.2.5.1_1,Faridpur,Faridpur Sadar,Aliabad,13.477981471014129,0.0399689856173852,0.89115551208607,0.005456833269401093,0.07467315237874048,0.89115551208607,0.2511072146618371,Low stress
BGD.3.2.5.2_1,Faridpur,Faridpur Sadar,Ambikapur,17.489810193141114,0.0399922151934803,0.6118721461187222,0.007544449243812461,0.0747165516706827,0.6118721461187222,0.18213660931194448,Low stress
BGD.3.2.5.3_1,Faridpur,Faridpur Sadar,Char Madhabdia,7.705633270294567,0.0205199943898064,0.5666026256804363,0.002453104259928828,0.038337041689004384,0.5666026256804363,0.15604986271523213,Low stress
BGD.3.2.5.4_1,Faridpur,Faridpur Sadar,Decreerchar,14.520685547293976,0.0140425110690077,0.959305936073059,0.005999420163557328,0.026235306016374253,0.959305936073059,0.25140860918941865,Low stress
BGD.3.2.5.5_1,Faridpur,Faridpur Sadar,Faridpur Paurashava,46.60187366717712,0.1662028522148177,0.7755443886097158,0.02269335338851726,0.31051303197997693,0.7755443886097158,0.31164299970082776,Low stress
BGD.3.2.5.6_1,Faridpur,Faridpur Sadar,Greda,12.199808367347464,0.0298630345559288,0.4825174825174834,0.004791716492465812,0.0557924324433318,0.4825174825174834,0.14207340858152329,Low stress
BGD.3.2.5.7_1,Faridpur,Faridpur Sadar,Ishan Gopalpur,7.54926608872683,0.0200462810296218,0.2467105263157898,0.0023717362233738122,0.03745201372588482,0.2467105263157898,0.07573453087235665,Low stress
BGD.3.2.5.8_1,Faridpur,Faridpur Sadar,Kaijuri,12.204782197713786,0.0261244160120927,0.1580074986609538,0.004794304700598796,0.04880765592479973,0.1580074986609538,0.05850227611915787,Low stress
BGD.3.2.5.9_1,Faridpur,Faridpur Sadar,Kanaipur,12.270865107351527,0.0282531872379649,0.3161634103019544,0.004828691945755709,0.052784791087816973,0.3161634103019544,0.09944700623452682,Low stress
BGD.3.2.5.10_1,Faridpur,Faridpur Sadar,Krishnanagar,7.968232494072386,0.0178811376442178,0.2559652928416491,0.0025897517522315283,0.03340692527936266,0.2559652928416491,0.07671964775908181,Low stress
BGD.3.2.5.11_1,Faridpur,Faridpur Sadar,Majchar,8.367086990010469,0.0226460095519386,0.2395437262357419,0.0027973017437338274,0.042309027760433646,0.2395437262357419,0.07581301197258078,Low stress
BGD.3.2.5.12_1,Faridpur,Faridpur Sadar,Uttar Channel,6.242468957482883,0.0083467294340975,0.9311564007374286,0.0016917244991810014,0.015594005934075445,0.9311564007374286,0.23892369206095596,Low stress
BGD.3.2.6.1_1,Faridpur,Madhukhali,Bagat,7.728610817849425,0.018869044287713,0.9653755868544602,0.0024650609755941188,0.03525260893097877,0.9653755868544602,0.25466833422969526,Low stress
BGD.3.2.6.2_1,Faridpur,Madhukhali,Dumain,8.752371452996522,0.0177850583971002,0.8044016506189823,0.002997790362598831,0.033227422593727164,0.8044016506189823,0.21392912670758962,Low stress
BGD.3.2.6.3_1,Faridpur,Madhukhali,Gajna,8.514676097712437,0.0144811509502511,0.2944228274967578,0.002874101976303177,0.027054806991581234,0.2944228274967578,0.08422453011176415,Low stress
BGD.3.2.6.4_1,Faridpur,Madhukhali,Jahapur,6.404026373873288,0.0141636414565826,0.0403587443946189,0.0017757933532128417,0.026461611181475615,0.0403587443946189,0.02006156735345633,Low stress
BGD.3.2.6.5_1,Faridpur,Madhukhali,Kamarkhali,9.60088752744989,0.0147399013691375,0.937034161490682,0.003439328582265031,0.02753822455044875,0.937034161490682,0.24527265039823357,Low stress
BGD.3.2.6.6_1,Faridpur,Madhukhali,Madhukhali,9.774894403994558,0.0241125143624682,0.0938586326767093,0.0035298757018687524,0.0450488655493917,0.0938586326767093,0.040643711392211915,Low stress
BGD.3.2.6.7_1,Faridpur,Madhukhali,Megchami,6.55557250119573,0.0137424298840005,0.0768725361366624,0.001854652681008565,0.02567467112139486,0.0768725361366624,0.028946129999057223,Low stress
BGD.3.2.6.8_1,Faridpur,Madhukhali,Noapara,7.946788751084073,0.0160326802552624,0.9501399135080134,0.0025785931750553224,0.02995349412170434,0.9501399135080134,0.249050138589622,Low stress
BGD.3.2.6.9_1,Faridpur,Madhukhali,Raipur,7.05891159462113,0.0137232973402197,0.1518518518518521,0.0021165728188711555,0.025638926222317032,0.1518518518518521,0.04778321626832245,Low stress
BGD.3.2.7.1_1,Faridpur,Nagarkanda,Char Jasordi,7.954165312081457,0.0127364929045548,0.1217725052337755,0.0025824316805452066,0.023795301800676207,0.1217725052337755,0.03980445461089863,Low stress
BGD.3.2.7.2_1,Faridpur,Nagarkanda,Dangi,8.802074315261457,0.0193484369001261,0.046162402669633,0.003023654001459075,0.03614824731266427,0.046162402669633,0.025401948827424373,Low stress
BGD.3.2.7.3_1,Faridpur,Nagarkanda,Kaichail,9.209481689962688,0.0267661740790496,0.6702836004932187,0.0032356546132569696,0.05000663801513615,0.6702836004932187,0.18636748527390512,Low stress
BGD.3.2.7.4_1,Faridpur,Nagarkanda,Kodalia Shohidnagar,7.708815150321963,0.0200076566837107,0.14662447257384,0.002454759999501461,0.03737985273347539,0.14662447257384,0.050720970599976975,Low stress
BGD.3.2.7.5_1,Faridpur,Nagarkanda,Laskardia,7.506216169505183,0.0245041227877414,0.1531841652323584,0.0023493345444166452,0.04578049871849831,0.1531841652323584,0.055258949677330665,Low stress
BGD.3.2.7.6_1,Faridpur,Nagarkanda,Nagarkanda Paurashava,8.74445504989339,0.0291032353302989,0.727772685609533,0.0029936709420745125,0.05437291672442319,0.727772685609533,0.20217116063276117,Low stress
BGD.3.2.7.7_1,Faridpur,Nagarkanda,Phulsuti,7.509161411081287,0.0240576918056751,0.3671220802115476,0.002350867145579019,0.04494644180573224,0.3671220802115476,0.10845212154312478,Low stress
BGD.3.2.7.8_1,Faridpur,Nagarkanda,Pura Para,8.472167978744702,0.0173130256029304,0.5608726249120347,0.002851982231332566,0.0323455343941059,0.5608726249120347,0.15267988615847877,Low stress
BGD.3.2.7.9_1,Faridpur,Nagarkanda,Ramnagar,8.444174604759521,0.0220597675648036,0.0248833592534992,0.002837415454244896,0.04121376510715515,0.0248833592534992,0.02178062378257706,Low stress
BGD.3.2.7.10_1,Faridpur,Nagarkanda,Talma,8.066671335683523,0.0216514728559566,0.0928882438316403,0.0026409758977481413,0.040450957331620706,0.0928882438316403,0.03843628638307658,Low stress
BGD.3.2.8.1_1,Faridpur,Sadarpur,Akter Char,6.29669341023811,0.0310095850955992,0.9280937740199832,0.001719941016289815,0.057934506900220055,0.9280937740199832,0.25298849732658873,Low stress
BGD.3.2.8.2_1,Faridpur,Sadarpur,Bhashanchar,6.364067728964922,0.0300713139553922,0.4296770749933288,0.0017550002657695898,0.05618155613744722,0.4296770749933288,0.12778481350274656,Low stress
BGD.3.2.8.3_1,Faridpur,Sadarpur,Char Bishnupur,6.808597069796172,0.0355517479838576,0.4125511596180089,0.0019863178561481403,0.06642052715429546,0.4125511596180089,0.12717950155096489,Low stress
BGD.3.2.8.4_1,Faridpur,Sadarpur,Char Manair,8.098269188857284,0.0339041214779912,0.8510383386581472,0.0026574183202969473,0.0633423037959749,0.8510383386581472,0.2359923583212468,Low stress
BGD.3.2.8.5_1,Faridpur,Sadarpur,Char Nasirpur,5.550097923991121,0.0142884547678379,0.9736062193969588,0.0013314387218333614,0.02669479706964107,0.9736062193969588,0.25327730931234743,Low stress
BGD.3.2.8.6_1,Faridpur,Sadarpur,Dheukhali,7.656803481875191,0.0245241382986013,0.9402446953129544,0.002427694938297228,0.04581789324501163,0.9402446953129544,0.25206851443931155,Low stress
BGD.3.2.8.7_1,Faridpur,Sadarpur,Krishnapur,6.665444654510291,0.0248052258544774,0.1920000000000004,0.0019118263238257103,0.04634304277201323,0.1920000000000004,0.06498479549973502,Low stress
BGD.3.2.8.8_1,Faridpur,Sadarpur,Narikelbaria,6.708083109779651,0.003286244528279,1.0,0.0019340138912693544,0.006139616370630169,1.0,0.2529224712862283,Low stress
BGD.3.2.8.9_1,Faridpur,Sadarpur,Sadarpur,11.79928600451096,0.033143536827451,0.0214067278287462,0.004583298601104995,0.06192132068545995,0.0214067278287462,0.028857463637539528,Low stress
BGD.3.2.9.1_1,Faridpur,Saltha,Atghar,7.035524165608521,0.0139151341071752,0.1586563307493544,0.0021044028151673963,0.025997330517783614,0.1586563307493544,0.049604909494629826,Low stress
BGD.3.2.9.2_1,Faridpur,Saltha,Ballabhdi,8.466414058048468,0.0137732132264972,0.3922046285018277,0.0028489880913547786,0.025732182944361495,0.3922046285018277,0.10819701639252535,Low stress
BGD.3.2.9.3_1,Faridpur,Saltha,Bhawal,7.863061490077765,0.0193500395918139,0.119644300727567,0.002535024423825632,0.03615124158531769,0.119644300727567,0.04357801950628319,Low stress
BGD.3.2.9.4_1,Faridpur,Saltha,Gatti,7.873567440166949,0.0179880170819065,0.1674454828660441,0.0025404913544330083,0.033606605716917,0.1674454828660441,0.05463987925920518,Low stress
BGD.3.2.9.5_1,Faridpur,Saltha,Jadunandi,7.2025063757196754,0.0138351301898722,0.0462555066079296,0.0021912945429592404,0.02584786100747749,0.0462555066079296,0.021487145821783217,Low stress
BGD.3.2.9.6_1,Faridpur,Saltha,Majhardia,7.396136405433051,0.0201621707423681,0.2507619839290669,0.0022920528681903032,0.03766852785666298,0.2507619839290669,0.07679130187937488,Low stress
BGD.3.2.9.7_1,Faridpur,Saltha,Ramkantapur,7.261431823982995,0.0195463759450445,0.3258581235697948,0.002221957294440973,0.03651805235611438,0.3258581235697948,0.09513463213486513,Low stress
BGD.3.2.9.8_1,Faridpur,Saltha,Sonapur,7.385827310801611,0.0136255831889009,0.3370860927152324,0.002286688374308595,0.025456369082117448,0.3370860927152324,0.09409592770727264,Low stress
BGD.3.3.1.1_1,Gazipur,Gazipur Sadar,Baria,18.21638072781169,0.0172246509414287,0.9161718131433072,0.007922531250740893,0.03218042601162382,0.9161718131433072,0.2434751148901915,Low stress
BGD.3.3.1.2_1,Gazipur,Gazipur Sadar,Basan,102.51104090006076,0.1416940587223527,0.9805281014898936,0.051786537249448324,0.26472380708941906,0.9805281014898936,0.3584999727535494,Moderate stress
BGD.3.3.1.3_1,Gazipur,Gazipur Sadar,Gachha,119.46766856149092,0.1833596207664176,0.9600503302925448,0.06061017585169142,0.3425666348570823,0.9600503302925448,0.3841549751137916,Moderate stress
BGD.3.3.1.4_1,Gazipur,Gazipur Sadar,Gazipur Paurashava,57.82419263333594,0.1041949685697959,0.4883449883449891,0.02853305741538106,0.19466510457863992,0.4883449883449891,0.20163225665492365,Low stress
BGD.3.3.1.5_1,Gazipur,Gazipur Sadar,Kashimpur,50.74929651027425,0.1377400111601096,0.9297562973581818,0.02485152782207029,0.25733654940530765,0.9297562973581818,0.3324474777602312,Moderate stress
BGD.3.3.1.6_1,Gazipur,Gazipur Sadar,Kayaltia,42.57672207687614,0.0631143125687493,0.9564307600328812,0.020598804657412765,0.11791504355005937,0.9564307600328812,0.28861747711370617,Low stress
BGD.3.3.1.7_1,Gazipur,Gazipur Sadar,Konabari,74.88050003487665,0.1716396907027146,0.9804613297150612,0.03740856588351157,0.3206705544338051,0.9804613297150612,0.3723134528340017,Moderate stress
BGD.3.3.1.8_1,Gazipur,Gazipur Sadar,Mirzapur,44.06218952921692,0.0676985476148905,0.8844145294185901,0.021371790195372282,0.12647966626571733,0.8844145294185901,0.2739202316257975,Low stress
BGD.3.3.1.9_1,Gazipur,Gazipur Sadar,Pubail,42.40541531531381,0.0516436031917621,0.8903921747874557,0.020509662583627374,0.09648457650244334,0.8903921747874557,0.26457151050617006,Low stress
BGD.3.3.1.10_1,Gazipur,Gazipur Sadar,Tongi Paurashava,193.1710546880796,0.225753776836312,0.9437278418948468,0.09896285162706703,0.42177067837422255,0.9437278418948468,0.4231368385555164,Moderate stress
BGD.3.3.2.1_1,Gazipur,Kaliakair,Atabaha,30.297658573618097,0.0726047147901285,0.7230383973288819,0.014209207569473649,0.13564574750128336,0.7230383973288819,0.2339192939854591,Low stress
BGD.3.3.2.2_1,Gazipur,Kaliakair,Boali,11.346843305513383,0.0217758465329937,0.9798229138717454,0.0043478631746812135,0.040683321861113696,0.9798229138717454,0.2609340363891986,Low stress
BGD.3.3.2.3_1,Gazipur,Kaliakair,Chapair,12.229915792278748,0.0171715271418806,0.929703832752612,0.004807383348054206,0.032081176017726865,0.929703832752612,0.2455773231335791,Low stress
BGD.3.3.2.4_1,Gazipur,Kaliakair,Dhaljora,12.792758552897622,0.0257315729904437,0.4941425004801235,0.005100267122396097,0.04807371618719076,0.4941425004801235,0.14240153263450608,Low stress
BGD.3.3.2.5_1,Gazipur,Kaliakair,Fulbaria,8.430314204778837,0.0218863610602166,0.9011660188783984,0.0028302029847165192,0.04088979365427801,0.9011660188783984,0.2407350136924835,Low stress
BGD.3.3.2.6_1,Gazipur,Kaliakair,Kaliakair Paurashava,57.563040300109215,0.1225553287482806,0.8050770625566638,0.028397162834540166,0.22896735048653194,0.8050770625566638,0.29276670344326816,Low stress
BGD.3.3.2.7_1,Gazipur,Kaliakair,Madhyapara,17.40698303729501,0.0285043866380192,0.9798272837673696,0.00750134887596632,0.05325410124888205,0.9798272837673696,0.26659629592933765,Low stress
BGD.3.3.2.8_1,Gazipur,Kaliakair,Mouchak,47.27998900059426,0.1153444631265812,0.9211101996171728,0.023046220995932058,0.21549545323834238,0.9211101996171728,0.31491944693608587,Low stress
BGD.3.3.2.9_1,Gazipur,Kaliakair,Sreefaltali,26.388142315398465,0.0492133166938073,0.6688665710186521,0.012174831438741634,0.09194412717197953,0.6688665710186521,0.2042670198403525,Low stress
BGD.3.3.2.10_1,Gazipur,Kaliakair,Sutrapur,32.65699461566998,0.0626372075505139,0.6263657957244662,0.01543692389326044,0.11702367902886777,0.6263657957244662,0.20372450614852444,Low stress
BGD.3.3.4.1_1,Gazipur,Kaliganj,Bahadursadi,25.73921793036037,0.0351183505811176,0.7329523809523814,0.011837153784429321,0.06561082058317654,0.7329523809523814,0.21093674395597886,Low stress
BGD.3.3.4.2_1,Gazipur,Kaliganj,Baktarpur,13.914302403857716,0.0179626660920778,0.8896051067025417,0.005683879490081077,0.03355924303564827,0.8896051067025417,0.23642056353414476,Low stress
BGD.3.3.4.3_1,Gazipur,Kaliganj,Jamalpur,24.45488045724,0.0367880277746667,0.6671368124118481,0.011168829284274765,0.06873024074286575,0.6671368124118481,0.19530731907667495,Low stress
BGD.3.3.4.4_1,Gazipur,Kaliganj,Jangalia,11.154585261912668,0.0164512154452662,0.9072262972018448,0.004247818783250382,0.030735433956710433,0.9072262972018448,0.23926310369861,Low stress
BGD.3.3.4.5_1,Gazipur,Kaliganj,Moktarpur,15.514737846024216,0.0218182449473138,0.858947852056054,0.00651669036674022,0.040762533860223445,0.858947852056054,0.23161052601178778,Low stress
BGD.3.3.4.6_1,Gazipur,Kaliganj,Nagari,12.067275554291912,0.0291929928949357,0.8702185792349731,0.004722751031367623,0.05454060875357373,0.8702185792349731,0.23853295828504115,Low stress
BGD.3.3.4.7_1,Gazipur,Kaliganj,Tumulia,12.47471448621432,0.0289619314448761,0.6056964842011575,0.004934768064444591,0.05410892186928993,0.6056964842011575,0.17233615093031868,Low stress
BGD.3.3.3.1_1,Gazipur,Kaliganj Paurashava,Kaliganj,44.410402195944286,0.0624895232000718,0.9520715861730816,0.021552987942310746,0.1167477636951616,0.9520715861730816,0.2875008090135013,Low stress
BGD.3.3.5.1_1,Gazipur,Kapasia,Barishaba,9.653117627413511,0.021223391405737,0.8390770152831888,0.003466507307624809,0.03965118243443503,0.8390770152831888,0.22503377059589938,Low stress
BGD.3.3.5.2_1,Gazipur,Kapasia,Chandpur,9.528979434089464,0.0171970099688551,0.6076409945421476,0.003401910114332756,0.03212878500735507,0.6076409945421476,0.16451608743384427,Low stress
BGD.3.3.5.3_1,Gazipur,Kapasia,Durgapur,12.907658355349705,0.0233518361471796,0.9301738226117964,0.0051600569787607796,0.043627707633972224,0.9301738226117964,0.2498771761163437,Low stress
BGD.3.3.5.4_1,Gazipur,Kapasia,Ghagotia,12.32458001963967,0.0224199605351099,0.878472222222223,0.004856643315747742,0.041886705491855185,0.878472222222223,0.23622105980400415,Low stress
BGD.3.3.5.5_1,Gazipur,Kapasia,Kapasia,16.545315955384996,0.0293965650657968,0.8988995873452548,0.00705296732994008,0.05492093803889265,0.8988995873452548,0.24676841208190214,Low stress
BGD.3.3.5.6_1,Gazipur,Kapasia,Karihata,11.142557461563452,0.0150910170015455,0.8477250083028897,0.004241559934758779,0.028194205949935554,0.8477250083028897,0.22349584813210338,Low stress
BGD.3.3.5.7_1,Gazipur,Kapasia,Rayed,9.711480144902694,0.0168660155477555,0.9158174568010636,0.0034968771295330295,0.03151039561214028,0.9158174568010636,0.2413817535163282,Low stress
BGD.3.3.5.8_1,Gazipur,Kapasia,Sanmania,13.255824245218427,0.0202148310569325,0.9083466453674124,0.005341230384650786,0.037766911932041396,0.9083466453674124,0.2424415726719279,Low stress
BGD.3.3.5.9_1,Gazipur,Kapasia,Singasree,11.847063786026249,0.0194634623305302,0.936787787572565,0.004608160494974773,0.03636314672427855,0.936787787572565,0.24876731244462866,Low stress
BGD.3.3.5.10_1,Gazipur,Kapasia,Targaon,14.648065174726003,0.0183975902584395,0.9149018097805162,0.006065704086291867,0.03437180202473099,0.9149018097805162,0.24318186478830164,Low stress
BGD.3.3.5.11_1,Gazipur,Kapasia,Toke,10.076108966786952,0.0195843862894858,0.8990077958894405,0.003686617272001724,0.03658906622345654,0.8990077958894405,0.2390327690593706,Low stress
BGD.3.3.6.1_1,Gazipur,Sreepur,Barmi,11.030694344468213,0.0266985449058809,0.8803783948733602,0.004183350263715878,0.04988028795958012,0.8803783948733602,0.23922603960967945,Low stress
BGD.3.3.6.2_1,Gazipur,Sreepur,Gazipur,13.98437450249817,0.0573176825039227,0.4617834394904461,0.005720342570290739,0.10708533062570362,0.4617834394904461,0.15521386261972409,Low stress
BGD.3.3.6.3_1,Gazipur,Sreepur,Gosinga,9.835017766878044,0.0163208472883007,0.9587061252580868,0.003561161806407221,0.030491870075865127,0.9587061252580868,0.2517731505636374,Low stress
BGD.3.3.6.4_1,Gazipur,Sreepur,Kaoraid,8.003778258255135,0.0165497691010824,0.9298135868885274,0.0026082485302024545,0.030919559524186527,0.9298135868885274,0.24431854196767813,Low stress
BGD.3.3.6.5_1,Gazipur,Sreepur,Maona,11.139212140622842,0.0352375849111548,0.6192946058091291,0.00423981914622595,0.06583358338683828,0.6192946058091291,0.17956133329616605,Low stress
BGD.3.3.6.6_1,Gazipur,Sreepur,Prahladpur,10.71367462184883,0.0150700175963303,0.8787017294479983,0.004018384238747393,0.028154973235837964,0.8787017294479983,0.23113702669004182,Low stress
BGD.3.3.6.7_1,Gazipur,Sreepur,Rajabari,12.16248004127788,0.0273008815546721,0.3289817232375986,0.0047722921313580954,0.05100561990543068,0.3289817232375986,0.10200631462884363,Low stress
BGD.3.3.6.8_1,Gazipur,Sreepur,Sreepur Paurashava,30.12816117459178,0.1172514231695095,0.6449275362318847,0.014121007024949676,0.21905818358203705,0.6449275362318847,0.24355065112166402,Low stress
BGD.3.3.6.9_1,Gazipur,Sreepur,Telihati,18.42570523911896,0.0652396926132836,0.7286432160804021,0.008031456437708804,0.12188584304563654,0.7286432160804021,0.22803343166115683,Low stress
BGD.3.4.1.1_1,Gopalganj,Gopalganj Sadar,Baultali,6.510385963317426,0.0168289025594491,0.4245142002989545,0.0018311391800999123,0.031441058254981315,0.4245142002989545,0.11786537613602205,Low stress
BGD.3.4.1.2_1,Gopalganj,Gopalganj Sadar,Borasi,8.346479210328939,0.0212714684427529,0.0458015267175573,0.0027865781727540815,0.039741003675968986,0.0458015267175573,0.0264743642350801,Low stress
BGD.3.4.1.3_1,Gopalganj,Gopalganj Sadar,Chandra Dighalia,5.873907668213226,0.0203544687310261,0.0069444444444444,0.0014999380376141533,0.03802779384221099,0.0069444444444444,0.015645814170930607,Low stress
BGD.3.4.1.4_1,Gopalganj,Gopalganj Sadar,Durgapur,12.087131938115268,0.0357722285993406,0.3376455368693409,0.004733083602106511,0.06683244610450668,0.3376455368693409,0.10969597379475517,Low stress
BGD.3.4.1.5_1,Gopalganj,Gopalganj Sadar,Gobra,10.676088185642076,0.0191890224969655,0.9551712558764271,0.003998825566111735,0.03585041698660767,0.9551712558764271,0.25293999014086416,Low stress
BGD.3.4.1.6_1,Gopalganj,Gopalganj Sadar,Gopalganj Paurashava,24.78775177969213,0.0897050390482248,0.9275875639512003,0.01134204392984071,0.16759389678069045,0.9275875639512003,0.295091572432978,Low stress
BGD.3.4.1.7_1,Gopalganj,Gopalganj Sadar,Gopinathpur,5.384964422967915,0.0181659208846143,0.0808080808080809,0.0012455089978785088,0.03393897937021729,0.0808080808080809,0.03257886658074768,Low stress
BGD.3.4.1.8_1,Gopalganj,Gopalganj Sadar,Haridaspur,9.318956430018307,0.0181190754597985,0.8255431204739965,0.0032926214560521612,0.03385145912191768,0.8255431204739965,0.21955083939359116,Low stress
BGD.3.4.1.9_1,Gopalganj,Gopalganj Sadar,Jalalabad,5.61365366762042,0.0106004361328035,0.9389682445992196,0.0013645109177958484,0.019804555216973937,0.9389682445992196,0.2422194598428641,Low stress
BGD.3.4.1.10_1,Gopalganj,Gopalganj Sadar,Kajulia,4.185480087457752,0.0081952095767445,0.179279530857303,0.0006213391159350893,0.015310924809504594,0.179279530857303,0.05042724204402639,Low stress
BGD.3.4.1.11_1,Gopalganj,Gopalganj Sadar,Karpara,5.3885805582983295,0.0145297863666653,0.3085655314757488,0.0012473907087899867,0.027145671440723558,0.3085655314757488,0.08714132415670643,Low stress
BGD.3.4.1.12_1,Gopalganj,Gopalganj Sadar,Kati,4.558778577519592,0.011750577055299,0.0322580645161291,0.0008155906518440227,0.021953337504938095,0.0322580645161291,0.016074420516498218,Low stress
BGD.3.4.1.13_1,Gopalganj,Gopalganj Sadar,Latifpur,13.297028704218327,0.0181730658320438,0.9658792650918636,0.0053626717503678055,0.03395232811399699,0.9658792650918636,0.255498199813012,Low stress
BGD.3.4.1.14_1,Gopalganj,Gopalganj Sadar,Majhigati,6.824016687669314,0.0210809151785714,0.002840909090909,0.00199434168837551,0.03938499731972305,0.002840909090909,0.015292713009980521,Low stress
BGD.3.4.1.15_1,Gopalganj,Gopalganj Sadar,Nizra,4.954407595186749,0.0140962934774335,0.0700344431687716,0.0010214622167658539,0.026335786474350364,0.0700344431687716,0.027134720944921868,Low stress
BGD.3.4.1.16_1,Gopalganj,Gopalganj Sadar,Paikkandi,6.335471773944619,0.01675770908103,0.8426966292134835,0.00174011992649322,0.031308049088492745,0.8426966292134835,0.22232802245494063,Low stress
BGD.3.4.1.17_1,Gopalganj,Gopalganj Sadar,Raghunathpur,6.170570920165364,0.0156574940315599,0.3513831665685705,0.0016543112640633017,0.029252542180588415,0.3513831665685705,0.09874590591097389,Low stress
BGD.3.4.1.18_1,Gopalganj,Gopalganj Sadar,Sahapur,5.117122586557288,0.0123223476571983,0.0273396424815983,0.0011061334325103915,0.023021563596288767,0.0273396424815983,0.015334911252104799,Low stress
BGD.3.4.1.19_1,Gopalganj,Gopalganj Sadar,Satpar,6.694355537852069,0.0113895429333408,0.4451594851706782,0.0019268705408347158,0.02127882561562002,0.4451594851706782,0.11950820847447044,Low stress
BGD.3.4.1.20_1,Gopalganj,Gopalganj Sadar,Suktail,5.4393062383331054,0.0119367827996188,0.854514088556642,0.0012737865864029608,0.02230122148809681,0.854514088556642,0.22194346429455558,Low stress
BGD.3.4.1.21_1,Gopalganj,Gopalganj Sadar,Ulpur,6.778637456010464,0.0137274181944766,0.6680688336520083,0.0019707279163330925,0.025646625121178306,0.6680688336520083,0.17678181837194773,Low stress
BGD.3.4.1.22_1,Gopalganj,Gopalganj Sadar,Urafi,6.653559167279341,0.0126433627793917,0.9360093077370564,0.001905641530125485,0.023621308892926997,0.9360093077370564,0.24303204165883874,Low stress
BGD.3.4.2.1_1,Gopalganj,Kashiani,Bethuri,5.503326086384797,0.0166337564391771,0.0070210631895687,0.001307100286146663,0.031076471169517415,0.0070210631895687,0.013154870821181936,Low stress
BGD.3.4.2.2_1,Gopalganj,Kashiani,Fukura,6.50287083774468,0.0151807431580395,0.9619901772368088,0.001827228570429853,0.028361839299962853,0.9619901772368088,0.25115507949236116,Low stress
BGD.3.4.2.3_1,Gopalganj,Kashiani,Hatiara,4.9709225800725,0.014724589115332,0.0370994940978078,0.001030056039845713,0.027509617012778775,0.0370994940978078,0.019315261894862806,Low stress
BGD.3.4.2.4_1,Gopalganj,Kashiani,Kashiani,11.458210472039797,0.0286653869098346,0.8545204222120241,0.004405814770317183,0.05355489441749979,0.8545204222120241,0.23413664450725782,Low stress
BGD.3.4.2.5_1,Gopalganj,Kashiani,Maheshpur,6.221086206844323,0.0177280592136279,0.0719844357976655,0.0016805976602998424,0.033120932307642965,0.0719844357976655,0.03026067432121135,Low stress
BGD.3.4.2.6_1,Gopalganj,Kashiani,Mamudpur,5.105976943384136,0.0240329160719383,0.0,0.0011003336278963436,0.04490015386241706,0.0,0.016155187303004505,Low stress
BGD.3.4.2.7_1,Gopalganj,Kashiani,Nijamkandi,4.773594502681975,0.0091635829677857,0.0223944875107666,0.0009273733793701338,0.017120114927086264,0.0223944875107666,0.011961611453919895,Low stress
BGD.3.4.2.8_1,Gopalganj,Kashiani,Orakandi,4.949664136115151,0.0183993154058935,0.0,0.0010189938858330759,0.03437502507872444,0.0,0.012438856331886784,Low stress
BGD.3.4.2.9_1,Gopalganj,Kashiani,Parulia,4.683346206916447,0.0193459005453962,0.0505050505050506,0.000880411308715325,0.036143508698453605,0.0505050505050506,0.02562865519420754,Low stress
BGD.3.4.2.10_1,Gopalganj,Kashiani,Puisur,5.329029866833105,0.0143898718002138,0.0836653386454183,0.0012164026025170613,0.026884272218820518,0.0836653386454183,0.030812390978948577,Low stress
BGD.3.4.2.11_1,Gopalganj,Kashiani,Rajpat,5.558070811657199,0.0228079203029804,0.0614911606456572,0.001335587534957434,0.04261152195680979,0.0614911606456572,0.0308210578602807,Low stress
BGD.3.4.2.12_1,Gopalganj,Kashiani,Ratail,6.062120161751992,0.0139760453052049,0.9769215913480104,0.0015978772656595145,0.02611112953223909,0.9769215913480104,0.2540084440795501,Low stress
BGD.3.4.2.13_1,Gopalganj,Kashiani,Sajail,5.338633263567025,0.0199517799528238,0.0231362467866324,0.0012213998757854255,0.03727545950018481,0.0231362467866324,0.01931903247203695,Low stress
BGD.3.4.2.14_1,Gopalganj,Kashiani,Singa,5.321169630578983,0.0096795607398066,0.0399449035812673,0.0012123124092652286,0.018084104535504058,0.0399449035812673,0.016800587446449338,Low stress
BGD.3.4.3.1_1,Gopalganj,Kotali Para,Amtali,5.370019426370543,0.0179757992423745,0.008443908323281,0.0012377321420366536,0.033583779403488744,0.008443908323281,0.014360392728855972,Low stress
BGD.3.4.3.2_1,Gopalganj,Kotali Para,Bandhabari,6.957248863226599,0.0141739742132695,0.0127226463104325,0.002063671073367675,0.026480915637234377,0.0127226463104325,0.013274450479987227,Low stress
BGD.3.4.3.3_1,Gopalganj,Kotali Para,Ghagar,7.763500293663955,0.0310355353300522,0.5401785714285721,0.0024832162439503,0.05798298913667516,0.5401785714285721,0.15633197555255945,Low stress
BGD.3.4.3.4_1,Gopalganj,Kotali Para,Hiran,6.384851132810548,0.02190727133608,0.0480863591756625,0.0017658152254490668,0.04092885985002229,0.0480863591756625,0.02705301683160305,Low stress
BGD.3.4.3.5_1,Gopalganj,Kotali Para,Kalabari,5.124749471449037,0.0095596187794997,0.3455767077267636,0.0011101021978385806,0.017860019682204548,0.3455767077267636,0.09308922469959792,Low stress
BGD.3.4.3.6_1,Gopalganj,Kotali Para,Kandi,3.1489861623677964,0.0049440038850722,0.4050199657729614,8.198376821951432e-05,0.009236770705296516,0.4050199657729614,0.10452065469738193,Low stress
BGD.3.4.3.7_1,Gopalganj,Kotali Para,Kotalipara Paurashava,19.46394115761409,0.0677515978862607,0.50462962962963,0.008571718258135913,0.12657877888858154,0.50462962962963,0.1738886673216654,Low stress
BGD.3.4.3.8_1,Gopalganj,Kotali Para,Kushla,5.564338652783176,0.0137356539719414,0.819275403339938,0.0013388491012320592,0.025662011838056078,0.819275403339938,0.21433609461879694,Low stress
BGD.3.4.3.9_1,Gopalganj,Kotali Para,Pinjuri,4.536199432624842,0.0140579140558623,0.2511984659635674,0.0008038412510506011,0.026264083068548952,0.2511984659635674,0.07231358206530422,Low stress
BGD.3.4.3.10_1,Gopalganj,Kotali Para,Radhaganj,5.920091362433421,0.0142059571882379,0.2064199732501119,0.0015239704239619664,0.026540668706431656,0.2064199732501119,0.06150381552936384,Low stress
BGD.3.4.3.11_1,Gopalganj,Kotali Para,Ramshil,5.171468591181927,0.0095745272742297,0.1180447217888718,0.0011344132009795897,0.017887872885920253,0.1180447217888718,0.03622570123768187,Low stress
BGD.3.4.3.12_1,Gopalganj,Kotali Para,Sadullapur,4.980725100227048,0.009717351610227,0.0843648208469049,0.0010351569300086595,0.018154708364493913,0.0843648208469049,0.02785941591130256,Low stress
BGD.3.4.3.13_1,Gopalganj,Kotali Para,Suagram,3.7394680396766495,0.0069593202589489,0.1464843750000003,0.00038924997648795315,0.013001940732839255,0.1464843750000003,0.041327472997089,Low stress
BGD.3.4.4.1_1,Gopalganj,Muksudpur,Bahugram,5.647350622155925,0.0224214306520743,0.0020876826722338,0.0013820456396022268,0.04188945207814957,0.0020876826722338,0.015736047151251688,Low stress
BGD.3.4.4.2_1,Gopalganj,Muksudpur,Banshbaria,6.40002043803652,0.0164768063733979,0.1021164021164022,0.00177370880369078,0.030783244909287136,0.1021164021164022,0.03701271976882736,Low stress
BGD.3.4.4.3_1,Gopalganj,Muksudpur,Batikamari,7.318509020645022,0.015931247655287,0.08692365835223,0.00225165828014584,0.02976398988793064,0.08692365835223,0.03304897436089156,Low stress
BGD.3.4.4.4_1,Gopalganj,Muksudpur,Bhabrasur,6.199567311509037,0.0199225545990293,0.0459587955625991,0.0016693999764590898,0.037220858432294064,0.0459587955625991,0.025184759332536333,Low stress
BGD.3.4.4.5_1,Gopalganj,Muksudpur,Dignagar,7.224349887439383,0.0100192266639121,0.1443406022845278,0.0022026611458632462,0.01871869470377601,0.1443406022845278,0.04351775817579885,Low stress
BGD.3.4.4.6_1,Gopalganj,Muksudpur,Gobindapur,6.749182486742146,0.0190550655907303,0.5255591054313105,0.0019554005759530838,0.035600148326621096,0.5255591054313105,0.14463198850252623,Low stress
BGD.3.4.4.7_1,Gopalganj,Muksudpur,Gohala,9.77942227843454,0.0130295230863149,0.5625350532809877,0.0035322318500659324,0.024342763465668386,0.5625350532809877,0.15056662327325723,Low stress
BGD.3.4.4.8_1,Gopalganj,Muksudpur,Jalirpar,9.962867549627596,0.0186950031831573,0.3255753814326357,0.0036276903815981084,0.034927451869324465,0.3255753814326357,0.09506952966506173,Low stress
BGD.3.4.4.9_1,Gopalganj,Muksudpur,Kasalia,6.343794927815003,0.0087779108043873,0.3029355149181912,0.001744451005953683,0.01639957234185837,0.3029355149181912,0.08217150945157971,Low stress
BGD.3.4.4.10_1,Gopalganj,Muksudpur,Khandarpar,5.704535284877057,0.0188703556080438,0.0391061452513967,0.0014118025469022643,0.03525505884111201,0.0391061452513967,0.022680527925999283,Low stress
BGD.3.4.4.11_1,Gopalganj,Muksudpur,Maharajpur,7.506041296544989,0.018468344334722,0.3890577507598792,0.002349243546617268,0.0345039902661399,0.3890577507598792,0.11028053170176567,Low stress
BGD.3.4.4.12_1,Gopalganj,Muksudpur,Mochna,6.38524475144139,0.0159617910865458,0.0271493212669683,0.001766020050878687,0.029821053490154407,0.0271493212669683,0.01793110705864759,Low stress
BGD.3.4.4.13_1,Gopalganj,Muksudpur,Muksudpur Paurashava,8.793633848488076,0.0285799338200005,0.7663734115347021,0.0030192618764487487,0.05339524434132571,0.7663734115347021,0.211489393153719,Low stress
BGD.3.4.4.14_1,Gopalganj,Muksudpur,Nanikshir,8.252273076502233,0.0152465544826009,0.1662895927601813,0.002737556580984855,0.02848479311005611,0.1662895927601813,0.052637098410958906,Low stress
BGD.3.4.4.15_1,Gopalganj,Muksudpur,Pasargati,6.544570425471611,0.0140084591803579,0.1879432624113478,0.0018489275838959502,0.026171687642511283,0.1879432624113478,0.056885477311274274,Low stress
BGD.3.4.4.16_1,Gopalganj,Muksudpur,Raghdi,9.688153601871354,0.0203704357964945,0.4322881921280861,0.003484738808773862,0.03805762474970954,0.4322881921280861,0.12278611221792941,Low stress
BGD.3.4.4.17_1,Gopalganj,Muksudpur,Ujani,5.791250526520179,0.0140205635842603,0.2490942028985512,0.0014569261392133404,0.026194302026716836,0.2490942028985512,0.07202432688967403,Low stress
BGD.3.4.5.1_1,Gopalganj,Tungi Para,Barni,5.475109278199255,0.0127928159173754,0.7278603749191993,0.0012924172416811438,0.023900528812415858,0.7278603749191993,0.19084724571081785,Low stress
BGD.3.4.5.2_1,Gopalganj,Tungi Para,Dumuria,3.895026031850673,0.0104300115729649,0.5234251623091783,0.00047019693905859763,0.019486154864067004,0.5234251623091783,0.13786452355534148,Low stress
BGD.3.4.5.3_1,Gopalganj,Tungi Para,Gopalpur,3.803581448066911,0.0077328249202118,0.055944055944056,0.00042261236177405987,0.014447062007346327,0.055944055944056,0.019211530633294838,Low stress
BGD.3.4.5.4_1,Gopalganj,Tungi Para,Kushli,6.707807400813177,0.0138166042623034,0.967238689547582,0.001933870421923436,0.025813249435756722,0.967238689547582,0.2516178578581797,Low stress
BGD.3.4.5.5_1,Gopalganj,Tungi Para,Patgati,7.22943941153366,0.0242665783395884,0.7159021406727833,0.002205309556983782,0.04533669979541688,0.7159021406727833,0.19572550391938526,Low stress
BGD.3.4.5.6_1,Gopalganj,Tungi Para,Tungipara Paurashava,6.290853110186909,0.013403945858234,0.3847780126849897,0.0017169019275034476,0.02504228906707429,0.3847780126849897,0.1056460651157248,Low stress
BGD.3.6.1.1_1,Kishoreganj,Austagram,Adampur,5.036157451104047,0.0037686363198922,0.9995695530525864,0.0010640019952408177,0.007040858051022423,0.9995695530525864,0.2527822893791008,Low stress
BGD.3.6.1.2_1,Kishoreganj,Austagram,Austagram,8.037165267796023,0.023707762120062,0.9839685554034352,0.0026256219674259734,0.04429267608383547,0.9839685554034352,0.26254482426717163,Low stress
BGD.3.6.1.3_1,Kishoreganj,Austagram,Bangal Para,7.672892427638482,0.0018513276634903,0.9999029031944848,0.002436067065452516,0.003458793626692816,0.9999029031944848,0.2521607303941447,Low stress
BGD.3.6.1.4_1,Kishoreganj,Austagram,Deoghar,5.760130299929119,0.0033962524082235,0.9999179285157372,0.00144073225690713,0.006345141606136389,0.9999179285157372,0.2527765745938449,Low stress
BGD.3.6.1.5_1,Kishoreganj,Austagram,Kalma,6.198924492073481,0.0013632591751797,1.0,0.0016690654756079126,0.002546946302175621,1.0,0.25155905739600465,Low stress
BGD.3.6.1.6_1,Kishoreganj,Austagram,Kastail,4.454647740898393,0.0025137992422276,0.9997799683154376,0.0007614045903204432,0.004696474302884855,0.9997799683154376,0.2518933199209973,Low stress
BGD.3.6.1.7_1,Kishoreganj,Austagram,Khayerpur Abdullahpur,5.170509570031179,0.0033277148418679,0.9995379026467512,0.0011339141597660257,0.0062170944201224,0.9995379026467512,0.25251402437263704,Low stress
BGD.3.6.1.8_1,Kishoreganj,Austagram,Purba Austagram,4.608818334377386,0.0069261917651748,0.9868065814273352,0.000841629598919661,0.01294004751675034,0.9868065814273352,0.25156731382726427,Low stress
BGD.3.6.2.1_1,Kishoreganj,Bajitpur,Bajitpur Paurashava,21.793028289974963,0.0647726666021859,0.7763589930682239,0.009783694102591872,0.12101330890565665,0.7763589930682239,0.24035788402507255,Low stress
BGD.3.6.2.2_1,Kishoreganj,Bajitpur,Baliardi,15.998775316679868,0.0160632565447964,0.9820363636363636,0.006768566612199343,0.03001061911230095,0.9820363636363636,0.25872023424327595,Low stress
BGD.3.6.2.3_1,Kishoreganj,Bajitpur,Dighirpar,14.914855426898486,0.0208406675012803,0.995971388637672,0.006204532443838802,0.038936148014746104,0.995971388637672,0.26510231194211464,Low stress
BGD.3.6.2.4_1,Kishoreganj,Bajitpur,Dilalpur,12.636941575887848,0.0215526310524209,0.9518757426582924,0.005019185393134826,0.0402662934242735,0.9518757426582924,0.2540698125203228,Low stress
BGD.3.6.2.5_1,Kishoreganj,Bajitpur,Gazir Char,14.494950501882611,0.0224312376105802,0.4033195020746893,0.005986028542024072,0.0419077741970518,0.4033195020746893,0.11789200790445009,Low stress
BGD.3.6.2.6_1,Kishoreganj,Bajitpur,Halimpur,10.009737408796942,0.0181047684991162,0.7482269503546105,0.0036520798242930756,0.03382472975066635,0.7482269503546105,0.20035622493110308,Low stress
BGD.3.6.2.7_1,Kishoreganj,Bajitpur,Hilachia,12.734867811188144,0.017656379267381,0.9165965207631824,0.005070142796176319,0.032987014284307725,0.9165965207631824,0.24272264230877383,Low stress
BGD.3.6.2.8_1,Kishoreganj,Bajitpur,Humaipur,8.42273024894857,0.0043457216671099,1.0,0.0028262565581771274,0.008119013560918119,1.0,0.25397215736959217,Low stress
BGD.3.6.2.9_1,Kishoreganj,Bajitpur,Kailag,12.883487059836096,0.0178148576107724,0.987519838407156,0.00514747907822427,0.033283095791056025,0.987519838407156,0.2605880347599483,Low stress
BGD.3.6.2.10_1,Kishoreganj,Bajitpur,Maij Char,9.715895037934745,0.003236414143627,1.0,0.003499174486139555,0.006046519389339967,1.0,0.2535159515807248,Low stress
BGD.3.6.2.11_1,Kishoreganj,Bajitpur,Pirijpur,13.02374815968079,0.016032899101869,0.5219885277246659,0.0052204660706672195,0.029953902987872694,0.5219885277246659,0.1430691844051888,Low stress
BGD.3.6.2.12_1,Kishoreganj,Bajitpur,Sarar Char,20.68946378703953,0.0294249774156709,0.4615384615384619,0.009209437561574857,0.05497402018993587,0.4615384615384619,0.13830929747572296,Low stress
BGD.3.6.3.1_1,Kishoreganj,Bhairab,Aganagar,20.25355221542071,0.0095502815919835,0.9910888167601056,0.008982604358222212,0.01784257522582378,0.9910888167601056,0.2576101472623536,Low stress
BGD.3.6.3.2_1,Kishoreganj,Bhairab,Bhairab Paurashava,75.86950717667351,0.0963158746319921,0.9619037839503,0.03792321076269958,0.17994477147195936,0.9619037839503,0.3186259003078406,Low stress
BGD.3.6.3.3_1,Kishoreganj,Bhairab,Gazaria,17.875225821819186,0.0154598415246422,0.9383357186669375,0.007745006116736377,0.028883272469608163,0.9383357186669375,0.2477910774777918,Low stress
BGD.3.6.3.4_1,Kishoreganj,Bhairab,Kalika Prasad,20.480958045848126,0.0158669703630713,0.7252315464496215,0.009100938434065526,0.02964390207579392,0.7252315464496215,0.19532362771255946,Low stress
BGD.3.6.3.5_1,Kishoreganj,Bhairab,Sadakpur,14.506968819907849,0.005855339106494,0.9943591672079584,0.005992282456244453,0.010939397699856586,0.9943591672079584,0.2548154939794372,Low stress
BGD.3.6.3.6_1,Kishoreganj,Bhairab,Shibpur,28.658643017782435,0.0376446455730919,0.6387035271687325,0.013356320945027434,0.07033064041286195,0.6387035271687325,0.18963413431469578,Low stress
BGD.3.6.3.7_1,Kishoreganj,Bhairab,Shimulkandi,23.006892982241062,0.0302686214746665,0.8244957709824342,0.010415347021464523,0.056550181315811326,0.8244957709824342,0.23008264501472833,Low stress
BGD.3.6.3.8_1,Kishoreganj,Bhairab,Sreenagar,17.57438172903063,0.0189754050564371,0.8623569794050326,0.007588457326293573,0.03545132035103042,0.8623569794050326,0.23103258990463624,Low stress
BGD.3.6.4.1_1,Kishoreganj,Hossainpur,Araibaria,22.481731619242357,0.0625721713925148,0.5877192982456143,0.010142071334371259,0.11690217344494117,0.5877192982456143,0.1919024138008815,Low stress
BGD.3.6.4.2_1,Kishoreganj,Hossainpur,Gobindapur,11.765731308562804,0.0279378894290067,0.8432494279176205,0.004565837905714003,0.05219572731826316,0.8432494279176205,0.23090719670308282,Low stress
BGD.3.6.4.3_1,Kishoreganj,Hossainpur,Hossainpur Paurashava,26.44217756554266,0.1189703353219501,0.6056338028169014,0.012202949501399735,0.222269588302527,0.6056338028169014,0.2340839864106697,Low stress
BGD.3.6.4.4_1,Kishoreganj,Hossainpur,Jinari,11.812510336956342,0.0205206043519694,0.4753820033955864,0.0045901800832359825,0.03833818126752607,0.4753820033955864,0.13409993632582512,Low stress
BGD.3.6.4.5_1,Kishoreganj,Hossainpur,Pumdi,12.652949460091172,0.0348700944844543,0.0476190476190476,0.005027515338676886,0.06514700932930707,0.0476190476190476,0.03671722130549013,Low stress
BGD.3.6.4.6_1,Kishoreganj,Hossainpur,Sahedal,12.087339788433026,0.0332176763042782,0.4941176470588236,0.004733191760174487,0.06205983379418367,0.4941176470588236,0.14714363029674,Low stress
BGD.3.6.4.7_1,Kishoreganj,Hossainpur,Sidhla,13.972240199883084,0.0316741359193092,0.7501422879908938,0.005714028301728404,0.05917607218279578,0.7501422879908938,0.21053280858239332,Low stress
BGD.3.6.5.1_1,Kishoreganj,Itna,Badla,3.300875444520581,0.0024819924596568,0.9994390657895694,0.00016102166184023592,0.004637050409961395,0.9994390657895694,0.25154714275561496,Low stress
BGD.3.6.5.2_1,Kishoreganj,Itna,Baribari,4.462813478467041,0.0023257383427136,1.0,0.0007656537558187455,0.0043451243752103425,1.0,0.2518270550336511,Low stress
BGD.3.6.5.3_1,Kishoreganj,Itna,Chauganga,5.794320859705018,0.0165953121063545,0.9955861667555896,0.0014585238336931878,0.03100464649149225,0.9955861667555896,0.26033157749439695,Low stress
BGD.3.6.5.4_1,Kishoreganj,Itna,Dhanpur,2.9914357124178297,0.0006781039560924,1.0,0.0,0.0012668862934537288,1.0,0.2504434102027088,Low stress
BGD.3.6.5.5_1,Kishoreganj,Itna,Elongjuri,4.404049520328955,0.002622583485913,0.9998933244832164,0.0007350750381750698,0.004899713446427006,0.9998933244832164,0.2519822608423236,Low stress
BGD.3.6.5.6_1,Kishoreganj,Itna,Itna,4.912907280648515,0.0053143426086294,0.9999023758176028,0.000999866898128427,0.009928666171462819,0.9999023758176028,0.25385057387366405,Low stress
BGD.3.6.5.7_1,Kishoreganj,Itna,Joy Siddhi,4.325592113328851,0.0037825525315794,1.0,0.0006942485354729619,0.00706685739475861,1.0,0.2527510995023547,Low stress
BGD.3.6.5.8_1,Kishoreganj,Itna,Mriga,3.70318567441627,0.0031555991108021,1.0,0.00037036989696480766,0.005895534490238555,1.0,0.2522115850303694,Low stress
BGD.3.6.5.9_1,Kishoreganj,Itna,Raituti,4.295755925165219,0.0071351846029009,0.994093304140702,0.0006787228220539409,0.01333050411144556,0.994093304140702,0.253460491603003,Low stress
BGD.3.6.6.1_1,Kishoreganj,Karimganj,Baragharia,14.522059649014942,0.0245583942566107,0.9283519327187452,0.006000135198246454,0.045881892877046394,0.9283519327187452,0.2505466997659511,Low stress
BGD.3.6.6.2_1,Kishoreganj,Karimganj,Dehunda,12.508996585232753,0.0146042565351356,0.5735129068462401,0.004952607275065049,0.027284802373169197,0.5735129068462401,0.15490895045219527,Low stress
BGD.3.6.6.3_1,Kishoreganj,Karimganj,Gujadia,11.163156208777895,0.0129535554884392,0.5461970393057688,0.004252278805557164,0.024200834919712203,0.5461970393057688,0.14672046357056434,Low stress
BGD.3.6.6.4_1,Kishoreganj,Karimganj,Gundhar,11.306675957376507,0.0149622614136469,0.9901627706505752,0.004326961485344928,0.027953654795427788,0.9901627706505752,0.2590552564351815,Low stress
BGD.3.6.6.5_1,Kishoreganj,Karimganj,Jafarabad,19.10025505843022,0.0214264486848891,0.4734299516908216,0.008382468675734731,0.04003054975921251,0.4734299516908216,0.13572116780872368,Low stress
BGD.3.6.6.6_1,Kishoreganj,Karimganj,Joyka,9.723352060217785,0.0156607202911479,0.9643498976052156,0.0035030548608808183,0.029258569728451006,0.9643498976052156,0.2527291957506141,Low stress
BGD.3.6.6.7_1,Kishoreganj,Karimganj,Kadir Jangal,13.76667246430286,0.0138780363439653,0.6241098677517805,0.005607058010037257,0.025928021605328297,0.6241098677517805,0.1673450977038249,Low stress
BGD.3.6.6.8_1,Kishoreganj,Karimganj,Karimganj Paurashava,18.710105475163797,0.0489815788568085,0.6014109347442682,0.008179448417680169,0.09151117660926611,0.6014109347442682,0.18565342486638226,Low stress
BGD.3.6.6.9_1,Kishoreganj,Karimganj,Kiratan,15.030115449479206,0.0131248894992061,0.5380622837370244,0.006264509746215499,0.02452093437923145,0.5380622837370244,0.1456037018654733,Low stress
BGD.3.6.6.10_1,Kishoreganj,Karimganj,Niamatpur,14.428557457147091,0.0293364785823214,0.9126996678791716,0.005951479913361232,0.0548086798199973,0.9126996678791716,0.24973854687213642,Low stress
BGD.3.6.6.11_1,Kishoreganj,Karimganj,Noabad,14.354640993637233,0.022761821521912,0.7896341463414638,0.0059130163595349965,0.042525396646146484,0.7896341463414638,0.21465763195533122,Low stress
BGD.3.6.6.12_1,Kishoreganj,Karimganj,Sutar Para,11.070346276092792,0.0062457602683707,0.998182758572487,0.0042039837482460585,0.011668812731596163,0.998182758572487,0.25531136759847883,Low stress
BGD.3.6.7.1_1,Kishoreganj,Katiadi,Achmita,13.869673167365365,0.0299891771722059,0.4482758620689658,0.005660655989408341,0.05602810184202216,0.4482758620689658,0.13394306355771254,Low stress
BGD.3.6.7.2_1,Kishoreganj,Katiadi,Banagram,11.726777164623783,0.0270325310222572,0.608862144420132,0.004545567525598298,0.05050426667145674,0.608862144420132,0.17171025645028218,Low stress
BGD.3.6.7.3_1,Kishoreganj,Katiadi,Chandpur,9.588003731135895,0.0201450077298546,0.4493219949436915,0.0034326243032792875,0.03763646258833299,0.4493219949436915,0.12687631036315114,Low stress
BGD.3.6.7.4_1,Kishoreganj,Katiadi,Jalalpur,14.813192133981923,0.0124176239989546,0.7537993920972651,0.006151630406138808,0.02319956623198645,0.7537993920972651,0.19903034836796707,Low stress
BGD.3.6.7.5_1,Kishoreganj,Katiadi,Kargaon,9.942852218017126,0.0169307269477334,0.9412567477406444,0.0036172750999653963,0.03163129445799664,0.9412567477406444,0.2478320500354461,Low stress
BGD.3.6.7.6_1,Kishoreganj,Katiadi,Katiadi,14.841930025193149,0.0143144099178876,0.6639344262295084,0.006166584604066691,0.026743288489794383,0.6639344262295084,0.1778103913704318,Low stress
BGD.3.6.7.7_1,Kishoreganj,Katiadi,Katiadi Paurashava,23.16288270347442,0.0439371781129571,0.5308641975308648,0.010496518640804763,0.08208683672206109,0.5308641975308648,0.16564504969175947,Low stress
BGD.3.6.7.8_1,Kishoreganj,Katiadi,Lohajuri,10.505729494841267,0.0130364145168342,0.6406533575317609,0.003910176835338647,0.024355638569535203,0.6406533575317609,0.170251883616413,Low stress
BGD.3.6.7.9_1,Kishoreganj,Katiadi,Masua,13.278591275554708,0.0205978436309639,0.7642679900744426,0.0053530775544857745,0.038482485666571704,0.7642679900744426,0.20667709852370506,Low stress
BGD.3.6.7.10_1,Kishoreganj,Katiadi,Mumurdia,10.36190910901736,0.0172551812424201,0.4348142753095419,0.00383533771440708,0.0322374650828658,0.4348142753095419,0.12152081669215134,Low stress
BGD.3.6.7.11_1,Kishoreganj,Katiadi,Shahasram Dhuldia,10.385487073941524,0.0212518857263931,0.8506493506493504,0.003847606866364719,0.03970441772963742,0.8506493506493504,0.2280979266142566,Low stress
BGD.3.6.8.1_1,Kishoreganj,Kishoreganj Sadar,Baulai,14.752138427232254,0.0214892184930955,0.6605504587155969,0.006119860183047116,0.04014782117304949,0.6605504587155969,0.1816372961626854,Low stress
BGD.3.6.8.2_1,Kishoreganj,Kishoreganj Sadar,Binnati,13.534697662711077,0.0258224547867769,0.0652173913043478,0.005486346400692389,0.0482435085930078,0.0652173913043478,0.03538411439391663,Low stress
BGD.3.6.8.3_1,Kishoreganj,Kishoreganj Sadar,Chauddasata,18.466760599580468,0.0394601072408697,0.83987915407855,0.008052820217738082,0.07372242641047225,0.83987915407855,0.238993765850398,Low stress
BGD.3.6.8.4_1,Kishoreganj,Kishoreganj Sadar,Dana Patali,10.603135848433928,0.0215147181150623,0.9349904397705548,0.00396086371004186,0.04019546154038218,0.9349904397705548,0.2494003669657892,Low stress
BGD.3.6.8.5_1,Kishoreganj,Kishoreganj Sadar,Jasodal,23.78246156296176,0.0442680685312637,0.6238095238095241,0.010818925905436837,0.08270503181120857,0.6238095238095241,0.18922671244847877,Low stress
BGD.3.6.8.6_1,Kishoreganj,Kishoreganj Sadar,Kishoreganj Paurashava,57.56605483180825,0.1579875514144212,0.4741784037558691,0.02839873149186982,0.2951645711914609,0.4741784037558691,0.23321169345272652,Low stress
BGD.3.6.8.7_1,Kishoreganj,Kishoreganj Sadar,Korsha Kariail,10.574839279399676,0.021864556876611,0.6597671410090565,0.0039461391608079585,0.04084905739090467,0.6597671410090565,0.18081741100340396,Low stress
BGD.3.6.8.8_1,Kishoreganj,Kishoreganj Sadar,Latibabad,21.369121378855112,0.047724251930981,0.5694915254237289,0.009563107706558495,0.08916214113408578,0.5694915254237289,0.17740487383548564,Low stress
BGD.3.6.8.9_1,Kishoreganj,Kishoreganj Sadar,Mahinanda,21.596696709981533,0.0364702947018525,0.6550000000000002,0.009681529984663526,0.06813662722489595,0.6550000000000002,0.19147043152257906,Low stress
BGD.3.6.8.10_1,Kishoreganj,Kishoreganj Sadar,Maij Khapan,12.339064259114217,0.0226131885770336,0.5886200130804453,0.004864180409626524,0.042247709074896785,0.5886200130804453,0.1638873736101758,Low stress
BGD.3.6.8.11_1,Kishoreganj,Kishoreganj Sadar,Maria,22.15221816858869,0.0525046866378312,0.491749174917492,0.009970604008367545,0.09809331924099211,0.491749174917492,0.16125819706706723,Low stress
BGD.3.6.8.12_1,Kishoreganj,Kishoreganj Sadar,Rashidabad,13.475321577829687,0.0231369000695571,0.8053195419283342,0.005455449153605858,0.04322614741851826,0.8053195419283342,0.21864121674000728,Low stress
BGD.3.6.9.1_1,Kishoreganj,Kuliar Char,Chhaysuti,14.912842642557072,0.0186336153837862,0.5787615426398703,0.006203485060953036,0.03481276243135585,0.5787615426398703,0.15935624653532335,Low stress
BGD.3.6.9.2_1,Kishoreganj,Kuliar Char,Faridpur,13.853534659791732,0.0179486410187103,0.6496519721577726,0.005652258072012702,0.033533040308095466,0.6496519721577726,0.17641046037608163,Low stress
BGD.3.6.9.3_1,Kishoreganj,Kuliar Char,Gobaria Abdullahpur,11.254978196506784,0.0107316960198201,0.1694915254237291,0.004300059770713474,0.020049785096917235,0.1694915254237291,0.0511103300481387,Low stress
BGD.3.6.9.4_1,Kishoreganj,Kuliar Char,Kuliar Char Paurashava,29.767636034017524,0.0405369102330514,0.6670448099829841,0.013933402295343799,0.07573419310094569,0.6670448099829841,0.19884153099921453,Low stress
BGD.3.6.9.5_1,Kishoreganj,Kuliar Char,Osmanpur,19.860650693337437,0.0256165900817568,0.8602352139083007,0.008778152087030356,0.047858896217939574,0.8602352139083007,0.23532067798816617,Low stress
BGD.3.6.9.6_1,Kishoreganj,Kuliar Char,Ramdi,16.376213594396607,0.0127054622284141,0.0160734787600459,0.006964972349455749,0.023737327889853166,0.0160734787600459,0.015112423391242382,Low stress
BGD.3.6.9.7_1,Kishoreganj,Kuliar Char,Salua,13.849204578156195,0.0128692822952752,0.5259336099585064,0.005650004848303775,0.02404338921781675,0.5259336099585064,0.14215859065518396,Low stress
BGD.3.6.10.1_1,Kishoreganj,Mithamain,Bairati,4.564676827566089,0.0031219535451958,0.999283325370282,0.0008186598957901129,0.0058326752405333205,0.999283325370282,0.2521897316350732,Low stress
BGD.3.6.10.2_1,Kishoreganj,Mithamain,Dhaki,5.398681566724106,0.0026990223229873,1.0,0.0012526469218558662,0.005042522397926143,1.0,0.2522659416080165,Low stress
BGD.3.6.10.3_1,Kishoreganj,Mithamain,Ghagra,5.643126924337824,0.0080018838569531,0.9998732552797096,0.0013798477743275895,0.014949738737110663,0.9998732552797096,0.2557526614876472,Low stress
BGD.3.6.10.4_1,Kishoreganj,Mithamain,Gopedighi,5.46885214621046,0.0021593311436249,1.0,0.0012891612480686139,0.004034229566584903,1.0,0.25192764484753216,Low stress
BGD.3.6.10.5_1,Kishoreganj,Mithamain,Keorjori,4.777147650598579,0.0023171965317919,1.0,0.0009292223138246974,0.004329165902942559,1.0,0.25188689699155975,Low stress
BGD.3.6.10.6_1,Kishoreganj,Mithamain,Khatkhal,5.264793798108669,0.0042407427422284,0.999433677321923,0.0011829763890641046,0.0079228838084827,0.999433677321923,0.25310461921907534,Low stress
BGD.3.6.10.7_1,Kishoreganj,Mithamain,Mithamain,7.470774095147164,0.0046909710752551,0.9996658755213492,0.0023308917230200113,0.00876403522621359,0.9996658755213492,0.2539162378987201,Low stress
BGD.3.6.11.1_1,Kishoreganj,Nikli,Chhatir Char,9.9696672077267,0.0090772297800603,1.0,0.003631228686907588,0.016958783218367492,1.0,0.25738806560119165,Low stress
BGD.3.6.11.2_1,Kishoreganj,Nikli,Dampara,7.217192229670057,0.0119864275370572,0.9982361411087112,0.002198936549990995,0.02239397162889417,0.9982361411087112,0.25827649996728713,Low stress
BGD.3.6.11.3_1,Kishoreganj,Nikli,Gurai,5.790198750679649,0.0054579268111771,0.9987462417684076,0.001456378831688949,0.010196921291536737,0.9987462417684076,0.25383803442681535,Low stress
BGD.3.6.11.4_1,Kishoreganj,Nikli,Jaraitala,8.797213323388167,0.0233680067440562,0.9405270847989612,0.003021124510548809,0.04365791879460013,0.9405270847989612,0.25162049258206987,Low stress
BGD.3.6.11.5_1,Kishoreganj,Nikli,Karpasha,7.030730448135782,0.011154834187183,0.9990644587894096,0.00210190833151267,0.020840324570478637,0.9990644587894096,0.257900991629625,Low stress
BGD.3.6.11.6_1,Kishoreganj,Nikli,Nikli,10.902997652700444,0.0132209218782646,0.9984956452889948,0.004116901351741255,0.024700349502331524,0.9984956452889948,0.25991579418876126,Low stress
BGD.3.6.11.7_1,Kishoreganj,Nikli,Singpur,6.005480513908393,0.0039130204182184,0.9997590630996532,0.0015684039651242304,0.007310607598298642,0.9997590630996532,0.25312584002036753,Low stress
BGD.3.6.12.1_1,Kishoreganj,Pakundia,Barudia,11.031748050262957,0.0278932278930821,0.6489626556016602,0.00418389857552124,0.05211228718021484,0.6489626556016602,0.18215352384369873,Low stress
BGD.3.6.12.2_1,Kishoreganj,Pakundia,Chandi Pasha,13.000340102306184,0.0290153286522641,0.0,0.00520828533268216,0.054208682664874115,0.0,0.021056353065778802,Low stress
BGD.3.6.12.3_1,Kishoreganj,Pakundia,Char Faradi,13.283058156314304,0.0256343480734275,0.8613428684942396,0.005355401963695493,0.04789207307238018,0.8613428684942396,0.23424010348437116,Low stress
BGD.3.6.12.4_1,Kishoreganj,Pakundia,Egarasindur,12.265929425364774,0.0209141768584401,0.8842729970326413,0.004826123588711121,0.03907348388513831,0.8842729970326413,0.2366744180534432,Low stress
BGD.3.6.12.5_1,Kishoreganj,Pakundia,Hosendi,13.136553192187398,0.0318652566016975,0.7775510204081636,0.005279165881692535,0.059533138633651686,0.7775510204081636,0.217336019976496,Low stress
BGD.3.6.12.6_1,Kishoreganj,Pakundia,Jangalia,11.9818697647087,0.032207937065935,0.7902783222265782,0.0046783088323131715,0.06017336079911225,0.7902783222265782,0.2205015803692591,Low stress
BGD.3.6.12.7_1,Kishoreganj,Pakundia,Narandi,12.39505463629734,0.0253536029216674,0.0,0.004893315852317814,0.04736756325124887,0.0,0.01853597347886423,Low stress
BGD.3.6.12.8_1,Kishoreganj,Pakundia,Pakundia,16.802699467734623,0.0371118831720156,0.1392405063291139,0.00718690074762754,0.06933529246137606,0.1392405063291139,0.06195223924281111,Low stress
BGD.3.6.12.9_1,Kishoreganj,Pakundia,Pakundia Paurashava,25.79968884019163,0.0846881668835393,0.0,0.011868620740297767,0.15822098791569109,0.0,0.06012479406661098,Low stress
BGD.3.6.12.10_1,Kishoreganj,Pakundia,Patuabhanga,11.621195722035234,0.0242283659592337,0.6839959225280331,0.004490626619239664,0.0452653084689445,0.6839959225280331,0.1886380892438347,Low stress
BGD.3.6.12.11_1,Kishoreganj,Pakundia,Sukhia,10.82213510121132,0.0321048730191462,0.2808988764044944,0.0040748232955946165,0.05998080857013393,0.2808988764044944,0.09284793141890832,Low stress
BGD.3.6.13.1_1,Kishoreganj,Tarail,Damiha,8.178087998763989,0.0107006242560734,0.983474813060486,0.002698953249667361,0.019991734423048635,0.983474813060486,0.25394539161305546,Low stress
BGD.3.6.13.2_1,Kishoreganj,Tarail,Dhala,8.633575078709985,0.0195090728034628,0.940791563433072,0.002935972865930817,0.03644835973988936,0.940791563433072,0.2491292059136016,Low stress
BGD.3.6.13.3_1,Kishoreganj,Tarail,Digdair,9.324582785184424,0.0136971655683423,0.9022372491187672,0.0032955492153699294,0.025590104823595347,0.9022372491187672,0.23583406865409814,Low stress
BGD.3.6.13.4_1,Kishoreganj,Tarail,Jawar,9.262026086550888,0.0209463440497421,0.918363351605324,0.0032629968876363145,0.039133581121547675,0.918363351605324,0.2445927900489272,Low stress
BGD.3.6.13.5_1,Kishoreganj,Tarail,Rauti,8.754003561176509,0.0185463911530236,0.8866282960781694,0.0029986396548654015,0.03464980337261954,0.8866282960781694,0.23498396106190536,Low stress
BGD.3.6.13.6_1,Kishoreganj,Tarail,Talganga,10.473925717404638,0.0175780602432809,0.2041312272174973,0.0038936272569737636,0.03284069262188762,0.2041312272174973,0.0640845001248245,Low stress
BGD.3.6.13.7_1,Kishoreganj,Tarail,Tarail Sachail,11.92465946856328,0.0301277830429394,0.7494501466275664,0.004648538586271697,0.05628705605729673,0.7494501466275664,0.20892242171145411,Low stress
BGD.3.7.1.1_1,Madaripur,Kalkini,Alinagar,8.074913394712768,0.0108711886055297,0.9314812996956832,0.002645264778277012,0.020310395941738543,0.9314812996956832,0.2410370694148401,Low stress
BGD.3.7.1.2_1,Madaripur,Kalkini,Baligram,8.623205056633367,0.0161395017051226,0.0616600790513835,0.0029305766675281424,0.030153066221909438,0.0616600790513835,0.027140823607525434,Low stress
BGD.3.7.1.3_1,Madaripur,Kalkini,Banshgari,7.650957833649038,0.0122109408481586,0.965200482767866,0.0024246530665068397,0.022813424773175075,0.965200482767866,0.2502546805891805,Low stress
BGD.3.7.1.4_1,Madaripur,Kalkini,Char Daulat Khan,6.883201902580685,0.0112317296418948,0.9403642185311188,0.002025139613375768,0.020983986610388628,0.9403642185311188,0.24324550579176604,Low stress
BGD.3.7.1.5_1,Madaripur,Kalkini,Dasar,7.446598931891269,0.0123446651122769,0.0034246575342465,0.0023183118098450907,0.023063258793153237,0.0034246575342465,0.009855629685103293,Low stress
BGD.3.7.1.6_1,Madaripur,Kalkini,Enayetnagar,7.044396611184702,0.0151116255511283,0.8907197469021887,0.002109019726905121,0.028232708437289946,0.8907197469021887,0.2334049925693607,Low stress
BGD.3.7.1.7_1,Madaripur,Kalkini,Gopalpur,10.839416143267307,0.0325400144695039,0.0041322314049586,0.004083815748151621,0.060793773505994936,0.0041322314049586,0.02394440487759852,Low stress
BGD.3.7.1.8_1,Madaripur,Kalkini,Kalkini Paurashava,10.374413369031553,0.032995215637252,0.3914656771799636,0.0038418444959179275,0.06164421555843095,0.3914656771799636,0.1209786325388089,Low stress
BGD.3.7.1.9_1,Madaripur,Kalkini,Kayaria,6.291837933653396,0.00948796566077,0.9323499491353004,0.0017174143953436805,0.017726151780113296,0.9323499491353004,0.23997860616500225,Low stress
BGD.3.7.1.10_1,Madaripur,Kalkini,Kazibakai,9.494452031345348,0.0188420825515947,0.0777777777777779,0.0033839432561949697,0.035202236928826146,0.0777777777777779,0.033118804672011615,Low stress
BGD.3.7.1.11_1,Madaripur,Kalkini,Lakshmipur,7.402651661679649,0.0154101994975302,0.675387596899225,0.002295443180678662,0.02879052739245235,0.675387596899225,0.17984176108443603,Low stress
BGD.3.7.1.12_1,Madaripur,Kalkini,Nabagram,6.230058205498212,0.0054918597158054,0.003084304318026,0.001685266375992751,0.010260317370241825,0.003084304318026,0.005036293709488239,Low stress
BGD.3.7.1.13_1,Madaripur,Kalkini,Ramjanpur,7.516152765324149,0.0187040183737994,0.4642857142857153,0.002354505202886817,0.0349442947462237,0.4642857142857153,0.12924373381376184,Low stress
BGD.3.7.1.14_1,Madaripur,Kalkini,Sahebrampur,7.008610142706593,0.0167091940375942,0.9272903538536114,0.002090397694800256,0.03121740952946508,0.9272903538536114,0.24358484087663573,Low stress
BGD.3.7.1.15_1,Madaripur,Kalkini,Shikar Mangal,7.324715895538614,0.0180170517650975,0.7025019546520728,0.0022548881217159867,0.03366085055922911,0.7025019546520728,0.18830874160743477,Low stress
BGD.3.7.2.1_1,Madaripur,Madaripur Sadar,Bahadurpur,6.902984188578467,0.0221948149376217,0.509838998211092,0.002035433626186327,0.041466071061209885,0.509838998211092,0.142787047874671,Low stress
BGD.3.7.2.2_1,Madaripur,Madaripur Sadar,Chilar Char,8.169322285317216,0.0110109368797141,0.8432961837217159,0.0026943918776133487,0.020571484483557795,0.8432961837217159,0.21910182225071953,Low stress
BGD.3.7.2.3_1,Madaripur,Madaripur Sadar,Dhurail,8.206385711501348,0.0164033151559064,0.9220700765203368,0.0027136783940445355,0.030645942928827195,0.9220700765203368,0.24232907051279154,Low stress
BGD.3.7.2.4_1,Madaripur,Madaripur Sadar,Dudkhali,7.636114458011138,0.0222564680614589,0.5785302593659948,0.002416929090673834,0.04158125619888118,0.5785302593659948,0.16015277614737664,Low stress
BGD.3.7.2.5_1,Madaripur,Madaripur Sadar,Ghatmajhi,11.186032606106178,0.0234091632036486,0.0857142857142859,0.004264182886166614,0.043734810477765,0.0857142857142859,0.03844142825025587,Low stress
BGD.3.7.2.6_1,Madaripur,Madaripur Sadar,Jhaudi,9.323201274577974,0.0159690624571305,0.5815937556725371,0.0032948303253547756,0.029834638427457327,0.5815937556725371,0.15715849449788627,Low stress
BGD.3.7.2.7_1,Madaripur,Madaripur Sadar,Kalikapur,7.745384308030734,0.0128877381361134,0.8460882281257613,0.0024737893158285856,0.024077869848082963,0.8460882281257613,0.2209388272046008,Low stress
BGD.3.7.2.8_1,Madaripur,Madaripur Sadar,Kendua,7.524043804746925,0.0165980675888572,0.151174668028601,0.0023586114250350454,0.03100979449716772,0.151174668028601,0.049590539651172966,Low stress
BGD.3.7.2.9_1,Madaripur,Madaripur Sadar,Khoajpur,10.024350530242366,0.0096495251328018,0.8872780583156867,0.0036596839838618084,0.018027989689855292,0.8872780583156867,0.22959318456391575,Low stress
BGD.3.7.2.10_1,Madaripur,Madaripur Sadar,Kunia,7.062041982971361,0.023576485624798,0.0,0.0021182017639679415,0.04404741517507896,0.0,0.01626387601686481,Low stress
BGD.3.7.2.11_1,Madaripur,Madaripur Sadar,Madaripur Paurashava,34.22334388113701,0.1216490856125585,0.7958515283842799,0.016251997510451862,0.2272742369205842,0.7958515283842799,0.2850096640224552,Low stress
BGD.3.7.2.12_1,Madaripur,Madaripur Sadar,Mustafapur,9.087129741665391,0.0165313365789411,0.1425287356321842,0.0031719869196794705,0.030885122459714646,0.1425287356321842,0.047710771536817964,Low stress
BGD.3.7.2.13_1,Madaripur,Madaripur Sadar,Panchkhola,13.527746623830264,0.0155377139525774,0.8974152856789492,0.005482729322095214,0.02902875976650815,0.8974152856789492,0.23670697906685326,Low stress
BGD.3.7.2.14_1,Madaripur,Madaripur Sadar,Pearpur,9.843237113228325,0.0106986765072247,0.4802631578947375,0.003565438868048818,0.0199880954879011,0.4802631578947375,0.1284877984416693,Low stress
BGD.3.7.2.15_1,Madaripur,Madaripur Sadar,Rasti,17.315626944361803,0.0241608411407392,0.7423312883435589,0.007453810346239143,0.04513915337686747,0.7423312883435589,0.204363049906289,Low stress
BGD.3.7.2.16_1,Madaripur,Madaripur Sadar,Sirkhara,7.398764696762591,0.0188895789047474,0.9021794221996962,0.002293420539480628,0.035290973291824144,0.9021794221996962,0.23881406441785474,Low stress
BGD.3.7.3.1_1,Madaripur,Rajoir,Amgram,6.101370842973409,0.0122629019532159,0.1132610508757301,0.0016183019534514982,0.02291050253123616,0.1132610508757301,0.03698125938624578,Low stress
BGD.3.7.3.2_1,Madaripur,Rajoir,Badar Pasha,10.73309544368337,0.0167743737854748,0.4755639097744369,0.004028490158193647,0.03133918337912162,0.4755639097744369,0.13147108768957924,Low stress
BGD.3.7.3.3_1,Madaripur,Rajoir,Bajitpur,7.280907175756304,0.0146225484603656,0.3752563226247443,0.00223209158936862,0.027318976763609726,0.3752563226247443,0.10426855915919692,Low stress
BGD.3.7.3.4_1,Madaripur,Rajoir,Haridasdi Mahendradi,7.6964981270794866,0.0177534183082271,0.5776397515527957,0.0024483506494869978,0.033168310130871216,0.5776397515527957,0.15699818669379864,Low stress
BGD.3.7.3.5_1,Madaripur,Rajoir,Hossainpur,11.655474317497044,0.0302489486963835,0.5586642599277984,0.004508464006731252,0.05651342710882438,0.5586642599277984,0.16124915007273063,Low stress
BGD.3.7.3.6_1,Madaripur,Rajoir,Isibpur,7.928510481506186,0.0126173811455067,0.4926674593737621,0.0025690818000195597,0.023572767993622828,0.4926674593737621,0.13244496636121633,Low stress
BGD.3.7.3.7_1,Madaripur,Rajoir,Kabirajpur,8.212839774864571,0.0205541137229987,0.724440544098289,0.0027170368638871328,0.03840078606798161,0.724440544098289,0.19563722589392066,Low stress
BGD.3.7.3.8_1,Madaripur,Rajoir,Kadambari,5.799219492957819,0.0122242801064224,0.0408163265306123,0.001461072911866672,0.02283834620787165,0.0408163265306123,0.01878193197015482,Low stress
BGD.3.7.3.9_1,Madaripur,Rajoir,Khalia,14.90360371189722,0.0346765986636784,0.1900070372976781,0.006198677443138844,0.06478550546108873,0.1900070372976781,0.07265615721305611,Low stress
BGD.3.7.3.10_1,Madaripur,Rajoir,Paik Para,7.603932815316747,0.0214898917812225,0.0021786492374727,0.0024001828843861457,0.04014907906203831,0.0021786492374727,0.01555691313483604,Low stress
BGD.3.7.3.11_1,Madaripur,Rajoir,Rajoir,9.11619749834937,0.0204223939979538,0.0424929178470255,0.0031871127681134,0.038154697083044115,0.0424929178470255,0.025252218548067175,Low stress
BGD.3.7.4.1_1,Madaripur,Shib Char,Bandarkhola,7.5721330105878195,0.0311502499797751,0.7932924862947429,0.0023836353732800196,0.058197307923767566,0.7932924862947429,0.21964563349631638,Low stress
BGD.3.7.4.2_1,Madaripur,Shib Char,Banshkandi,9.080007119708949,0.0209549959957752,0.7092597804672113,0.0031682805552242905,0.03914974535675461,0.7092597804672113,0.19228466821375664,Low stress
BGD.3.7.4.3_1,Madaripur,Shib Char,Bayratala Dakshin,8.89114046579001,0.0172328767463829,0.7616899097621008,0.0030700009248950666,0.03219579409708546,0.7616899097621008,0.20291900574446314,Low stress
BGD.3.7.4.4_1,Madaripur,Shib Char,Bayratala Uttar,9.210070834508958,0.0304089817773555,0.5494238932686484,0.0032359611835647314,0.056812413296651564,0.5494238932686484,0.15853470244441603,Low stress
BGD.3.7.4.5_1,Madaripur,Shib Char,Bhadrasan,9.39227832056788,0.0107797531038043,0.0,0.0033307756148130015,0.020139569060653086,0.0,0.00838115941715378,Low stress
BGD.3.7.4.6_1,Madaripur,Shib Char,Bhandarikandi,8.324880468951125,0.009266021404368,0.5923404255319152,0.0027753389398130508,0.017311498342656932,0.5923404255319152,0.15525426637883397,Low stress
BGD.3.7.4.7_1,Madaripur,Shib Char,Char Janajat,7.82031489307979,0.0103210343040979,0.993912577466918,0.0025127805831919306,0.019282555095941168,0.993912577466918,0.2562321508835857,Low stress
BGD.3.7.4.8_1,Madaripur,Shib Char,Datta Para,10.299917635773005,0.0209370074527398,0.9054785621481156,0.003803079510284747,0.03911613776841068,0.9054785621481156,0.24158152056008653,Low stress
BGD.3.7.4.9_1,Madaripur,Shib Char,Ditiyakhanda,9.153850028925978,0.0267598869042276,0.4976816074188568,0.0032067058339577126,0.049994891828530126,0.4976816074188568,0.14320129632828282,Low stress
BGD.3.7.4.10_1,Madaripur,Shib Char,Kadirpur,6.465477948082045,0.0114107963589076,0.2355588897224312,0.0018077706126764291,0.02131853291019869,0.2355588897224312,0.06707431719424792,Low stress
BGD.3.7.4.11_1,Madaripur,Shib Char,Kanthalbari,13.624748893132168,0.0185044798271475,0.9966521011326352,0.0055332059254038024,0.03457150138983968,0.9966521011326352,0.2634763331397642,Low stress
BGD.3.7.4.12_1,Madaripur,Shib Char,Kutubpur,8.819564605886873,0.0272608528904163,0.6184210526315796,0.0030327553396855373,0.05093083525680075,0.6184210526315796,0.17364415763364938,Low stress
BGD.3.7.4.13_1,Madaripur,Shib Char,Matbarer Char,19.733013973614955,0.050957071238406,0.9281955222549187,0.008711734382419864,0.09520194437220646,0.9281955222549187,0.2688542548469699,Low stress
BGD.3.7.4.14_1,Madaripur,Shib Char,Nilakhi,8.51830887260642,0.0249449529457264,0.6930572472594397,0.0028759923458641437,0.046604091738233086,0.6930572472594397,0.19072614086158718,Low stress
BGD.3.7.4.15_1,Madaripur,Shib Char,Panch Char,12.815867013552642,0.0355690861009566,0.7627802690582968,0.0051122919606802954,0.0664529195665645,0.7627802690582968,0.2159985058971439,Low stress
BGD.3.7.4.16_1,Madaripur,Shib Char,Sannyasir Char,10.212106306288089,0.026848799467252,0.8321616871704747,0.0037573855520267735,0.05016100516026846,0.8321616871704747,0.22709972781952334,Low stress
BGD.3.7.4.17_1,Madaripur,Shib Char,Shib Char Paurashava,13.666012168260265,0.0749827846958353,0.2822299651567945,0.005554677896985947,0.14008864175274266,0.2822299651567945,0.12181038706145293,Low stress
BGD.3.7.4.18_1,Madaripur,Shib Char,Shibchar,8.88072640264565,0.0179080599114568,0.4375553587245354,0.003064581809054257,0.03345722354270024,0.4375553587245354,0.12232470064470063,Low stress
BGD.3.7.4.19_1,Madaripur,Shib Char,Siruail,8.60106484427025,0.0193636499927922,0.9501061571125268,0.0029190556719404744,0.03617666958981892,0.9501061571125268,0.2513559959033445,Low stress
BGD.3.7.4.20_1,Madaripur,Shib Char,Umedpur,9.163325619733914,0.0206846638054363,0.0626262626262627,0.00321163660147242,0.03864468983607423,0.0626262626262627,0.030466861739780624,Low stress
BGD.3.8.1.1_1,Manikganj,Daulatpur,Bachamara,7.694679943008472,0.0169816068502696,0.9542186443802602,0.0024474045298059316,0.031726352229826824,0.9542186443802602,0.2506378461874268,Low stress
BGD.3.8.1.2_1,Manikganj,Daulatpur,Baghutia,6.590575738673071,0.0097496779316626,0.9884753059546268,0.0018728671469728719,0.018215102900134936,0.9884753059546268,0.2542432593624931,Low stress
BGD.3.8.1.3_1,Manikganj,Daulatpur,Chak Mirpur,10.6308431397675,0.0255605856113462,0.3925510876730398,0.00397528161967908,0.047754264331784264,0.3925510876730398,0.11644187708225608,Low stress
BGD.3.8.1.4_1,Manikganj,Daulatpur,Charkatari,6.627526737778997,0.0014873476929061,0.9975792483148646,0.0018920951602672913,0.0027787780749741046,0.9975792483148646,0.251124222469064,Low stress
BGD.3.8.1.5_1,Manikganj,Daulatpur,Dhamsar,8.08475637396324,0.0247637260810607,0.7802308078273966,0.002650386721944684,0.046265509683390625,0.7802308078273966,0.21231078503481374,Low stress
BGD.3.8.1.6_1,Manikganj,Daulatpur,Jiyanpur,9.084231277434837,0.0227006811037373,0.4804060434372055,0.0031704786598189256,0.042411169384875345,0.4804060434372055,0.13621361160793533,Low stress
BGD.3.8.1.7_1,Manikganj,Daulatpur,Kalia,8.896060776438949,0.0210639481235582,0.395899053627761,0.0030725612832306908,0.0393532981543615,0.395899053627761,0.11397744227425904,Low stress
BGD.3.8.1.8_1,Manikganj,Daulatpur,Khalsi,8.86025569954723,0.0211836481465312,0.6131747483989026,0.0030539295679553307,0.03957693100160878,0.6131747483989026,0.16836718477747087,Low stress
BGD.3.8.2.1_1,Manikganj,Ghior,Baliakhora,8.926064823886497,0.0192764074332873,0.1830209481808163,0.003088174344776172,0.03601367628790768,0.1830209481808163,0.05959529348388223,Low stress
BGD.3.8.2.2_1,Manikganj,Ghior,Baniajuri,11.705783815417677,0.024819392598686,0.5009623315919725,0.004534643317663561,0.046369510179996166,0.5009623315919725,0.1432837687880572,Low stress
BGD.3.8.2.3_1,Manikganj,Ghior,Baratia,8.827367053564366,0.0222041074029646,0.2721088435374156,0.003036815461774301,0.04148343196416517,0.2721088435374156,0.08376113825652143,Low stress
BGD.3.8.2.4_1,Manikganj,Ghior,Ghior,9.65071615579412,0.0260386210321064,0.3848133848133857,0.003465257665413743,0.048647367102982314,0.3848133848133857,0.11461602775555572,Low stress
BGD.3.8.2.5_1,Manikganj,Ghior,Nali,6.922625325411555,0.0137553880256095,0.1185814554857778,0.002045654189886418,0.02569888052445995,0.1185814554857778,0.039458233730959996,Low stress
BGD.3.8.2.6_1,Manikganj,Ghior,Paila,7.598862761919213,0.0185074381397727,0.3042158516020243,0.0023975446051382222,0.03457702833844829,0.3042158516020243,0.08911494066101827,Low stress
BGD.3.8.2.7_1,Manikganj,Ghior,Singjuri,6.504058570056548,0.0240101718103722,0.68285840838624,0.0018278466249679005,0.04485766127263943,0.68285840838624,0.18714592219197096,Low stress
BGD.3.8.3.1_1,Manikganj,Harirampur,Azimnagar,4.462741111874615,0.0035048772528741,0.9660253660927636,0.0007656160987638646,0.006548082948064844,0.9660253660927636,0.24410441699451912,Low stress
BGD.3.8.3.2_1,Manikganj,Harirampur,Balara,9.933613151683998,0.0260177453965788,0.8301583042661657,0.0036124674115515553,0.048608365624994404,0.8301583042661657,0.22599749099991007,Low stress
BGD.3.8.3.3_1,Manikganj,Harirampur,Balla,6.895905860843544,0.0167765272340631,0.2088675213675216,0.002031750310901693,0.031343206618443066,0.2088675213675216,0.06399970278269615,Low stress
BGD.3.8.3.4_1,Manikganj,Harirampur,Boyra,7.892453092823262,0.0099290552979444,0.9832141746969228,0.002550318790473598,0.018550229578952415,0.9832141746969228,0.2533162515430535,Low stress
BGD.3.8.3.5_1,Manikganj,Harirampur,Chala,7.28547671145976,0.0210905490682702,0.7205862578996911,0.0022344694166366594,0.03940299609808498,0.7205862578996911,0.19483140087590717,Low stress
BGD.3.8.3.6_1,Manikganj,Harirampur,Dhulsunra,7.037570327297789,0.0073237651811242,0.974785250024496,0.0021054675664627805,0.013682824943105952,0.974785250024496,0.2493274882627962,Low stress
BGD.3.8.3.7_1,Manikganj,Harirampur,Gala,6.990683686445179,0.0235165259597758,0.1396620278330023,0.002081069391164184,0.04393539388823316,0.1396620278330023,0.05112532257559785,Low stress
BGD.3.8.3.8_1,Manikganj,Harirampur,Gopinathpur,6.277298802724501,0.0091753879461218,0.9884325015994884,0.0017098487378633866,0.01714216990127445,0.9884325015994884,0.2537918243604635,Low stress
BGD.3.8.3.9_1,Manikganj,Harirampur,Harukandi,7.01051043907994,0.0053526608730851,0.9068541300527224,0.002091386542864291,0.010000255318807725,0.9068541300527224,0.23105017649190904,Low stress
BGD.3.8.3.10_1,Manikganj,Harirampur,Kanchanpur,4.769623639775235,0.0023224152494007,0.9939086623357688,0.0009253070805796126,0.004338915915088327,0.9939086623357688,0.25036590898645494,Low stress
BGD.3.8.3.11_1,Manikganj,Harirampur,Lesraganj,4.219710888251632,0.0087594621519815,0.8939342797577664,0.0006391516327457049,0.01636510514157792,0.8939342797577664,0.22946701739209216,Low stress
BGD.3.8.3.12_1,Manikganj,Harirampur,Ramkrishnapur,5.891490165748641,0.0100484328174539,0.9816209281570728,0.0015090873571059185,0.01877325990026864,0.9816209281570728,0.2525795079472046,Low stress
BGD.3.8.3.13_1,Manikganj,Harirampur,Sutalari,5.22481083960916,0.00018764694466,0.9934723099599918,0.0011621706496746252,0.00035057654517772947,0.9934723099599918,0.24895564754068,Low stress
BGD.3.8.4.1_1,Manikganj,Manikganj Sadar,Atigram,8.465550960739074,0.0216347587157976,0.0361653272101034,0.002848538965568171,0.040419730681364424,0.0361653272101034,0.024327653127230665,Low stress
BGD.3.8.4.2_1,Manikganj,Manikganj Sadar,Betila Mitara,11.246788795447925,0.034418493722774,0.4672825250192461,0.004295798291558833,0.06430329383414475,0.4672825250192461,0.14104510341338572,Low stress
BGD.3.8.4.3_1,Manikganj,Manikganj Sadar,Bhararia,11.185275514960702,0.0237219081188772,0.7007903650733922,0.004263788922296555,0.04431910473366884,0.7007903650733922,0.19241479349405077,Low stress
BGD.3.8.4.4_1,Manikganj,Manikganj Sadar,Dighi,13.596498529493095,0.0258012499766447,0.2734177215189878,0.005518505419848671,0.04820389212554671,0.2734177215189878,0.08743319479162777,Low stress
BGD.3.8.4.5_1,Manikganj,Manikganj Sadar,Garpara,8.10115062482192,0.0307295680288499,0.3255319148936174,0.002658917719240835,0.057411357343856946,0.3255319148936174,0.1025405208814506,Low stress
BGD.3.8.4.6_1,Manikganj,Manikganj Sadar,Hati Para,8.594047899641854,0.0269388420296158,0.6143263757115757,0.0029154042982871067,0.05032922964423034,0.6143263757115757,0.17236298602268937,Low stress
BGD.3.8.4.7_1,Manikganj,Manikganj Sadar,Jaigir,19.94561425395311,0.0417248412788569,0.0877323420074351,0.00882236416552859,0.07795357782209024,0.0877323420074351,0.05274578340580179,Low stress
BGD.3.8.4.8_1,Manikganj,Manikganj Sadar,Krishnapur,8.816921076844316,0.0313454092473994,0.0101229211858279,0.0030313797392199386,0.05856191957213259,0.0101229211858279,0.024239954042391355,Low stress
BGD.3.8.4.9_1,Manikganj,Manikganj Sadar,Manikganj Paurashava,29.194940794422006,0.0721072976849822,0.6700000000000012,0.013635391634007519,0.1347164343672461,0.6700000000000012,0.22010490868213942,Low stress
BGD.3.8.4.10_1,Manikganj,Manikganj Sadar,Nabagram,13.664390998308193,0.0359397550825589,0.7283288650580886,0.005553834296592314,0.0671454320463714,0.7283288650580886,0.20780465119938907,Low stress
BGD.3.8.4.11_1,Manikganj,Manikganj Sadar,Putail,10.112717713680802,0.0276811381212065,0.6330251669234728,0.003705667189162261,0.05171604465345053,0.6330251669234728,0.1778391742352408,Low stress
BGD.3.8.5.1_1,Manikganj,Saturia,Baliati,9.769056370220849,0.0291502883806624,0.0497737556561086,0.003526837792374279,0.05446082487484044,0.0497737556561086,0.03291546273717101,Low stress
BGD.3.8.5.2_1,Manikganj,Saturia,Baraid,8.289274003273903,0.02281917198798,0.6270928462709295,0.0027568105748980378,0.04263254322556392,0.6270928462709295,0.17279732592663896,Low stress
BGD.3.8.5.3_1,Manikganj,Saturia,Daragram,8.363635495575581,0.0248166261260057,0.0525606469002696,0.002795505706211557,0.04636434164162031,0.0525606469002696,0.03048588358211913,Low stress
BGD.3.8.5.4_1,Manikganj,Saturia,Dhankora,17.465436629397985,0.0441462601489713,0.0113293051359516,0.007531766089932323,0.08247745996390174,0.0113293051359516,0.034712143707326434,Low stress
BGD.3.8.5.5_1,Manikganj,Saturia,Dighalia,8.233765083425133,0.0258310282043354,0.5217391304347833,0.002727925665839115,0.04825952611524069,0.5217391304347833,0.1484167870153657,Low stress
BGD.3.8.5.6_1,Manikganj,Saturia,Fukurhati,10.263413936439688,0.0270088483556282,0.0,0.003784084256216937,0.0504600208807116,0.0,0.019174641010735835,Low stress
BGD.3.8.5.7_1,Manikganj,Saturia,Hargaz,8.547933435375821,0.0255059484802954,0.1214285714285717,0.0028914079367968405,0.04765218701484783,0.1214285714285717,0.0481919714870584,Low stress
BGD.3.8.5.8_1,Manikganj,Saturia,Saturia,10.756738493922958,0.0381112730949236,0.0635514018691589,0.00404079317828315,0.07120243006435355,0.0635514018691589,0.042425018261126726,Low stress
BGD.3.8.5.9_1,Manikganj,Saturia,Tilli,8.126630474154386,0.0322860806819847,0.5859292222928597,0.002672176545620604,0.060319354750636676,0.5859292222928597,0.168662950354186,Low stress
BGD.3.8.6.1_1,Manikganj,Shibalaya,Arua,10.59410586158383,0.0095047923997185,0.9879946745018812,0.003956164819310804,0.017757588796142844,0.9879946745018812,0.2547962906318446,Low stress
BGD.3.8.6.2_1,Manikganj,Shibalaya,Mohadebpur,10.159318823220511,0.0188152987960887,0.3372881355932212,0.0037299167839078746,0.03515219744382844,0.3372881355932212,0.0981172697172084,Low stress
BGD.3.8.6.3_1,Manikganj,Shibalaya,Shibalaya,12.737235943532353,0.01767075637823,0.9580705756071356,0.005071375089789459,0.033013874715529835,0.9580705756071356,0.2531010500881351,Low stress
BGD.3.8.6.4_1,Manikganj,Shibalaya,Shimulia,6.149976466813064,0.0162479943159716,0.1963927855711427,0.0016435946276412623,0.03035576051441535,0.1963927855711427,0.06038015042388755,Low stress
BGD.3.8.6.5_1,Manikganj,Shibalaya,Teota,6.298563208078902,0.0080693215370045,0.9856675127143036,0.0017209139939794729,0.015075731030404105,0.9856675127143036,0.25238174963680915,Low stress
BGD.3.8.6.6_1,Manikganj,Shibalaya,Ulail,8.508080626154273,0.0166435000214343,0.1525119617224883,0.0028706699225597913,0.031094674884006735,0.1525119617224883,0.05015939460904835,Low stress
BGD.3.8.6.7_1,Manikganj,Shibalaya,Uthali,9.427912735731576,0.0189382335683484,0.5358435916002905,0.003349318523667569,0.0353818737000505,0.5358435916002905,0.14768428110455734,Low stress
BGD.3.8.7.1_1,Manikganj,Singair,Baldhara,8.38593604250007,0.0299376333736869,0.217336683417086,0.002807110134322085,0.055931803728333875,0.217336683417086,0.07503314621291719,Low stress
BGD.3.8.7.2_1,Manikganj,Singair,Boyra,9.202744135807912,0.0431034261658031,0.2984562607204122,0.0032321486246776475,0.08052915680514017,0.2984562607204122,0.10409212951177316,Low stress
BGD.3.8.7.3_1,Manikganj,Singair,Chandhar,12.812863634797,0.0306492935864799,0.7060065696855945,0.005110729106954038,0.057261382417683034,0.7060065696855945,0.1985874179103693,Low stress
BGD.3.8.7.4_1,Manikganj,Singair,Charigram,8.420764451348223,0.0394944482643459,0.5361635220125792,0.002825233625555326,0.07378658496839584,0.5361635220125792,0.16099627869230548,Low stress
BGD.3.8.7.5_1,Manikganj,Singair,Dhalla,18.40263186294684,0.0498189145229636,0.7136972193614838,0.008019449856167859,0.0930755519073912,0.7136972193614838,0.214208527950425,Low stress
BGD.3.8.7.6_1,Manikganj,Singair,Jamirta,19.3807855350823,0.0355943395997279,0.8241852487135511,0.008528446967663809,0.06650010010749437,0.8241852487135511,0.23273272600307635,Low stress
BGD.3.8.7.7_1,Manikganj,Singair,Jamsha,8.015964694344262,0.0321041719852933,0.6823781467595077,0.0026145899272093827,0.05997949884443258,0.6823781467595077,0.1926331972563121,Low stress
BGD.3.8.7.8_1,Manikganj,Singair,Joy Mantap,11.365647432210796,0.0376615918692941,0.3326446280991741,0.004357648187451541,0.07036230079500616,0.3326446280991741,0.1095310215780263,Low stress
BGD.3.8.7.9_1,Manikganj,Singair,Saista,9.242051819786246,0.0412932666922978,0.426282051282052,0.0032526029747194855,0.07714727677723954,0.426282051282052,0.13487310088243462,Low stress
BGD.3.8.7.10_1,Manikganj,Singair,Singair,8.537269602749175,0.0445534821054312,0.1277890466531443,0.0028858588496144663,0.08323826354039962,0.1277890466531443,0.062234997442271726,Low stress
BGD.3.8.7.11_1,Manikganj,Singair,Singair Paurashava,11.124620756554815,0.0601623606171618,0.0477941176470589,0.004232226298031516,0.11239997844418555,0.0477941176470589,0.05298141238644227,Low stress
BGD.3.8.7.12_1,Manikganj,Singair,Talibpur,7.843100197101716,0.0316093475749711,0.162621359223301,0.0025246372620166373,0.059055029583530504,0.162621359223301,0.06233445506486758,Low stress
BGD.3.9.1.1_1,Munshiganj,Gazaria,Baluakandi,22.25089202179324,0.0451606313746081,0.9662825193975336,0.010021950445734226,0.08437258679613337,0.9662825193975336,0.2751098154063238,Low stress
BGD.3.9.1.2_1,Munshiganj,Gazaria,Bausia,11.95775693924994,0.047786082460321,0.9399660912453744,0.0046657613575572686,0.08927765771444793,0.9399660912453744,0.2681050075544233,Low stress
BGD.3.9.1.3_1,Munshiganj,Gazaria,Bhaber Char,17.32495491137844,0.0799258729880598,0.7777777777777782,0.007458664295473145,0.14932370187661767,0.7777777777777782,0.24969120581944998,Low stress
BGD.3.9.1.4_1,Munshiganj,Gazaria,Gazaria,12.793685360995198,0.0231234206985098,0.9851831601968284,0.0051007494010584555,0.04320096421427535,0.9851831601968284,0.26345642728462687,Low stress
BGD.3.9.1.5_1,Munshiganj,Gazaria,Guagachhia,8.279317583013171,0.0205801244618201,0.9341236566912422,0.002751629600478662,0.03844938134338057,0.9341236566912422,0.24808884948318521,Low stress
BGD.3.9.1.6_1,Munshiganj,Gazaria,Hossaindi,20.908495074152757,0.028708541798052,0.9840867671245064,0.009323413816680542,0.05363551971969269,0.9840867671245064,0.26852348920969127,Low stress
BGD.3.9.1.7_1,Munshiganj,Gazaria,Imampur,9.9777049504421,0.0202453927183473,0.9841559518871836,0.0036354112483410633,0.03782400959325355,0.9841559518871836,0.26073155582877106,Low stress
BGD.3.9.1.8_1,Munshiganj,Gazaria,Tenger Char,16.177335763389372,0.047332847652879,0.9037372593431487,0.006861483251160728,0.08843088936852463,0.9037372593431487,0.2596297194152351,Low stress
BGD.3.9.2.1_1,Munshiganj,Lohajang,Baultali,9.7748421747738,0.0207522234173728,0.0059701492537313,0.0035298485236009004,0.03877090993195248,0.0059701492537313,0.016474295199056552,Low stress
BGD.3.9.2.2_1,Munshiganj,Lohajang,Bejgaon,10.731741903471995,0.0219767065426081,0.7636815920398012,0.0040277858229981565,0.0410585840768805,0.7636815920398012,0.20690201676605774,Low stress
BGD.3.9.2.3_1,Munshiganj,Lohajang,Gaodia,11.217776115773962,0.0086549503207467,0.9621748484255818,0.004280701103283125,0.01616984804964455,0.9621748484255818,0.24791543936508428,Low stress
BGD.3.9.2.4_1,Munshiganj,Lohajang,Haldia,20.235363995120952,0.0351005466682011,0.0979310344827587,0.008973139841695257,0.0655775579351104,0.0979310344827587,0.05102415983465641,Low stress
BGD.3.9.2.5_1,Munshiganj,Lohajang,Kalma,10.84254484243513,0.0077212573716388,0.9799124757873592,0.004085443814256699,0.014425450617817732,0.9799124757873592,0.2516612041887787,Low stress
BGD.3.9.2.6_1,Munshiganj,Lohajang,Kanaksar,10.799844218380407,0.022329290573993,0.0826010544815466,0.00406322389634188,0.041717308852984476,0.0826010544815466,0.03687661127746797,Low stress
BGD.3.9.2.7_1,Munshiganj,Lohajang,Khidir Para,13.643424713577652,0.0201490578343659,0.3289473684210531,0.005542924172068271,0.037644029307043775,0.3289473684210531,0.0976294220315559,Low stress
BGD.3.9.2.8_1,Munshiganj,Lohajang,Kumarbhog,43.12075003826476,0.0585635552177217,0.997968339964446,0.02088189786536986,0.10941296645545961,0.997968339964446,0.2961393823966703,Low stress
BGD.3.9.2.9_1,Munshiganj,Lohajang,Lohajang Teotia,16.413811527876394,0.0178665638795118,0.9984267271297024,0.006984537004871957,0.03337969744418464,0.9984267271297024,0.264083390689839,Low stress
BGD.3.9.2.10_1,Munshiganj,Lohajang,Medini Mandal,32.17767509096529,0.0286688628080795,0.986791735327671,0.015187502702594486,0.053561388359622285,0.986791735327671,0.27151942083882336,Low stress
BGD.3.9.3.1_1,Munshiganj,Munshiganj Sadar,Adhara,12.1211587551407,0.0176679232659658,0.9530570022115992,0.004750789972866777,0.033008581675925686,0.9530570022115992,0.2517175701286205,Low stress
BGD.3.9.3.2_1,Munshiganj,Munshiganj Sadar,Bajra Jogini,16.942482868520585,0.0291076969207704,0.116279069767442,0.007259639162113892,0.05438125221305227,0.116279069767442,0.05100706138127435,Low stress
BGD.3.9.3.3_1,Munshiganj,Munshiganj Sadar,Bangla Bazar,9.353773920604032,0.0068332990179635,0.9902843203230146,0.003310739265801811,0.012766498096862833,0.9902843203230146,0.2533636501209764,Low stress
BGD.3.9.3.4_1,Munshiganj,Munshiganj Sadar,Char Kewar,14.26969120486939,0.0233574168751255,0.9369905956112856,0.005868811447426834,0.043638133981847994,0.9369905956112856,0.25186852037543894,Low stress
BGD.3.9.3.5_1,Munshiganj,Munshiganj Sadar,Mahakali,14.49959708405789,0.0352117036262837,0.6265822784810129,0.005988446461593277,0.06578522996732852,0.6265822784810129,0.18206577869345553,Low stress
BGD.3.9.3.6_1,Munshiganj,Munshiganj Sadar,Mirkadim Paurashava,85.7176812463328,0.1508596981934112,0.9261363636363636,0.04304785763339263,0.28184776413508517,0.9261363636363636,0.3473999514097278,Moderate stress
BGD.3.9.3.7_1,Munshiganj,Munshiganj Sadar,Mollahkandi,12.606368196109663,0.0313309241706161,0.8440476190476195,0.005003276070868735,0.05853485743059587,0.8440476190476195,0.2335004152909609,Low stress
BGD.3.9.3.8_1,Munshiganj,Munshiganj Sadar,Munshiganj Paurashava,45.40700751355248,0.1174969085625235,0.8378607809847203,0.02207158664762116,0.2195168183929069,0.8378607809847203,0.29512471634274595,Low stress
BGD.3.9.3.9_1,Munshiganj,Munshiganj Sadar,Panchasar,81.50509392701268,0.1568439779093645,0.990911844895486,0.04085577387545171,0.2930280586610492,0.990911844895486,0.3666300913054194,Moderate stress
BGD.3.9.3.10_1,Munshiganj,Munshiganj Sadar,Rampal,37.89328215286084,0.0973826778187128,0.666666666666667,0.018161705599159195,0.18193785575192348,0.666666666666667,0.23760959841950363,Low stress
BGD.3.9.3.11_1,Munshiganj,Munshiganj Sadar,Silai,15.839426959808993,0.0173042283068687,0.9614438063986877,0.006685647275821624,0.032329098604725985,0.9614438063986877,0.2543503950216547,Low stress
BGD.3.9.4.1_1,Munshiganj,Serajdikhan,Balur Char,23.4876173198214,0.0528589841046653,0.9268141409964776,0.01066549922783513,0.09875524518981571,0.9268141409964776,0.27053407075668895,Low stress
BGD.3.9.4.2_1,Munshiganj,Serajdikhan,Basail,14.861823026985098,0.0293809701010414,0.7279387279387285,0.006176936229521391,0.054891802318745304,0.7279387279387285,0.20366758728805154,Low stress
BGD.3.9.4.3_1,Munshiganj,Serajdikhan,Bayaragadi,11.406616523382413,0.0217846274897711,0.7750309023485791,0.00437896707594627,0.04069972712417808,0.7750309023485791,0.2097542169109856,Low stress
BGD.3.9.4.4_1,Munshiganj,Serajdikhan,Chitrakot,13.029156922605027,0.0171023719422508,0.6020299145299151,0.005223280602558914,0.03195197492142754,0.6020299145299151,0.16377998209600197,Low stress
BGD.3.9.4.5_1,Munshiganj,Serajdikhan,Ichhapur,15.444538844738576,0.0357902263474214,0.5802469135802477,0.006480161250812776,0.06686607089042887,0.5802469135802477,0.17105691770703713,Low stress
BGD.3.9.4.6_1,Munshiganj,Serajdikhan,Jainsar,10.911014437783512,0.0229997402246887,0.0303030303030303,0.004121073007552614,0.0429698947806818,0.0303030303030303,0.024263649952017248,Low stress
BGD.3.9.4.7_1,Munshiganj,Serajdikhan,Kayain,16.189509061872098,0.0306269253625662,0.3273415326395466,0.00686781781181474,0.05721959237055151,0.3273415326395466,0.10460936761430556,Low stress
BGD.3.9.4.8_1,Munshiganj,Serajdikhan,Kola,11.333556792470215,0.0281550607801441,0.0133333333333333,0.004340949335932277,0.05260146364469939,0.0133333333333333,0.023480225343351018,Low stress
BGD.3.9.4.9_1,Munshiganj,Serajdikhan,Latabdi,15.876210966442732,0.032468388737566,0.3680456490727539,0.0067047883920482235,0.06065995677002776,0.3680456490727539,0.11592431249451748,Low stress
BGD.3.9.4.10_1,Munshiganj,Serajdikhan,Madhyapara,13.869016942955348,0.0340863661402864,0.3795620437956207,0.005660314513075219,0.06368278737912249,0.3795620437956207,0.11944361233682813,Low stress
BGD.3.9.4.11_1,Munshiganj,Serajdikhan,Malkhanagar,13.938835715429724,0.0394454305230094,0.926739926739927,0.0056966457711689145,0.07369500623024318,0.926739926739927,0.2597568921740344,Low stress
BGD.3.9.4.12_1,Munshiganj,Serajdikhan,Rajanagar,12.680082901969069,0.0305388534161915,0.3299398426654332,0.005041634637038913,0.0570550495438987,0.3299398426654332,0.10447088186153841,Low stress
BGD.3.9.4.13_1,Munshiganj,Serajdikhan,Rasunia,13.850066529876283,0.0285964859364779,0.5994020926756354,0.005650453377965599,0.05342616828640002,0.5994020926756354,0.17080986342033508,Low stress
BGD.3.9.4.14_1,Munshiganj,Serajdikhan,Sekharnagar,9.316640022730612,0.0263990493543531,0.2970779220779226,0.0032914160783573546,0.049320747190392755,0.2970779220779226,0.09284830846746106,Low stress
BGD.3.9.5.1_1,Munshiganj,Sreenagar,Atpara,13.260538796259056,0.0265457198118388,0.0092592592592592,0.00534368367285083,0.04959476829080631,0.0092592592592592,0.021810457185737337,Low stress
BGD.3.9.5.2_1,Munshiganj,Sreenagar,Baghra,16.60904030361657,0.0207803156549954,0.9760394644115574,0.007086127261866749,0.03882339402451198,0.9760394644115574,0.2604325049162152,Low stress
BGD.3.9.5.3_1,Munshiganj,Sreenagar,Baraikhali,8.025819374289778,0.0129983286812678,0.3010563380281695,0.002619717959511336,0.024284483663830406,0.3010563380281695,0.08481154097318755,Low stress
BGD.3.9.5.4_1,Munshiganj,Sreenagar,Bhagyakul,21.33054175225072,0.0269455538733282,0.9984103406040704,0.00954303221222297,0.050341769230125163,0.9984103406040704,0.2710394172664506,Low stress
BGD.3.9.5.5_1,Munshiganj,Sreenagar,Birtara,11.691638375418265,0.0223057075103074,0.0135746606334841,0.004527282523234582,0.04167324914816709,0.0135746606334841,0.01979021536952334,Low stress
BGD.3.9.5.6_1,Munshiganj,Sreenagar,Hasara,10.29443782161414,0.0241298615476834,0.4669665448411588,0.0038002280058045696,0.04508127490341727,0.4669665448411588,0.13404017362880757,Low stress
BGD.3.9.5.7_1,Munshiganj,Sreenagar,Kola Para,17.684767835199153,0.0290592985744801,0.1787538304392239,0.0076458984122799905,0.05429083067666375,0.1787538304392239,0.06674860771155028,Low stress
BGD.3.9.5.8_1,Munshiganj,Sreenagar,Kukutia,12.09251862743606,0.0168340472275208,0.066454013822435,0.004735886647663581,0.031450669922050714,0.066454013822435,0.02951559258739193,Low stress
BGD.3.9.5.9_1,Munshiganj,Sreenagar,Patabhog,26.534995947987134,0.0498021428376198,0.0723684210526316,0.012251248955671395,0.09304421774676688,0.0723684210526316,0.055558081056794856,Low stress
BGD.3.9.5.10_1,Munshiganj,Sreenagar,Rarikhal,14.015446273574565,0.0392798965941731,0.3338829348722182,0.005736511238034347,0.07338574293269108,0.3338829348722182,0.11145034823971017,Low stress
BGD.3.9.5.11_1,Munshiganj,Sreenagar,Sholaghar,12.276515550610664,0.0276363754868452,0.4193292843939801,0.004831632239678335,0.05163241563547812,0.4193292843939801,0.1248363194667837,Low stress
BGD.3.9.5.12_1,Munshiganj,Sreenagar,Shyamsiddhi,10.58059659770807,0.0129413691659378,0.6417994641094348,0.003949135068784808,0.024178067488839806,0.6417994641094348,0.17049184367596654,Low stress
BGD.3.9.5.13_1,Munshiganj,Sreenagar,Sreenagar,19.394115066071745,0.0467006844448654,0.433597185576078,0.008535383191454096,0.08724983313627188,0.433597185576078,0.1423508912682963,Low stress
BGD.3.9.5.14_1,Munshiganj,Sreenagar,Tantar,13.018833044934713,0.0232580988983978,0.0178571428571428,0.005217908416098523,0.04345258045088948,0.0178571428571428,0.02175985223853643,Low stress
BGD.3.9.6.1_1,Munshiganj,Tongibari,Abdullahpur,45.13922657966613,0.05278096875,0.9095477386934676,0.021932242773806038,0.09860949086613656,0.9095477386934676,0.2706731535860371,Low stress
BGD.3.9.6.2_1,Munshiganj,Tongibari,Arial,15.929775944778257,0.0278016716467234,0.4922360248447212,0.0067326617416320405,0.05194123471466028,0.4922360248447212,0.1439315030579642,Low stress
BGD.3.9.6.3_1,Munshiganj,Tongibari,Autshahi,15.535683093015962,0.0305243025510965,0.7856173677069206,0.006527589543957531,0.057027864491546294,0.7856173677069206,0.21897513031635435,Low stress
BGD.3.9.6.4_1,Munshiganj,Tongibari,Betka,19.579751603691108,0.031630062936889,0.9401408450704224,0.00863198198173424,0.05909373162595619,0.9401408450704224,0.259170810129384,Low stress
BGD.3.9.6.5_1,Munshiganj,Tongibari,Dhipur,16.216616223793572,0.0256580133842392,0.0935251798561152,0.0068819234350025165,0.04793628643764416,0.0935251798561152,0.04291176459120526,Low stress
BGD.3.9.6.6_1,Munshiganj,Tongibari,Dighir Para,14.337128827103548,0.0093733203474262,0.9642407454041804,0.005903903637847594,0.017511962532610694,0.9642407454041804,0.24955093469259787,Low stress
BGD.3.9.6.7_1,Munshiganj,Tongibari,Hasail Banari,9.486966761221602,0.0055057756039867,0.9495284440807884,0.003380048182260998,0.010286316109579252,0.9495284440807884,0.24233434093145423,Low stress
BGD.3.9.6.8_1,Munshiganj,Tongibari,Jashalong,12.12529850284191,0.0247998594716132,0.2317073170731708,0.004752944153423742,0.04633301688020859,0.2317073170731708,0.0760445628377352,Low stress
BGD.3.9.6.9_1,Munshiganj,Tongibari,Kamarkhara,13.449004274739016,0.0176533661776673,0.9693426042983566,0.0054417545454506075,0.03298138499690285,0.9693426042983566,0.2560558376416854,Low stress
BGD.3.9.6.10_1,Munshiganj,Tongibari,Kathadia Shimulia,13.399710595330644,0.0170542186189544,0.1463414634146343,0.0054161038311011,0.031862011155960074,0.1463414634146343,0.04990351129068504,Low stress
BGD.3.9.6.11_1,Munshiganj,Tongibari,Panchgaon,10.540944251120992,0.0135854003223121,0.8996856993190152,0.003928501368322593,0.025381296340754332,0.8996856993190152,0.23537627909634684,Low stress
BGD.3.9.6.12_1,Munshiganj,Tongibari,Sonarang Tongibari,26.61787691713342,0.0378459963896589,0.1826086956521742,0.012294377326085163,0.07070681959216421,0.1826086956521742,0.07531731170073508,Low stress
BGD.3.11.1.1_1,Narayanganj,Araihazar,Araihazar,28.87067247247417,0.0541851920407218,0.2130177514792902,0.013466653690346013,0.10123296949943558,0.2130177514792902,0.0940726386707634,Low stress
BGD.3.11.1.2_1,Narayanganj,Araihazar,Bishnandi,26.111132665490334,0.0319403857698721,0.9878271058455922,0.012030685262454297,0.05967350076034898,0.9878271058455922,0.2726547758325019,Low stress
BGD.3.11.1.3_1,Narayanganj,Araihazar,Brahmandi,26.76433519461616,0.0450824666727837,0.1273885350318474,0.012370589113984132,0.08422655345053269,0.1273885350318474,0.06627466311124194,Low stress
BGD.3.11.1.4_1,Narayanganj,Araihazar,Duptara,34.29622710873933,0.0579820274826386,0.5952380952380958,0.016289923404289273,0.10832651133272976,0.5952380952380958,0.19323977213769505,Low stress
BGD.3.11.1.5_1,Narayanganj,Araihazar,Fatehpur,28.29246516382262,0.0585019669367302,0.4079601990049756,0.01316577474020419,0.10929790246221126,0.4079601990049756,0.14551062550909952,Low stress
BGD.3.11.1.6_1,Narayanganj,Araihazar,Haizadi,15.049527036110012,0.02475358481248,0.1996466431095407,0.006274610859983301,0.04624656298053232,0.1996466431095407,0.0686078021645648,Low stress
BGD.3.11.1.7_1,Narayanganj,Araihazar,Kala Paharia,15.140358666514226,0.0240593382541271,0.973697270471462,0.006321876477672266,0.04494951782815916,0.973697270471462,0.2616853994487901,Low stress
BGD.3.11.1.8_1,Narayanganj,Araihazar,Khagakanda,17.070858545495494,0.0356618265560355,0.9754081838339044,0.007326441394347925,0.06662618446250343,0.9754081838339044,0.27010178707809146,Low stress
BGD.3.11.1.9_1,Narayanganj,Araihazar,Mahmudpur,18.413781520309644,0.0448212064371736,0.73524720893142,0.008025251749626426,0.08373844685781164,0.73524720893142,0.21633035933293965,Low stress
BGD.3.11.1.10_1,Narayanganj,Araihazar,Sadasardi,32.48464710258492,0.0580425667970933,0.5412844036697254,0.015347240248621772,0.10843961556550803,0.5412844036697254,0.17941386246480787,Low stress
BGD.3.11.1.11_1,Narayanganj,Araihazar,Satgram,25.923716936885583,0.0471111891978228,0.3179396092362351,0.011933160643137103,0.08801676988726242,0.3179396092362351,0.11506403602685547,Low stress
BGD.3.11.1.12_1,Narayanganj,Araihazar,Uchitpur,17.20522457733608,0.0508234317693183,0.1502145922746781,0.007396360798668844,0.09495226877286726,0.1502145922746781,0.0737454864586406,Low stress
BGD.3.11.2.1_1,Narayanganj,Bandar,Bandar,39.54195977508454,0.1069358382689263,0.8025477707006373,0.01901962002651889,0.19978580948350527,0.8025477707006373,0.27816982400499374,Low stress
BGD.3.11.2.2_1,Narayanganj,Bandar,Dhamgar,55.709124505816334,0.1217385662392228,0.040506329113924,0.02743244960886501,0.2274414115527806,0.040506329113924,0.10070405616550021,Low stress
BGD.3.11.2.3_1,Narayanganj,Bandar,Kadam Rasul Paurashava,101.9751868252928,0.1811192499148522,0.9738461538461538,0.051507697447472446,0.338381000635956,0.9738461538461538,0.38249796766311206,Moderate stress
BGD.3.11.2.4_1,Narayanganj,Bandar,Kalagachhia,48.12057873193451,0.0859073838557641,0.9828557126767612,0.023483634622638853,0.16049882342598454,0.9828557126767612,0.31128197021734044,Low stress
BGD.3.11.2.5_1,Narayanganj,Bandar,Madanpur,70.88492090108937,0.1289959130995913,0.0493827160493827,0.035329405629058654,0.2410001486485239,0.0493827160493827,0.1108274932909525,Low stress
BGD.3.11.2.6_1,Narayanganj,Bandar,Musapur,33.85574454125359,0.0856764384971692,0.430992736077482,0.016060711613850365,0.16006735343276013,0.430992736077482,0.1701960423663767,Low stress
BGD.3.11.3.1_1,Narayanganj,Narayanganj Sadar,Alir Tek,37.23172871228819,0.0342360472075264,0.985522430707684,0.01781745622409264,0.06396243313368882,0.985522430707684,0.27589444176334915,Low stress
BGD.3.11.3.2_1,Narayanganj,Narayanganj Sadar,Baktaballi,28.84643052506112,0.0491037128325508,0.9454915494204056,0.013454039025021146,0.09173935675545575,0.9454915494204056,0.27386327782951936,Low stress
BGD.3.11.3.3_1,Narayanganj,Narayanganj Sadar,Enayetnagar,223.13957794967345,0.3471370904227653,0.9438377535101404,0.1145574276231361,0.6485483794258873,0.9438377535101404,0.50877434222585,Moderate stress
BGD.3.11.3.4_1,Narayanganj,Narayanganj Sadar,Fatullah(part),250.6505145926101,0.342602857740711,0.990709773318469,0.1288731611164554,0.6400771749968103,0.990709773318469,0.523253719025083,Moderate stress
BGD.3.11.3.5_1,Narayanganj,Narayanganj Sadar,Gognagar,90.07944387615564,0.1668072319937113,0.9937952430196484,0.04531756702860855,0.31164218105961533,0.9937952430196484,0.3756506009372209,Moderate stress
BGD.3.11.3.6_1,Narayanganj,Narayanganj Sadar,Kashipur,129.1431225645976,0.2271650643776823,0.9375743162901308,0.06564494521389366,0.4244073549873294,0.9375743162901308,0.40919413140365546,Moderate stress
BGD.3.11.3.7_1,Narayanganj,Narayanganj Sadar,Kutubpur,196.3829999719833,0.2886520214575429,0.974514563106796,0.10063423611230936,0.5392820470618859,0.974514563106796,0.4726310516932828,Moderate stress
BGD.3.11.3.8_1,Narayanganj,Narayanganj Sadar,Narayanganj Paurashava,199.04025781960397,0.3033657834643024,0.9904109589041096,0.10201698057002434,0.5667714360324523,0.9904109589041096,0.4867795345653954,Moderate stress
BGD.3.11.3.9_1,Narayanganj,Narayanganj Sadar,Siddirganj Paurashava,176.09540686045534,0.2720778413701047,0.8453608247422685,0.0900772790746397,0.5083168810436716,0.8453608247422685,0.42528202618070804,Moderate stress
BGD.3.11.4.1_1,Narayanganj,Rupganj,Bholaba,14.1964171041966,0.040162896562682,0.8174061433447098,0.00583068215685382,0.07503543181471785,0.8174061433447098,0.23294620983407024,Low stress
BGD.3.11.4.2_1,Narayanganj,Rupganj,Bulta,38.21679570681573,0.1235222290193945,0.8805970149253735,0.018330050787838326,0.23077378840745152,0.8805970149253735,0.3082520999890867,Low stress
BGD.3.11.4.3_1,Narayanganj,Rupganj,Daudpur,13.2960861619134,0.0335391858247087,0.907374735356387,0.005362181284171811,0.06266050276387301,0.907374735356387,0.25091973232012105,Low stress
BGD.3.11.4.4_1,Narayanganj,Rupganj,Golakandail,34.049136597512025,0.1008949518471738,0.3989726027397265,0.016161346105981755,0.1884997579286222,0.3989726027397265,0.1721826044023421,Low stress
BGD.3.11.4.5_1,Narayanganj,Rupganj,Kanchan Paurashava,20.4657906813958,0.0478470513185504,0.7743636089772562,0.009093045865734839,0.08939156445415117,0.7743636089772562,0.2285151681495609,Low stress
BGD.3.11.4.6_1,Narayanganj,Rupganj,Kayet Para,29.05348283244277,0.0344762337751292,0.9434857635892996,0.013561781836184705,0.06441116826881643,0.9434857635892996,0.26384006252588454,Low stress
BGD.3.11.4.7_1,Narayanganj,Rupganj,Mura Para,34.27762011845237,0.0944789315689518,0.9400179051029546,0.01628024097444262,0.17651285226914096,0.9400179051029546,0.303296070959715,Low stress
BGD.3.11.4.8_1,Narayanganj,Rupganj,Rupganj,18.72148774283335,0.0364181459259259,0.8851370311476947,0.008185371353442836,0.06803919884559183,0.8851370311476947,0.24837212592425795,Low stress
BGD.3.11.4.9_1,Narayanganj,Rupganj,Tarabo Paurashava,75.64399853501733,0.1827712957752349,0.8583682425693202,0.037805863917832375,0.3414674805744253,0.8583682425693202,0.3492280244105118,Moderate stress
BGD.3.11.5.1_1,Narayanganj,Sonargaon,Baidyer Bazar,26.697352509605565,0.0619655439423386,0.9725497420781134,0.012335733657053522,0.11576882509185135,0.9725497420781134,0.28859081776449774,Low stress
BGD.3.11.5.2_1,Narayanganj,Sonargaon,Baradi,15.14983949514764,0.0399422434565849,0.9609296415903436,0.0063268099707689705,0.07462319060419124,0.9609296415903436,0.2688812510973604,Low stress
BGD.3.11.5.3_1,Narayanganj,Sonargaon,Jampur,18.338880652836863,0.0380412276683463,0.1937500000000003,0.007986275946255004,0.07107156577717069,0.1937500000000003,0.07650705840051182,Low stress
BGD.3.11.5.4_1,Narayanganj,Sonargaon,Kachpur,74.85662199313069,0.1429270410488309,0.8907334741925748,0.03739614058202459,0.2670273600999151,0.8907334741925748,0.3311014008159238,Moderate stress
BGD.3.11.5.5_1,Narayanganj,Sonargaon,Mugra Para,29.5469384458805,0.0597409369273797,0.62898376428142,0.013818558955206226,0.11161264209033468,0.62898376428142,0.2018377893840546,Low stress
BGD.3.11.5.6_1,Narayanganj,Sonargaon,Noagaon,13.31615521885042,0.0415411588454657,0.0072886297376093,0.005372624522593734,0.07761040808370305,0.0072886297376093,0.031134850072735885,Low stress
BGD.3.11.5.7_1,Narayanganj,Sonargaon,Pirijpur,51.24703918302399,0.0943915390847337,0.9572553057225396,0.025110535777481624,0.1763495788662769,0.9572553057225396,0.31108039334482446,Low stress
BGD.3.11.5.8_1,Narayanganj,Sonargaon,Sadipur,26.063469895227023,0.0394214726275625,0.141304347826087,0.012005883216435335,0.07365024623571877,0.141304347826087,0.06590602642559745,Low stress
BGD.3.11.5.9_1,Narayanganj,Sonargaon,Sanmandi,20.84209186434724,0.0545369459962756,0.5244988864142545,0.009288859898469224,0.10189014346362717,0.5244988864142545,0.1705018157752208,Low stress
BGD.3.11.5.10_1,Narayanganj,Sonargaon,Shambhupura,21.85115963013928,0.0385909941023934,0.9549859614165376,0.009813943627869866,0.07209868197910052,0.9549859614165376,0.2679066064979675,Low stress
BGD.3.11.5.11_1,Narayanganj,Sonargaon,Sonargaon Paurashava,43.23732972729163,0.1075832963880558,0.4498567335243557,0.020942561876214114,0.20099544085247303,0.4498567335243557,0.19118961242994012,Low stress
BGD.3.12.1.1_1,Narsingdi,Belabo,Amlaba,13.910017190585975,0.013881775983093,0.6243386243386246,0.005681649614306345,0.025935008288580592,0.6243386243386246,0.1674345688313819,Low stress
BGD.3.12.1.2_1,Narsingdi,Belabo,Bajnaba,12.805425838073177,0.0135099386786995,0.6793721973094177,0.005106858736524353,0.025240313057711423,0.6793721973094177,0.18071990239216315,Low stress
BGD.3.12.1.3_1,Narsingdi,Belabo,Belabo,17.30518944320513,0.0340508590086339,0.5345545378850963,0.0074483790340728415,0.06361645020765158,0.5345545378850963,0.15888374365758126,Low stress
BGD.3.12.1.4_1,Narsingdi,Belabo,Binyabaid,13.27800485335823,0.0178716146467634,0.7434554973822002,0.005352772400794052,0.03338913367847437,0.7434554973822002,0.1996911800933337,Low stress
BGD.3.12.1.5_1,Narsingdi,Belabo,Char Ujilaba,17.893468088709692,0.0278513790796223,0.8799171842650105,0.007754498757227247,0.05203410198796934,0.8799171842650105,0.2412930312649328,Low stress
BGD.3.12.1.6_1,Narsingdi,Belabo,Narayanpur,17.40447151004263,0.0193425560350197,0.2724719101123596,0.007500041964636003,0.03613726022531577,0.2724719101123596,0.08376603539280482,Low stress
BGD.3.12.1.7_1,Narsingdi,Belabo,Patuli,13.094668462393871,0.0116736654325839,0.8144329896907219,0.005257370526741661,0.021809645258712998,0.8144329896907219,0.2133445714739267,Low stress
BGD.3.12.1.8_1,Narsingdi,Belabo,Sallabad,21.689761841211933,0.0301524698166641,0.8180055401662053,0.009729957838411546,0.056333177798632145,0.8180055401662053,0.2281099804064372,Low stress
BGD.3.12.2.1_1,Narsingdi,Manohardi,Bara Chapa,10.546443259794614,0.0171451421508034,0.7006880733944958,0.003931362860959894,0.03203188153529791,0.7006880733944958,0.18795572203036218,Low stress
BGD.3.12.2.2_1,Narsingdi,Manohardi,Chalak Char,13.360555246268222,0.0203454359007226,0.0240384615384615,0.005395728750845174,0.03801091800953108,0.0240384615384615,0.021471728188289324,Low stress
BGD.3.12.2.3_1,Narsingdi,Manohardi,Chandanbari,15.63414249823722,0.0247080741314033,0.0,0.006578824390060822,0.04616153640379022,0.0,0.018788067497350902,Low stress
BGD.3.12.2.4_1,Narsingdi,Manohardi,Char Mandalia,12.61805529178212,0.0181678468718466,0.8191365227537926,0.005009357628509949,0.0339425776486288,0.8191365227537926,0.2186677759168722,Low stress
BGD.3.12.2.5_1,Narsingdi,Manohardi,Daulatpur,13.565579681223966,0.0234812809306999,0.8931888544891643,0.0055024163278091665,0.04386954639708159,0.8931888544891643,0.2408525213923933,Low stress
BGD.3.12.2.6_1,Narsingdi,Manohardi,Ekduaria,14.318502629121038,0.0188315593248115,0.486928104575164,0.005894211212984993,0.03518257662209181,0.486928104575164,0.13640361244671712,Low stress
BGD.3.12.2.7_1,Narsingdi,Manohardi,Gotashia,10.274097512610336,0.0163911804434152,0.2745411013567441,0.0037896436172521358,0.030623271919770274,0.2745411013567441,0.08086927795800647,Low stress
BGD.3.12.2.8_1,Narsingdi,Manohardi,Kanchikata,10.92077008507997,0.0180736270651228,0.1843971631205676,0.004126149506712332,0.033766548913450656,0.1843971631205676,0.05956804270253456,Low stress
BGD.3.12.2.9_1,Narsingdi,Manohardi,Khidirpur,12.95705569191314,0.0186888740211025,0.5021276595744688,0.005185761632684423,0.034916000894399724,0.5021276595744688,0.1398268198597309,Low stress
BGD.3.12.2.10_1,Narsingdi,Manohardi,Lebutala,12.48764917030305,0.0245867550007151,0.5520581113801459,0.0049414988236563834,0.04593487861419658,0.5520581113801459,0.15606833488946784,Low stress
BGD.3.12.2.11_1,Narsingdi,Manohardi,Manohardi Paurashava,20.158163547963262,0.0446543841692255,0.0657894736842105,0.008932967417127577,0.0834267765854183,0.0657894736842105,0.049219927192800064,Low stress
BGD.3.12.2.12_1,Narsingdi,Manohardi,Shukundi,14.219679811126708,0.0173042963396136,0.3409669211195931,0.005842787259528691,0.03232922570876549,0.3409669211195931,0.09889407418177767,Low stress
BGD.3.12.3.1_1,Narsingdi,Narsingdi Sadar,Alokbali,16.44304232954727,0.0182751657786806,0.9720939929118138,0.006999747696239813,0.03414307913645363,0.9720939929118138,0.2577734750042081,Low stress
BGD.3.12.3.2_1,Narsingdi,Narsingdi Sadar,Amdia,18.52985697761098,0.0204074996568376,0.6376912378303212,0.00808565337583815,0.03812687032220515,0.6376912378303212,0.17600147542068736,Low stress
BGD.3.12.3.3_1,Narsingdi,Narsingdi Sadar,Char Dighaldi,14.611826066369725,0.0135604443856049,0.9785222510476942,0.006046846516155401,0.025334671728302813,0.9785222510476942,0.2559164364732917,Low stress
BGD.3.12.3.4_1,Narsingdi,Narsingdi Sadar,Chinishpur,72.5125661128499,0.1464196314282958,0.4458874458874459,0.03617637552236555,0.27355248776011937,0.4458874458874459,0.22168578239684947,Low stress
BGD.3.12.3.5_1,Narsingdi,Narsingdi Sadar,Hajipur,37.70180583324965,0.0507723022569801,0.9570571518787496,0.018062067989672744,0.09485674466068614,0.9570571518787496,0.27968897579679664,Low stress
BGD.3.12.3.6_1,Narsingdi,Narsingdi Sadar,Kanthalia,17.829640921893073,0.0380559397602298,0.04296875,0.0077212853220890824,0.07109905204588773,0.04296875,0.03871536984489634,Low stress
BGD.3.12.3.7_1,Narsingdi,Narsingdi Sadar,Karimpur,20.790107166372557,0.025953616176653,0.96426622029766,0.00926180887175955,0.048488554452969915,0.96426622029766,0.2617422726816583,Low stress
BGD.3.12.3.8_1,Narsingdi,Narsingdi Sadar,Madhabdi Paurashava,75.38286868401889,0.191817164723032,0.0370370370370371,0.03766998103596024,0.35836767305874884,0.0370370370370371,0.14975593724420544,Low stress
BGD.3.12.3.9_1,Narsingdi,Narsingdi Sadar,Mahishasura,34.6433575135284,0.0568963865399703,0.7255067567567576,0.0164705579797996,0.1062982328991333,0.7255067567567576,0.2251692938958059,Low stress
BGD.3.12.3.10_1,Narsingdi,Narsingdi Sadar,Meher Para,48.18603299790895,0.0833827098274859,0.6401709401709406,0.023517694743522874,0.15578203200613264,0.6401709401709406,0.22397352414229071,Low stress
BGD.3.12.3.11_1,Narsingdi,Narsingdi Sadar,Narsingdi Paurashava,123.84464411822002,0.2042800069792367,0.9227099236641224,0.06288780152435255,0.381651719538652,0.9227099236641224,0.38941070336429984,Moderate stress
BGD.3.12.3.12_1,Narsingdi,Narsingdi Sadar,Nazarpur,22.81322739793508,0.0209689767352624,0.976399893387608,0.010314570194861483,0.03917586525632097,0.976399893387608,0.26193735426455894,Low stress
BGD.3.12.3.13_1,Narsingdi,Narsingdi Sadar,Nuralla Pur U/C,24.763961591642797,0.0629316751103121,0.4597156398104271,0.01132966434435838,0.11757382611475836,0.4597156398104271,0.16061161483051556,Low stress
BGD.3.12.3.14_1,Narsingdi,Narsingdi Sadar,Paikar Char,28.26551488750769,0.0455257361150987,0.8336653386454189,0.013151750754823274,0.08505470373004415,0.8336653386454189,0.2434461812687995,Low stress
BGD.3.12.3.15_1,Narsingdi,Narsingdi Sadar,Panchdona,36.65124121021551,0.0535809904019095,0.7145899893503732,0.017515390740691198,0.10010415323488442,0.7145899893503732,0.22069010726607932,Low stress
BGD.3.12.3.16_1,Narsingdi,Narsingdi Sadar,Silmandi,55.51288739849786,0.0792895128107074,0.3058823529411767,0.027330334651227157,0.14813480454141664,0.3058823529411767,0.13924990368528087,Low stress
BGD.3.12.4.1_1,Narsingdi,Palash,Char Sindur,18.93459779012868,0.0364927950748356,0.9688664766498578,0.008296266401525901,0.06817866416314676,0.9688664766498578,0.2693976581801762,Low stress
BGD.3.12.4.2_1,Narsingdi,Palash,Danga,23.190119694555086,0.0459335961960687,0.8525311812179022,0.01051069182256631,0.08581669950014023,0.8525311812179022,0.24737291685855115,Low stress
BGD.3.12.4.3_1,Narsingdi,Palash,Gazaria,15.557014809566352,0.0264346151440277,0.3218390804597704,0.006538689826476222,0.04938719395132048,0.3218390804597704,0.10036076392849524,Low stress
BGD.3.12.4.4_1,Narsingdi,Palash,Ghorashal Paurashava,36.25757371731546,0.071854459199189,0.9176658673061552,0.01731053988495753,0.13424406193934457,0.9176658673061552,0.2833261044592924,Low stress
BGD.3.12.4.5_1,Narsingdi,Palash,Jinardi,14.646731647810595,0.0192407020819189,0.331436699857753,0.00606501016531873,0.03594696878702206,0.331436699857753,0.09786661810602346,Low stress
BGD.3.12.5.1_1,Narsingdi,Roypura,Adiabad,15.168530854725075,0.020677619911326,0.8934796642995483,0.006336536303456631,0.0386315298879266,0.8934796642995483,0.23942556605704404,Low stress
BGD.3.12.5.2_1,Narsingdi,Roypura,Alipura,19.470573014797967,0.0154543242099322,0.2272727272727275,0.008575169245691966,0.028872964595247647,0.2272727272727275,0.07035378712479534,Low stress
BGD.3.12.5.3_1,Narsingdi,Roypura,Amirganj,26.166245580142352,0.0160207034503271,0.930173508252222,0.012059364104197801,0.029931118127764805,0.930173508252222,0.2478430140494523,Low stress
BGD.3.12.5.4_1,Narsingdi,Roypura,Banshgari,17.564724761091483,0.017426160746558,0.974979602937177,0.0075834321764353665,0.03255690222566327,0.974979602937177,0.25817318938385053,Low stress
BGD.3.12.5.5_1,Narsingdi,Roypura,Chanderkandi,19.668758081736712,0.0307184762613422,0.6567028985507251,0.008678297853687912,0.0573906348453382,0.6567028985507251,0.1877337659750248,Low stress
BGD.3.12.5.6_1,Narsingdi,Roypura,Chandpur,17.4645543810119,0.0138254757800087,0.9860461380930384,0.0075313069985922495,0.025829823891755685,0.9860461380930384,0.258564495684811,Low stress
BGD.3.12.5.7_1,Narsingdi,Roypura,Char Aralia,18.6367817574876,0.0189959216708121,0.982750242954324,0.008141293308146254,0.035489651077914165,0.982750242954324,0.2613654559391095,Low stress
BGD.3.12.5.8_1,Narsingdi,Roypura,Char Madhua,16.766987757197104,0.014258977497039,0.9771806720292076,0.007168317616951874,0.026639725350905273,0.9771806720292076,0.2564863989268995,Low stress
BGD.3.12.5.9_1,Narsingdi,Roypura,Char Subuddi,19.5469225548796,0.0185371146929532,0.9515853177213524,0.008614898887846,0.03463247237195309,0.9515853177213524,0.2534636543156601,Low stress
BGD.3.12.5.10_1,Narsingdi,Roypura,Daukar Char,28.028273619002785,0.0182985493276784,0.8405253283302067,0.013028298659476124,0.034186766092489586,0.8405253283302067,0.22730801967871347,Low stress
BGD.3.12.5.11_1,Narsingdi,Roypura,Hairmara,19.2826741817531,0.0173136322580645,0.901605599011939,0.008477393235645917,0.03234666779418024,0.901605599011939,0.24011369077520622,Low stress
BGD.3.12.5.12_1,Narsingdi,Roypura,Maheshpur,21.531108134608075,0.0305013058728729,0.9028108623153884,0.009647399973844938,0.05698490031743303,0.9028108623153884,0.24950639067948666,Low stress
BGD.3.12.5.13_1,Narsingdi,Roypura,Marjal,22.71761053008884,0.0269359056300642,0.8193779904306223,0.010264814506230499,0.05032374363532181,0.8193779904306223,0.22656373368251043,Low stress
BGD.3.12.5.14_1,Narsingdi,Roypura,Mirzanagar,21.46784928915508,0.0219704894580079,0.4043321299638991,0.009614482273355351,0.04104696883825157,0.4043321299638991,0.11929526449370496,Low stress
BGD.3.12.5.15_1,Narsingdi,Roypura,Mirzapur,21.26937156364006,0.0166179071780647,0.4368770764119607,0.009511201376026736,0.03104686035323435,0.4368770764119607,0.1238901507770329,Low stress
BGD.3.12.5.16_1,Narsingdi,Roypura,Mirzar Char,17.011595027351312,0.0158308781869688,0.9487962316817862,0.007295602723071845,0.029576471879001285,0.9487962316817862,0.25046906416732573,Low stress
BGD.3.12.5.17_1,Narsingdi,Roypura,Musapur,25.454496591994527,0.0250967859892224,0.97050887870992,0.011688994713990944,0.04688775798139572,0.97050887870992,0.26371353285656485,Low stress
BGD.3.12.5.18_1,Narsingdi,Roypura,Nilakhya,17.98175993377187,0.0136919041045554,0.977511843967267,0.0078004427590599905,0.025580274949731262,0.977511843967267,0.25645123432784667,Low stress
BGD.3.12.5.19_1,Narsingdi,Roypura,Palashtali,20.308851558721468,0.02355742856029,0.8697368421052635,0.009011380210943042,0.04401181129222039,0.8697368421052635,0.2364428965629702,Low stress
BGD.3.12.5.20_1,Narsingdi,Roypura,Paratali,15.03977310419952,0.0192338762959423,0.9610889256842317,0.00626953525345071,0.03593421632537055,0.9610889256842317,0.25535702123631787,Low stress
BGD.3.12.5.21_1,Narsingdi,Roypura,Radhanagar,18.753809015502004,0.0134815280311732,0.6434426229508202,0.00820219021830719,0.025187234087126108,0.6434426229508202,0.17295706375552206,Low stress
BGD.3.12.5.22_1,Narsingdi,Roypura,Roypura,17.820236628597833,0.0117746954147919,0.9743106588782112,0.00771639165531739,0.021998397290812554,0.9743106588782112,0.25436366043346414,Low stress
BGD.3.12.5.23_1,Narsingdi,Roypura,Roypura Paurashava,19.166360539422,0.0314398493500182,0.9218071242397916,0.008416867666238349,0.05873835988115185,0.9218071242397916,0.2543769540848464,Low stress
BGD.3.12.5.24_1,Narsingdi,Roypura,Sreenagar,15.733264776371012,0.015018881298929,0.9751584879079592,0.006630404172146446,0.028059436447276813,0.9751584879079592,0.25626258640239524,Low stress
BGD.3.12.5.25_1,Narsingdi,Roypura,Uttar Bakharnagar,20.23429542649021,0.0167322110054268,0.2530120481927713,0.008972583795787565,0.03126041161019622,0.2530120481927713,0.07778318963007652,Low stress
BGD.3.12.6.1_1,Narsingdi,Shibpur,Ayubpur,16.82252886462589,0.0165303743315508,0.2568627450980394,0.00719721927530666,0.030883324714665778,0.2568627450980394,0.07790373763476555,Low stress
BGD.3.12.6.2_1,Narsingdi,Shibpur,Baghaba,10.741600320102991,0.0182598079742704,0.7554585152838432,0.004032915799741121,0.03411438649761851,0.7554585152838432,0.20241783041502373,Low stress
BGD.3.12.6.3_1,Narsingdi,Shibpur,Chak Radha,10.143210991332737,0.0123615652895527,0.2224334600760461,0.0037215348290710235,0.023094833012349696,0.2224334600760461,0.06518017050496233,Low stress
BGD.3.12.6.4_1,Narsingdi,Shibpur,Dulalpur,9.397936063696635,0.0161811770048756,0.8459348307497631,0.0033337197073335916,0.030230927242418597,0.8459348307497631,0.2233980201052207,Low stress
BGD.3.12.6.5_1,Narsingdi,Shibpur,Josar,11.12721768227738,0.0232098419173891,0.8537414965986398,0.004233577647752126,0.04336242302406119,0.8537414965986398,0.23030565326718222,Low stress
BGD.3.12.6.6_1,Narsingdi,Shibpur,Joynagar,7.005589770724425,0.0140346849800416,0.1381011097410606,0.002088825998390621,0.026220684711258095,0.1381011097410606,0.04453804748356173,Low stress
BGD.3.12.6.7_1,Narsingdi,Shibpur,Masimpur,10.42618224341305,0.0121368180709372,0.4658333333333338,0.0038687832155447246,0.022674942863947396,0.4658333333333338,0.12594207662193294,Low stress
BGD.3.12.6.8_1,Narsingdi,Shibpur,Putia,32.68676404157312,0.0568839398655254,0.5768421052631586,0.015452414865923775,0.10627497905860982,0.5768421052631586,0.1875877349326726,Low stress
BGD.3.12.6.9_1,Narsingdi,Shibpur,Sadhar Char,12.493462878235452,0.0166306292429688,0.5606694560669461,0.0049445240748300714,0.031070628699527904,0.5606694560669461,0.15301989369150332,Low stress
BGD.3.12.6.10_1,Narsingdi,Shibpur,Shibpur Paurashava,21.266247657152658,0.0404107012596352,0.2125000000000001,0.009509575803865666,0.07549839972871228,0.2125000000000001,0.08335327022659558,Low stress
BGD.3.14.1.1_1,Rajbari,Balia Kandi,Baharpur,8.346792118077122,0.019562743854173,0.7393101255762209,0.0027867409990507334,0.03654863215076252,0.7393101255762209,0.1987342490464424,Low stress
BGD.3.14.1.2_1,Rajbari,Balia Kandi,Baliakandi,7.427371820027961,0.0180236975533654,0.1937984496124034,0.0023083066903228505,0.03367326673523008,0.1937984496124034,0.061158578436560515,Low stress
BGD.3.14.1.3_1,Rajbari,Balia Kandi,Islampur,7.297786006854153,0.0152675425959008,0.714285714285715,0.0022408747453480657,0.028524004727723585,0.714285714285715,0.18945118012427123,Low stress
BGD.3.14.1.4_1,Rajbari,Balia Kandi,Jamalpur,7.976872352094519,0.0147656418846791,0.4929048414023382,0.0025942476335048667,0.02758631497380213,0.4929048414023382,0.13391911964481723,Low stress
BGD.3.14.1.5_1,Rajbari,Balia Kandi,Jangal,7.042182564654818,0.0116873934029439,0.8658101356174166,0.0021078676141844605,0.021835292915432538,0.8658101356174166,0.22493803347042932,Low stress
BGD.3.14.1.6_1,Rajbari,Balia Kandi,Narua,7.172970848504337,0.019600938120517,0.8363281250000004,0.0021759252830286444,0.03661998963523816,0.8363281250000004,0.2227693977355449,Low stress
BGD.3.14.1.7_1,Rajbari,Balia Kandi,Nawabpur,6.981998651121293,0.0212240076140436,0.0757894736842106,0.0020765500011960952,0.03965233368248561,0.0757894736842106,0.03365630521040105,Low stress
BGD.3.14.2.1_1,Rajbari,Goalandaghat,Chhota Bhakla,8.252125838828244,0.016330740100826,0.3280839895013128,0.002737479963626153,0.030510352593891177,0.3280839895013128,0.09379461276864057,Low stress
BGD.3.14.2.2_1,Rajbari,Goalandaghat,Daulatdia,13.109156292104348,0.0134929428599624,0.9916142557652028,0.005264909488854209,0.025208560153734672,0.9916142557652028,0.2588325237906495,Low stress
BGD.3.14.2.3_1,Rajbari,Goalandaghat,Debagram,6.914576942254949,0.0075656739243131,0.9611601257478954,0.002041466091537841,0.014134777579953385,0.9611601257478954,0.24605379002657268,Low stress
BGD.3.14.2.4_1,Rajbari,Goalandaghat,Goalandaghat Paurashava,7.934102731830217,0.0135056663343303,0.0581395348837209,0.0025719918123650433,0.025232331133297585,0.0581395348837209,0.024394996342530395,Low stress
BGD.3.14.2.5_1,Rajbari,Goalandaghat,Ujan Char,8.530486195231791,0.0197739620801073,0.9334662462908034,0.002882329000541866,0.036943246387944925,0.9334662462908034,0.24744962940869833,Low stress
BGD.3.14.3.1_1,Rajbari,Kalukhali,Boalia,7.677314541197501,0.0177193842056093,0.2514220705346986,0.0024383681793698556,0.0331047249862498,0.2514220705346986,0.07541751865061003,Low stress
BGD.3.14.3.2_1,Rajbari,Kalukhali,Kalikapur,7.008536197494981,0.0159243874019582,0.6852713178294575,0.002090359216286918,0.02975117303170411,0.6852713178294575,0.1825668837049756,Low stress
BGD.3.14.3.3_1,Rajbari,Kalukhali,Madapur,6.119004762165353,0.0147048197884143,0.0155038759689922,0.0016274780309828106,0.02747268242615998,0.0155038759689922,0.014142399053797166,Low stress
BGD.3.14.3.4_1,Rajbari,Kalukhali,Majhbari,6.579445333942751,0.0185464173354735,0.1425000000000002,0.0018670752719138692,0.034649852288698865,0.1425000000000002,0.0484992784098102,Low stress
BGD.3.14.3.5_1,Rajbari,Kalukhali,Mrigi,6.005920652817999,0.022781552735197,0.3563852354688166,0.0015686329980870754,0.04256226002592681,0.3563852354688166,0.10462055307551336,Low stress
BGD.3.14.3.6_1,Rajbari,Kalukhali,Ratandia,6.202918325600313,0.0145998585133977,0.9405811110479289,0.0016711437275092884,0.0272765856485682,0.9405811110479289,0.2453605402299848,Low stress
BGD.3.14.3.7_1,Rajbari,Kalukhali,Saorail,6.3010544903850505,0.0213784119148224,0.8359026369168359,0.0017222103705447033,0.03994080374750955,0.8359026369168359,0.2236438246890552,Low stress
BGD.3.14.4.1_1,Rajbari,Pangsha,Babupara,9.904002337095712,0.0170793497726959,0.3207547169811323,0.003597058974693596,0.03190896312243621,0.3207547169811323,0.09279563992801318,Low stress
BGD.3.14.4.2_1,Rajbari,Pangsha,Bahadurpur,8.228653733164263,0.0162210752437555,0.9920116844019196,0.002725265897141476,0.030305468220266835,0.9920116844019196,0.2596999413364299,Low stress
BGD.3.14.4.3_1,Rajbari,Pangsha,Habaspur,8.310976370140477,0.0160099055442601,0.9831621900363215,0.002768103730935162,0.02991094464393334,0.9831621900363215,0.2573666196268311,Low stress
BGD.3.14.4.4_1,Rajbari,Pangsha,Jashai,8.014018626833812,0.0174559601721459,0.3093922651933704,0.002613577261439358,0.032612575818909445,0.3093922651933704,0.08980789873953664,Low stress
BGD.3.14.4.5_1,Rajbari,Pangsha,Kalimahar,8.992304899108712,0.0127992283669067,0.590604026845638,0.003122643373430713,0.023912509046929577,0.590604026845638,0.15726944222720712,Low stress
BGD.3.14.4.6_1,Rajbari,Pangsha,Kasba Majhail,7.510879122968783,0.0206034710607435,0.9045692883895136,0.002351760983034241,0.038492999266427734,0.9045692883895136,0.2405555762338418,Low stress
BGD.3.14.4.7_1,Rajbari,Pangsha,Machh Para,9.172179962273187,0.0203482311819578,0.6079295154185026,0.003216244093020089,0.03801614037027888,0.6079295154185026,0.1665745256214313,Low stress
BGD.3.14.4.8_1,Rajbari,Pangsha,Maurat,8.203344618019889,0.0169770836785418,0.3960396039603965,0.0027120959148881955,0.03171790169032856,0.3960396039603965,0.1111960049476694,Low stress
BGD.3.14.4.9_1,Rajbari,Pangsha,Pangsha Paurashava,19.270380001562597,0.0542348888432861,0.285714285714286,0.008470995772360301,0.1013258169123308,0.285714285714286,0.11028100565683138,Low stress
BGD.3.14.4.10_1,Rajbari,Pangsha,Patta,8.317689594297333,0.0175760939573949,0.1437740693196407,0.0027715970590307406,0.03283701905441231,0.1437740693196407,0.04854511282256678,Low stress
BGD.3.14.4.11_1,Rajbari,Pangsha,Sarisha,7.746925803301948,0.0166344166100099,0.2500000000000003,0.0024745914562925883,0.031077704551761974,0.2500000000000003,0.0743670331756338,Low stress
BGD.3.14.5.1_1,Rajbari,Rajbari Sadar,Alipur,9.69719047266795,0.0108255308864032,0.4896810506566609,0.003489441281670976,0.020225094657131615,0.4896810506566609,0.1308948223068297,Low stress
BGD.3.14.5.2_1,Rajbari,Rajbari Sadar,Banibaha,9.749525200014984,0.0211966137660132,0.6252699784017284,0.003516674451477938,0.03960115437541497,0.6252699784017284,0.1715845684124185,Low stress
BGD.3.14.5.3_1,Rajbari,Rajbari Sadar,Barat,9.010425416177272,0.0122485556189541,0.9541699278198018,0.003132072659553592,0.022883699599216243,0.9541699278198018,0.24780460587849756,Low stress
BGD.3.14.5.4_1,Rajbari,Rajbari Sadar,Basantapur,8.422701680170206,0.0150691901039117,0.0721769499417929,0.002826241691979637,0.028153427250456754,0.0721769499417929,0.029028433699899943,Low stress
BGD.3.14.5.5_1,Rajbari,Rajbari Sadar,Chandani,7.226321517720507,0.0185891697013838,0.9645232815964524,0.0022036871136090295,0.03472972556756394,0.9645232815964524,0.2541676991932041,Low stress
BGD.3.14.5.6_1,Rajbari,Rajbari Sadar,Dadshi,12.731671593121876,0.0192534911066659,0.2878103837471788,0.00506847959558751,0.03597086223287656,0.2878103837471788,0.0865697895565365,Low stress
BGD.3.14.5.7_1,Rajbari,Rajbari Sadar,Khanganj,5.813499272455728,0.0168411056775611,0.9892628297638988,0.0014685036118929436,0.03146385706471335,0.9892628297638988,0.2589154588583815,Low stress
BGD.3.14.5.8_1,Rajbari,Rajbari Sadar,Khankhanapur,11.754637867507329,0.0231187856468617,0.0656455142231948,0.004560065265264307,0.04319230465205089,0.0656455142231948,0.03335271129012224,Low stress
BGD.3.14.5.9_1,Rajbari,Rajbari Sadar,Mizanpur,10.83015383279836,0.0113366780112178,0.9964008628395068,0.004078995964298864,0.021180059276564776,0.9964008628395068,0.2581448348423939,Low stress
BGD.3.14.5.10_1,Rajbari,Rajbari Sadar,Mulghar,8.762834813202826,0.0167785952343165,0.6734355573974311,0.003003235130914144,0.03134707021657187,0.6734355573974311,0.18053165797752357,Low stress
BGD.3.14.5.11_1,Rajbari,Rajbari Sadar,Panchuria,9.571952137513431,0.0052066459172464,0.2720403022670029,0.003424271612877478,0.009727458877304447,0.2720403022670029,0.07278439481895826,Low stress
BGD.3.14.5.12_1,Rajbari,Rajbari Sadar,Rajbari Paurashava,39.74318844610717,0.1037480084685955,0.4717948717948723,0.019124332420101257,0.1938300591245557,0.4717948717948723,0.19343897161035306,Low stress
BGD.3.14.5.13_1,Rajbari,Rajbari Sadar,Ramkantapur,13.821270873733347,0.0237057915345888,0.5993322203672794,0.005635469121178639,0.044288994483538575,0.5993322203672794,0.1675883908095298,Low stress
BGD.3.14.5.14_1,Rajbari,Rajbari Sadar,Shahid Wahabpur,10.063571658962308,0.0108533338422197,0.6149732620320859,0.0036800932935610485,0.02027703829103164,0.6149732620320859,0.16231231622730696,Low stress
BGD.3.14.5.15_1,Rajbari,Rajbari Sadar,Sultanpur,7.865184930877326,0.0135091849835661,0.1270270270270273,0.00253612938847914,0.025238904946130052,0.1270270270270273,0.041604825243294,Low stress
BGD.3.15.1.1_1,Shariatpur,Bhedarganj,Arshi Nagar,7.3045202977694546,0.027984462715885,0.5286214953271037,0.0022443790358511917,0.05228273913740549,0.5286214953271037,0.1513520841442083,Low stress
BGD.3.15.1.2_1,Shariatpur,Bhedarganj,Bhedarganj Paurashava,21.07043596110914,0.0522349492521367,0.8794326241134757,0.009407682215442404,0.09758937498038403,0.8794326241134757,0.2577775101576803,Low stress
BGD.3.15.1.3_1,Shariatpur,Bhedarganj,Char Bhaga,8.187165847905916,0.0393572637583579,0.685314685314686,0.0027036770462685123,0.07353028625674707,0.685314685314686,0.19814574233704038,Low stress
BGD.3.15.1.4_1,Shariatpur,Bhedarganj,Char Census,8.102727763196079,0.0208869056000715,0.8660229330114649,0.0026597384071345115,0.03902253360956182,0.8660229330114649,0.23122751537906666,Low stress
BGD.3.15.1.5_1,Shariatpur,Bhedarganj,Char Kumaria,9.07284050925543,0.0170823184996901,0.6434659090909096,0.0031645513006869188,0.03191450952797502,0.6434659090909096,0.17330237612779342,Low stress
BGD.3.15.1.6_1,Shariatpur,Bhedarganj,Chhaygaon,9.389716082944693,0.0145993217841138,0.2208657047724753,0.00332944231557146,0.027275582889379202,0.2208657047724753,0.06609465713063013,Low stress
BGD.3.15.1.7_1,Shariatpur,Bhedarganj,Dhakhin Tarabunia,7.992302283581257,0.0235450923248559,0.8364805976343641,0.00260227683257763,0.043988763782404426,0.8364805976343641,0.22555712746546364,Low stress
BGD.3.15.1.8_1,Shariatpur,Bhedarganj,Digar Mahishkhali,8.682979445197011,0.0215350036254652,0.6968698517298194,0.002961681177981913,0.040233360500938675,0.6968698517298194,0.18948381157897615,Low stress
BGD.3.15.1.9_1,Shariatpur,Bhedarganj,Kachikata,8.284830505616986,0.0086163305154762,0.9834044504002536,0.00275449833344075,0.01609769554041132,0.9834044504002536,0.25258710537258366,Low stress
BGD.3.15.1.10_1,Shariatpur,Bhedarganj,Mahisar,11.681202527608908,0.0266692969543673,0.5831702544031316,0.004521852071412653,0.049825644672881565,0.5831702544031316,0.16504028006485652,Low stress
BGD.3.15.1.11_1,Shariatpur,Bhedarganj,Narayanpur,10.36541893624129,0.0214856389755304,0.9130434782608698,0.003837164106281611,0.04014113364129325,0.9130434782608698,0.24384513198218274,Low stress
BGD.3.15.1.12_1,Shariatpur,Bhedarganj,Rambhadrapur,11.234447769716528,0.021881643130193,0.8492753623188406,0.004289376451484906,0.040880979252257976,0.8492753623188406,0.2283429338985944,Low stress
BGD.3.15.1.13_1,Shariatpur,Bhedarganj,Sakhipur,8.155846956246354,0.0309627059289259,0.7429533024821207,0.002687379785578206,0.05784692361277077,0.7429533024821207,0.20705970079923122,Low stress
BGD.3.15.1.14_1,Shariatpur,Bhedarganj,Tarabunia,8.053185229087669,0.0244634550931782,0.93333333333333,0.0026339581974642685,0.04570452018398957,0.93333333333333,0.25038349867671456,Low stress
BGD.3.15.2.1_1,Shariatpur,Damudya,Damudya Paurashava,14.250239226930184,0.0430702828001854,0.8103448275862073,0.005858689315428574,0.08046723580432201,0.8103448275862073,0.23309321515423595,Low stress
BGD.3.15.2.2_1,Shariatpur,Damudya,Darul Aman,16.44944164664967,0.0334289768099789,0.54,0.007003077678034552,0.06245460175279382,0.54,0.15966034168469168,Low stress
BGD.3.15.2.3_1,Shariatpur,Damudya,Dhankati,8.130178441632493,0.0127801921676026,0.1016949152542373,0.002674022784355358,0.023876944146059818,0.1016949152542373,0.0348502683784224,Low stress
BGD.3.15.2.4_1,Shariatpur,Damudya,Islam Pur,8.829669399414268,0.0174473698415035,0.4510638297872344,0.0030380135223865012,0.0325965266983442,0.4510638297872344,0.12538994720018368,Low stress
BGD.3.15.2.5_1,Shariatpur,Damudya,Kaneshwar,10.7980561398353,0.02089199069081,0.4253578732106343,0.004062293442528217,0.03903203396964628,0.4253578732106343,0.12162559756904606,Low stress
BGD.3.15.2.6_1,Shariatpur,Damudya,Purba Damudya,8.858246429666222,0.0185097999707681,0.5691927512355854,0.003052884013872386,0.03458144089391069,0.5691927512355854,0.15562284572731405,Low stress
BGD.3.15.2.7_1,Shariatpur,Damudya,Sidulkura,9.409931463178868,0.0116446973145197,0.6023222060957916,0.003339961695542221,0.02175552477852266,0.6023222060957916,0.1595309698746477,Low stress
BGD.3.15.2.8_1,Shariatpur,Damudya,Sidya,10.83186258318438,0.0280345258538446,0.4451612903225807,0.00407988513850076,0.05237627096643918,0.4451612903225807,0.1312539714742992,Low stress
BGD.3.15.3.1_1,Shariatpur,Gosairhat,Gariber Char,5.6262790105466,0.014996325593872,0.9780264803553712,0.0013710807066379658,0.02801729613336305,0.9780264803553712,0.2548611060181751,Low stress
BGD.3.15.3.2_1,Shariatpur,Gosairhat,Gosairhat,8.684518016368614,0.0211641901811569,0.8303238750358272,0.0029624817968462954,0.03954057812472358,0.8303238750358272,0.22260516382134857,Low stress
BGD.3.15.3.3_1,Shariatpur,Gosairhat,Idilpur,8.241633490235435,0.0130655940263313,0.8629710370601062,0.0027320201107638832,0.024410153987561373,0.8629710370601062,0.2253791212049786,Low stress
BGD.3.15.3.4_1,Shariatpur,Gosairhat,Kodalpur,5.35895882630874,0.0119864957114581,0.9792086041295216,0.0012319765908965353,0.022394098997586372,0.9792086041295216,0.2531328763178942,Low stress
BGD.3.15.3.5_1,Shariatpur,Gosairhat,Kuchaipatti,5.989590982936523,0.0123827057299674,0.957946310094922,0.0015601356064827397,0.023134329219322586,0.957946310094922,0.2482076469930865,Low stress
BGD.3.15.3.6_1,Shariatpur,Gosairhat,Nager Para,6.232424115362698,0.0107186345773267,0.0,0.001686497513104831,0.02002538269914481,0.0,0.007683482949942615,Low stress
BGD.3.15.3.7_1,Shariatpur,Gosairhat,Nalmuri,7.13330816302001,0.0161254490160213,0.956446424152438,0.0021552862025643028,0.030126811900505392,0.956446424152438,0.2505181046843121,Low stress
BGD.3.15.3.8_1,Shariatpur,Gosairhat,Samantasar,7.676106738867382,0.0130973611372369,0.5797101449275366,0.002437739681093152,0.024469503762809472,0.5797101449275366,0.15446695842130473,Low stress
BGD.3.15.4.1_1,Shariatpur,Naria,Bhojeshwar,11.6206118906625,0.0254073231024799,0.6241197183098599,0.004490322813722405,0.04746792745078163,0.6241197183098599,0.17443983331072752,Low stress
BGD.3.15.4.2_1,Shariatpur,Naria,Bhumkhara,10.11931062719562,0.0232075813161875,0.2765432098765433,0.0037090979117889618,0.043358199593934374,0.2765432098765433,0.08579481149172843,Low stress
BGD.3.15.4.3_1,Shariatpur,Naria,Bijhari,10.006944333609464,0.014726850080237,0.3172496984318462,0.0036506264052208826,0.027513841122404428,0.3172496984318462,0.09040251956289146,Low stress
BGD.3.15.4.4_1,Shariatpur,Naria,Chamta,10.248731566142697,0.0217275748757843,0.2187147688838785,0.003776444061957105,0.04059313701507137,0.2187147688838785,0.07039686780102744,Low stress
BGD.3.15.4.5_1,Shariatpur,Naria,Char Atra,9.198979817498994,0.0,1.0,0.0032301898045039145,0.0,1.0,0.2512920759218016,Low stress
BGD.3.15.4.6_1,Shariatpur,Naria,Dinga Manik,10.522654698281723,0.0234868224647821,0.6440944881889766,0.003918984121870492,0.04387989951994774,0.6440944881889766,0.17794918052797407,Low stress
BGD.3.15.4.7_1,Shariatpur,Naria,Fateh Jangapur,10.465762831060257,0.0267914276094276,0.5650000000000005,0.0038893795751532897,0.050053818615116076,0.5650000000000005,0.16032458834535207,Low stress
BGD.3.15.4.8_1,Shariatpur,Naria,Gharisar,10.354017377489354,0.0150718319035725,0.9929520694658795,0.0038312311321113896,0.028158362865048366,0.9929520694658795,0.25962593682208135,Low stress
BGD.3.15.4.9_1,Shariatpur,Naria,Japsa,11.13129196152406,0.0162654650814267,0.4769647696476969,0.004235697760804976,0.03038840075060974,0.4769647696476969,0.13157141177895962,Low stress
BGD.3.15.4.10_1,Shariatpur,Naria,Kedarpur,13.974381085466652,0.0137509593377681,0.9929609445958208,0.005715142344040079,0.025690606507070956,0.9929609445958208,0.25951800536404607,Low stress
BGD.3.15.4.11_1,Shariatpur,Naria,Muktarer Char,11.38661661092856,0.024068334421402,0.8299368800721375,0.004368559817905764,0.04496632516413145,0.8299368800721375,0.2249698577526427,Low stress
BGD.3.15.4.12_1,Shariatpur,Naria,Naria Paurashava,16.33856467491772,0.0363212822164948,0.6721611721611725,0.006945381162700951,0.06785823056674783,0.6721611721611725,0.19456882620373525,Low stress
BGD.3.15.4.13_1,Shariatpur,Naria,Nasasan,9.582709277910864,0.0293520069486484,0.191891891891892,0.003429869254174776,0.054837691115806234,0.191891891891892,0.0685381125651751,Low stress
BGD.3.15.4.14_1,Shariatpur,Naria,Noapara,9.279763980133092,0.0047989896812657,0.9566232418722612,0.003272227069819911,0.008965843946194218,0.9566232418722612,0.24360274667716125,Low stress
BGD.3.15.4.15_1,Shariatpur,Naria,Rajnagar,9.178524520812866,0.0278905984152447,0.0,0.0032195455803654908,0.052107374586207365,0.0,0.019525399337318776,Low stress
BGD.3.15.5.1_1,Shariatpur,Shariatpur Sadar,Angaria,8.281170430220811,0.0169533467195214,0.7857974388824219,0.0027525937576490514,0.03167355446633578,0.7857974388824219,0.20863614128688263,Low stress
BGD.3.15.5.2_1,Shariatpur,Shariatpur Sadar,Binodpur,7.461861292759551,0.0117295618688003,0.4272151898734183,0.0023262538110028477,0.02191407530702526,0.4272151898734183,0.11540422535021455,Low stress
BGD.3.15.5.3_1,Shariatpur,Shariatpur Sadar,Chandrapur,7.064253685047423,0.0161247289766635,0.5069984447900473,0.002119352656716468,0.03012546666724883,0.5069984447900473,0.1381412655937355,Low stress
BGD.3.15.5.4_1,Shariatpur,Shariatpur Sadar,Chikandi,7.746712155674105,0.0145436027713625,0.1599264705882354,0.0024744802815063072,0.02717148431731634,0.1599264705882354,0.05048142927072209,Low stress
BGD.3.15.5.5_1,Shariatpur,Shariatpur Sadar,Chitalia,8.418502261158697,0.0184275115863226,0.0723684210526316,0.002824056460550558,0.034427703365279824,0.0723684210526316,0.03127142402522606,Low stress
BGD.3.15.5.6_1,Shariatpur,Shariatpur Sadar,Domsar,10.782560358640016,0.016871219223196,0.7068702290076335,0.004054229977560025,0.031520117521343025,0.7068702290076335,0.18937129037540246,Low stress
BGD.3.15.5.7_1,Shariatpur,Shariatpur Sadar,Mohammadpur,7.131343677808453,0.0079584543981545,0.0,0.0021542639528639297,0.014868600460907237,0.0,0.006065715742463104,Low stress
BGD.3.15.5.8_1,Shariatpur,Shariatpur Sadar,Palong,9.788306525575774,0.0159313086843028,0.202846975088968,0.003536854902927178,0.02976410390706137,0.202846975088968,0.06254392210088436,Low stress
BGD.3.15.5.9_1,Shariatpur,Shariatpur Sadar,Rudrakar,8.783139027473647,0.0189318848855136,0.1090909090909092,0.003013800737024358,0.03537001259941448,0.1090909090909092,0.040857751977332116,Low stress
BGD.3.15.5.10_1,Shariatpur,Shariatpur Sadar,Shariatpur Paurashava,18.284854915001286,0.0505358810414401,0.5198019801980202,0.007958162833471089,0.09441504424770626,0.5198019801980202,0.16617902566959067,Low stress
BGD.3.15.5.11_1,Shariatpur,Shariatpur Sadar,Shaul Para,8.28377689715925,0.0149094680974702,0.0087719298245614,0.0027539500722861764,0.027855022236143445,0.0087719298245614,0.013043820267705026,Low stress
BGD.3.15.5.12_1,Shariatpur,Shariatpur Sadar,Tulasar,10.730128891517046,0.0145713085395739,0.8798283261802577,0.004026946467742161,0.027223246377810567,0.8798283261802577,0.23109599636439498,Low stress
BGD.3.15.6.1_1,Shariatpur,Zanjira,Bara Gopalpur,5.94261601188197,0.0148522508932115,0.4950738916256163,0.0015356914672227256,0.0277481246267521,0.4950738916256163,0.1340945931126564,Low stress
BGD.3.15.6.2_1,Shariatpur,Zanjira,Bara Krishnagar,7.429490630810445,0.0240566492384632,0.251046025104603,0.0023094092456766905,0.044944494000976214,0.251046025104603,0.0794158428747631,Low stress
BGD.3.15.6.3_1,Shariatpur,Zanjira,Barakandi,8.431836012435967,0.024345351256353,0.8365929126043516,0.002830994880431679,0.045483869455242375,0.8365929126043516,0.22619998041259542,Low stress
BGD.3.15.6.4_1,Shariatpur,Zanjira,Bilaspur,6.239414258614096,0.0203348986961948,0.9544833864360434,0.001690134940254838,0.03799123158849246,0.9544833864360434,0.2525938316410851,Low stress
BGD.3.15.6.5_1,Shariatpur,Zanjira,Joynagar,6.272434611587157,0.0159425311170755,0.8119973190348531,0.0017073175821675061,0.02978507052454119,0.8119973190348531,0.21410703147516968,Low stress
BGD.3.15.6.6_1,Shariatpur,Zanjira,Kunder Char,5.637326635904803,0.0041049413784587,0.999949783230947,0.0013768295061941116,0.007669169190176132,0.999949783230947,0.25322238682677606,Low stress
BGD.3.15.6.7_1,Shariatpur,Zanjira,Mulna,8.042988460226383,0.0232491630814189,0.5705521472392643,0.002628652154002145,0.04343588586601106,0.5705521472392643,0.1588920577245208,Low stress
BGD.3.15.6.8_1,Shariatpur,Zanjira,Naodoba,18.13441626302909,0.0450619968270187,0.8274379759272911,0.007879879797285147,0.08418831010038585,0.8274379759272911,0.23947735443587187,Low stress
BGD.3.15.6.9_1,Shariatpur,Zanjira,Paler Char,5.722301654334922,0.0063437955305376,0.9898111313934962,0.00142104754694002,0.011851969795934931,0.9898111313934962,0.2521693912957273,Low stress
BGD.3.15.6.10_1,Shariatpur,Zanjira,Purba Naodoba,10.767937976367188,0.0196359051707163,0.9522254071950758,0.004046620998979174,0.03668531778473795,0.9522254071950758,0.2525148614230189,Low stress
BGD.3.15.6.11_1,Shariatpur,Zanjira,Sener Char,7.382027783938063,0.018971268511424,0.4865336658354123,0.002284711232829,0.035443592137484006,0.4865336658354123,0.13495255820010407,Low stress
BGD.3.15.6.12_1,Shariatpur,Zanjira,Zanjira,6.475430171048927,0.0324600031802401,0.7335434173669473,0.001812949402970236,0.060644290222821085,0.7335434173669473,0.20533653568091229,Low stress
BGD.3.15.6.13_1,Shariatpur,Zanjira,Zanjira Paurashava,8.642644467782375,0.0391994776650316,0.4593425605536335,0.0029406922602063625,0.07323549806514792,0.4593425605536335,0.1416443413652927,Low stress
BGD.3.17.1.1_1,Tangail,Basail,Basail,7.771314887093019,0.0267296907166557,0.579423489727078,0.0024872826862652637,0.049938476973837576,0.579423489727078,0.16332925244711877,Low stress
BGD.3.17.1.2_1,Tangail,Basail,Fulki,8.464095003334954,0.0317160059618549,0.6779440468445002,0.0028477813360317603,0.05925429703686262,0.6779440468445002,0.19136412820843965,Low stress
BGD.3.17.1.3_1,Tangail,Basail,Habla,11.584704993258573,0.0365354261316985,0.1660777385159013,0.0044716381145979015,0.06825831080306063,0.1660777385159013,0.0671984986558857,Low stress
BGD.3.17.1.4_1,Tangail,Basail,Kanchanpur,7.6768098680096974,0.0163857791963118,0.7322635762573335,0.002438105565015732,0.030613180891895603,0.7322635762573335,0.19475574960250314,Low stress
BGD.3.17.1.5_1,Tangail,Basail,Kaoaljani,7.05694468484735,0.0332496616986042,0.5026675945256327,0.0021155493075130254,0.062119591383412075,0.5026675945256327,0.1482549753386076,Low stress
BGD.3.17.1.6_1,Tangail,Basail,Kashil,10.063312733884478,0.0305045802857593,0.5542356986558309,0.003679958557966363,0.056991017829014584,0.5542356986558309,0.15997776432729938,Low stress
BGD.3.17.2.1_1,Tangail,Bhuapur,Arjuna,7.403041078026547,0.0086224397060177,0.9801624962385136,0.0022956458193860415,0.016109109203009193,0.9801624962385136,0.25159707060843606,Low stress
BGD.3.17.2.2_1,Tangail,Bhuapur,Bhuapur Paurashava,10.752486696756089,0.0314297314302149,0.4031830238726794,0.004038580691085839,0.05871945680028659,0.4031830238726794,0.12296299812470449,Low stress
BGD.3.17.2.3_1,Tangail,Bhuapur,Birhati,8.709093856619788,0.0218120176290586,0.4025423728813566,0.0029752702083779155,0.0407508995022882,0.4025423728813566,0.11608851612949118,Low stress
BGD.3.17.2.4_1,Tangail,Bhuapur,Falda,7.618976244552683,0.0233623653600162,0.750617283950618,0.002408010961145668,0.04364737912431482,0.750617283950618,0.20389410806562294,Low stress
BGD.3.17.2.5_1,Tangail,Bhuapur,Gabsara,5.865979734347701,0.0042084415922446,0.9709662159498558,0.0014958126168825893,0.007862536300096104,0.9709662159498558,0.24609176673925062,Low stress
BGD.3.17.2.6_1,Tangail,Bhuapur,Gobindasi,11.75831167497624,0.0261240682273217,0.9658284977433914,0.004561976986748505,0.048807006166373325,0.9658284977433914,0.26036436738877794,Low stress
BGD.3.17.2.7_1,Tangail,Bhuapur,Nikrail,10.318659350953402,0.0059402709456923,0.9970404548844158,0.0038128320462747986,0.011098073935250028,0.9970404548844158,0.2546695724169514,Low stress
BGD.3.17.3.1_1,Tangail,Delduar,Atia,10.213810138254594,0.0251896364004903,0.1875000000000002,0.0037582721668544135,0.04706122830599712,0.1875000000000002,0.06484973877384081,Low stress
BGD.3.17.3.2_1,Tangail,Delduar,Delduar,10.548642760520917,0.0305508380651329,0.1965944272445824,0.003932507404550859,0.05707744019261753,0.1965944272445824,0.07069871384038208,Low stress
BGD.3.17.3.3_1,Tangail,Delduar,Deoli,9.274001057833424,0.0227697983998243,0.6397684712291463,0.0032692282457211343,0.042540299666842425,0.6397684712291463,0.17613891398896986,Low stress
BGD.3.17.3.4_1,Tangail,Delduar,Dubail,14.124889982629774,0.0357098197092239,0.151807228915663,0.005793461933377431,0.06671584898577856,0.151807228915663,0.06361973914728922,Low stress
BGD.3.17.3.5_1,Tangail,Delduar,Elasin,8.919772579828782,0.0257982062333887,0.564766839378239,0.0030849000800655846,0.04819820556882164,0.564766839378239,0.15929504182567356,Low stress
BGD.3.17.3.6_1,Tangail,Delduar,Fazilhati,8.408544368501722,0.0258206399817075,0.1305220883534138,0.0028188747199474466,0.048240118033718096,0.1305220883534138,0.05064211328813376,Low stress
BGD.3.17.3.7_1,Tangail,Delduar,Lauhati,8.10653485277789,0.0198968419613172,0.5262395946435042,0.002661719483989356,0.0371728200924594,0.5262395946435042,0.14563507348683258,Low stress
BGD.3.17.3.8_1,Tangail,Delduar,Pathrail,12.27679122519261,0.028886869769551,0.1070422535211269,0.004831775691131742,0.053968685837957754,0.1070422535211269,0.047582313700019634,Low stress
BGD.3.17.4.1_1,Tangail,Dhanbari,Balibhadra,8.932575093446987,0.0216448726373159,0.1010101010101011,0.0030915620623667168,0.04043862629232419,0.1010101010101011,0.04064266927978543,Low stress
BGD.3.17.4.2_1,Tangail,Dhanbari,Baniajan,9.782976043574244,0.0175474883413209,0.5314285714285718,0.0035340811057019057,0.03278357582849635,0.5314285714285718,0.14574502683939744,Low stress
BGD.3.17.4.3_1,Tangail,Dhanbari,Birtara,11.571784513881546,0.0213478731416595,0.4338842975206616,0.004464914747023467,0.039883748847901065,0.4338842975206616,0.12421635237574016,Low stress
BGD.3.17.4.4_1,Tangail,Dhanbari,Dhanbari,10.24506666898835,0.0216110562239396,0.6486286137879916,0.0037745369770903485,0.04037544785159207,0.6486286137879916,0.17779837498589127,Low stress
BGD.3.17.4.5_1,Tangail,Dhanbari,Dhanbari Paurashava,19.38313900228544,0.0431943723539373,0.6672008547008549,0.00852967163004818,0.08069906951270352,0.6672008547008549,0.19845675665667922,Low stress
BGD.3.17.4.6_1,Tangail,Dhanbari,Dhopakhali,11.751809341967764,0.0247728436960651,0.5465313028764812,0.004558593399063277,0.04628254391741077,0.5465313028764812,0.15465515344983938,Low stress
BGD.3.17.4.7_1,Tangail,Dhanbari,Musuddi,9.92616411001884,0.0279998380089831,0.2478632478632481,0.0036085911896459513,0.05231146444996091,0.2478632478632481,0.08171826099915672,Low stress
BGD.3.17.4.8_1,Tangail,Dhanbari,Paiska,13.11842958931927,0.0184153165490361,0.4477272727272733,0.005269734989827009,0.03440491965277141,0.4477272727272733,0.12608143405621913,Low stress
BGD.3.17.5.1_1,Tangail,Ghatail,Anehola,7.157179155805485,0.0168583466453674,0.6558505408062933,0.0021677078360176857,0.03149606797515479,0.6558505408062933,0.1758533421272846,Low stress
BGD.3.17.5.2_1,Tangail,Ghatail,Deopara,6.045383581803589,0.0150614111846996,0.6767996622334815,0.0015891681322250301,0.028138894071525776,0.6767996622334815,0.1796841957362944,Low stress
BGD.3.17.5.3_1,Tangail,Ghatail,Deulabari,7.981151544567684,0.0253317679884011,0.607009694258017,0.0025964743762656654,0.0473267695389795,0.607009694258017,0.16935538265365335,Low stress
BGD.3.17.5.4_1,Tangail,Ghatail,Dhala Para,7.56838163925245,0.0385820410612235,0.8436732514682316,0.0023816832902605048,0.07208195521465538,0.8436732514682316,0.23709967050829148,Low stress
BGD.3.17.5.5_1,Tangail,Ghatail,Digalkandi,8.880111258438225,0.0239177569249462,0.3657230298393276,0.003064261709428143,0.044685004631123924,0.3657230298393276,0.10829621376449652,Low stress
BGD.3.17.5.6_1,Tangail,Ghatail,Digar,10.64160491782699,0.0397404608720578,0.1381987577639754,0.00398088167425423,0.07424620476256873,0.1381987577639754,0.06212821377759459,Low stress
BGD.3.17.5.7_1,Tangail,Ghatail,Ghatail,9.83445793096364,0.0336863700094888,0.3454018826937007,0.003560870487290951,0.0629354836493785,0.3454018826937007,0.10980223814562402,Low stress
BGD.3.17.5.8_1,Tangail,Ghatail,Ghatail Paurashava,21.177628874214907,0.095512159963963,0.3465517241379314,0.00946346167494651,0.17844320952467144,0.3465517241379314,0.15287843903809645,Low stress
BGD.3.17.5.9_1,Tangail,Ghatail,Jamuria,9.864043985251207,0.0298005451439039,0.3926897844423624,0.0035762660397505733,0.055675684887342695,0.3926897844423624,0.11908944223706078,Low stress
BGD.3.17.5.10_1,Tangail,Ghatail,Lakher Para,8.90615507507871,0.0182971721867131,0.3381443298969078,0.0030778140047575636,0.034184193211152715,0.3381443298969078,0.09773167570003342,Low stress
BGD.3.17.5.11_1,Tangail,Ghatail,Rasulpur,5.713254626318499,0.0254297937849921,0.7711792851111742,0.0014163397885793845,0.04750990891899678,0.7711792851111742,0.20998982531487417,Low stress
BGD.3.17.5.12_1,Tangail,Ghatail,Sandhanpur,6.744208118646315,0.0197843301787591,0.7767943044063887,0.0019528120880043876,0.03696261687229785,0.7767943044063887,0.2079166168421032,Low stress
BGD.3.17.6.1_1,Tangail,Gopalpur,Alamnagar,8.628772376711703,0.0235301486413774,0.6401036605118243,0.002933473707041842,0.043960844836345304,0.6401036605118243,0.17658560030349368,Low stress
BGD.3.17.6.2_1,Tangail,Gopalpur,Dhopakandi,9.094409044197857,0.0254336071901716,0.7544326241134759,0.0031757748152507676,0.04751703341769626,0.7544326241134759,0.20650942765066296,Low stress
BGD.3.17.6.3_1,Tangail,Gopalpur,Gopalpur Paurashava,13.996908735025146,0.0352948887167274,0.5557074504442928,0.00572686494845359,0.06594064279150688,0.5557074504442928,0.16429683356748204,Low stress
BGD.3.17.6.4_1,Tangail,Gopalpur,Hadira,8.378284756237193,0.0236734397146906,0.2931654676258997,0.00280312867137002,0.04422855230969624,0.2931654676258997,0.08989261168341661,Low stress
BGD.3.17.6.5_1,Tangail,Gopalpur,Hemnagar,10.090707581881976,0.0243111076984048,0.5597633136094676,0.0036942138829708223,0.045419892989961665,0.5597633136094676,0.1573154765020418,Low stress
BGD.3.17.6.6_1,Tangail,Gopalpur,Jhawail,9.444779674341758,0.0226164691952543,0.7673304764305525,0.003358095491210531,0.042253838179764136,0.7673304764305525,0.2079647006670398,Low stress
BGD.3.17.6.7_1,Tangail,Gopalpur,Mirzapur,8.571708802195019,0.0282802386816053,0.660056657223797,0.002903779809827086,0.052835330688505405,0.660056657223797,0.18466804197085698,Low stress
BGD.3.17.6.8_1,Tangail,Gopalpur,Nagda Simla,8.905420038147462,0.0225256686730345,0.7072560467055886,0.0030774315171326577,0.042084197616536055,0.7072560467055886,0.19277445344903785,Low stress
BGD.3.17.7.1_1,Tangail,Kalihati,Balla,10.999938628483305,0.0643591812922358,0.4896551724137935,0.004167346060036785,0.12024080364740851,0.4896551724137935,0.16616501280405607,Low stress
BGD.3.17.7.2_1,Tangail,Kalihati,Bangra,13.138215831147903,0.0307899596930042,0.2563176895306863,0.005280031061114201,0.057524185724916445,0.2563176895306863,0.086324899810838,Low stress
BGD.3.17.7.3_1,Tangail,Kalihati,Bir Bashunda,12.31741642608784,0.0333093998686802,0.2056541019955658,0.00485291563110096,0.06223119885625651,0.2056541019955658,0.07513561135102162,Low stress
BGD.3.17.7.4_1,Tangail,Kalihati,Dashkia,12.117509378660792,0.0239434280153275,0.6291540785498497,0.004748890964418566,0.044732965349019584,0.6291540785498497,0.17484461389538672,Low stress
BGD.3.17.7.5_1,Tangail,Kalihati,Durgapur,10.29262776389658,0.0147753523371104,0.3991625959525476,0.0037992861147948796,0.027604456792586583,0.3991625959525476,0.11097192331146016,Low stress
BGD.3.17.7.6_1,Tangail,Kalihati,Elenga,21.45561673209085,0.0420436494884992,0.5962159667743429,0.00960811687659892,0.07854919999389381,0.5962159667743429,0.18038945844208812,Low stress
BGD.3.17.7.7_1,Tangail,Kalihati,Gohaliabari,16.0882040510063,0.0087469983159619,0.9817574375563448,0.0068151022116185195,0.01634181923847233,0.9817574375563448,0.25388503700719894,Low stress
BGD.3.17.7.8_1,Tangail,Kalihati,Kalihati Paurashava,27.01342605491997,0.0687422641622569,0.2144249512670568,0.012500207324298558,0.12842961829922114,0.2144249512670568,0.10355668715121102,Low stress
BGD.3.17.7.9_1,Tangail,Kalihati,Kok Dahara,10.81801528934952,0.0346908793345576,0.7169811320754723,0.004072679488954311,0.06481218571569518,0.7169811320754723,0.2035586198149431,Low stress
BGD.3.17.7.10_1,Tangail,Kalihati,Nagbari,9.19293744499502,0.0343427325207287,0.511371163612277,0.0032270455642493217,0.06416175089285317,0.511371163612277,0.1515902219412676,Low stress
BGD.3.17.7.11_1,Tangail,Kalihati,Narandia,9.065595579900313,0.0242768015303181,0.2657534246575347,0.0031607812917202336,0.045355799551574406,0.2657534246575347,0.08357719852412282,Low stress
BGD.3.17.7.12_1,Tangail,Kalihati,Paikara,9.005519400839683,0.0373239789957819,0.2203703703703705,0.00312951974000023,0.06973154629475095,0.2203703703703705,0.08075044169175555,Low stress
BGD.3.17.7.13_1,Tangail,Kalihati,Parki,7.323025027581894,0.031308049049457,0.6609603340292282,0.0022540082529076302,0.05849212035879856,0.6609603340292282,0.1866139289340496,Low stress
BGD.3.17.7.14_1,Tangail,Kalihati,Sahadebpur,10.512017970528326,0.0306240515398669,0.2089971883786321,0.0039134491391203605,0.057214223272561676,0.2089971883786321,0.07383965489570275,Low stress
BGD.3.17.7.15_1,Tangail,Kalihati,Salla,11.865632649837844,0.0252067158368606,0.4500561167227843,0.004617823085131215,0.0470931374309079,0.4500561167227843,0.13084375651556632,Low stress
BGD.3.17.8.1_1,Tangail,Madhupur,Alokdia,7.906707858643295,0.0220673096715171,0.7481617647058831,0.002557736474252884,0.041227855854647846,0.7481617647058831,0.20249328531529867,Low stress
BGD.3.17.8.2_1,Tangail,Madhupur,Arankhola,4.679715713650108,0.0100653193265713,0.7637017070979337,0.0008785221264339378,0.018804808583553715,0.7637017070979337,0.19785851862930082,Low stress
BGD.3.17.8.3_1,Tangail,Madhupur,Ausnara,5.978902426356161,0.0217572238689324,0.2540284360189577,0.001554573653815744,0.0406485295587906,0.2540284360189577,0.07835592381184243,Low stress
BGD.3.17.8.4_1,Tangail,Madhupur,Golabari,8.193323848816318,0.0204321307721663,0.6242469879518078,0.0027068814555196077,0.03817288807821741,0.6242469879518078,0.17050501039753588,Low stress
BGD.3.17.8.5_1,Tangail,Madhupur,Madhupur Paurashava,18.162360213055383,0.0546085572877516,0.4802631578947376,0.007894420855865562,0.10202393322080579,0.4802631578947376,0.15893193444331266,Low stress
BGD.3.17.8.6_1,Tangail,Madhupur,Mirzabari,7.39116634484803,0.0289025204655696,0.7809462086843815,0.0022894666217202447,0.05399792567956439,0.7809462086843815,0.215051612807631,Low stress
BGD.3.17.8.7_1,Tangail,Madhupur,Solakuri,4.737693103554746,0.018208675775957,0.8759689922480621,0.000908691541357372,0.03401885736729063,0.8759689922480621,0.2312623247571102,Low stress
BGD.3.17.9.1_1,Tangail,Mirzapur,Ajgana,10.247176531431167,0.045281279007935,0.8148047722342736,0.003775634876039808,0.08459799004238526,0.8148047722342736,0.23482074352381915,Low stress
BGD.3.17.9.2_1,Tangail,Mirzapur,Anaitara,6.153366844491428,0.0218329067889233,0.2000000000000003,0.001645358862131534,0.04078992624748941,0.2000000000000003,0.06493461773147398,Low stress
BGD.3.17.9.3_1,Tangail,Mirzapur,Bahuria,6.320368903686411,0.027516564852962,0.3470085470085475,0.0017322609186954546,0.05140857613636754,0.3470085470085475,0.1054380427673437,Low stress
BGD.3.17.9.4_1,Tangail,Mirzapur,Banail,6.703730870343377,0.0281764699856586,0.0096237970253718,0.0019317491374124618,0.052641461979433125,0.0096237970253718,0.021603160604109526,Low stress
BGD.3.17.9.5_1,Tangail,Mirzapur,Banshtail,6.68151919146256,0.028518536735871,0.3365384615384622,0.00192019095313746,0.05328053755685285,0.3365384615384622,0.10355087991076903,Low stress
BGD.3.17.9.6_1,Tangail,Mirzapur,Bhaora,6.6968676282604696,0.0309469026829152,0.1377921031426271,0.0019281777452118162,0.057817398765462096,0.1377921031426271,0.05545538645165324,Low stress
BGD.3.17.9.7_1,Tangail,Mirzapur,Bhatgram,9.115392900460066,0.028751510602146,0.0316333118140736,0.003186694083388046,0.05371579736512405,0.0316333118140736,0.027983534664667034,Low stress
BGD.3.17.9.8_1,Tangail,Mirzapur,Fatehpur,9.784745722508063,0.0256384787516534,0.7022594142259418,0.0035350019849985327,0.047899790325140676,0.7022594142259418,0.1937437809642841,Low stress
BGD.3.17.9.9_1,Tangail,Mirzapur,Gorai,22.014742619231946,0.0818422810338892,0.4690496948561471,0.009899066519405164,0.1529040837105719,0.4690496948561471,0.17473847962049902,Low stress
BGD.3.17.9.10_1,Tangail,Mirzapur,Jamurki,13.746299100106771,0.0449624163437829,0.183199285075961,0.0055964564207137465,0.08400226613445191,0.183199285075961,0.07743919698433392,Low stress
BGD.3.17.9.11_1,Tangail,Mirzapur,Latifpur,12.376519087975108,0.0422585230224818,0.8030794165316053,0.004883670598381987,0.07895064336047908,0.8030794165316053,0.2303560475484218,Low stress
BGD.3.17.9.12_1,Tangail,Mirzapur,Mahera,9.604353694396895,0.0271965570923126,0.0940499040307103,0.0034411322548517083,0.050810712870531786,0.0940499040307103,0.04267267841430438,Low stress
BGD.3.17.9.13_1,Tangail,Mirzapur,Mirzapur Paurashava,20.80540086026545,0.0993474064204264,0.3757292882147028,0.009269767177532293,0.18560851378820883,0.3757292882147028,0.1626032087505617,Low stress
BGD.3.17.9.14_1,Tangail,Mirzapur,Tarafpur,6.20040955524201,0.0258911237283798,0.6804335090802585,0.0016698382507706537,0.04837180122442674,0.6804335090802585,0.18770644299892222,Low stress
BGD.3.17.9.15_1,Tangail,Mirzapur,Uarsi,6.356417916980649,0.0243014484302105,0.1574985524030113,0.0017510195699807765,0.04540184679753024,0.1574985524030113,0.05596569230788072,Low stress
BGD.3.17.10.1_1,Tangail,Nagarpur,Bekra,9.39845433761414,0.0186033863089596,0.3988005997001504,0.0033339893990338722,0.03475628613414872,0.3988005997001504,0.1131984458316032,Low stress
BGD.3.17.10.2_1,Tangail,Nagarpur,Bhadra,9.662795956167493,0.0181154932364181,0.1585653610193492,0.0034715435729072673,0.03384476653494787,0.1585653610193492,0.052875625971231965,Low stress
BGD.3.17.10.3_1,Tangail,Nagarpur,Bhara,8.436738748095852,0.0153645671550313,0.8560875988528579,0.002833546093354963,0.028705273518425157,0.8560875988528579,0.22520216388200526,Low stress
BGD.3.17.10.4_1,Tangail,Nagarpur,Dhubaria,9.368318629202918,0.0117810416820634,0.4702064896755168,0.0033183078257073527,0.022010253878506254,0.4702064896755168,0.12658253440663933,Low stress
BGD.3.17.10.5_1,Tangail,Nagarpur,Duptiair,9.321565217696085,0.0236938943129988,0.4508501074848553,0.00329397897832123,0.044266767173364176,0.4508501074848553,0.12952348697321978,Low stress
BGD.3.17.10.6_1,Tangail,Nagarpur,Gayhata,10.748488853505114,0.0181893450203892,0.3362637362637366,0.004036500352663638,0.03398274215361148,0.3362637362637366,0.09757449396076363,Low stress
BGD.3.17.10.7_1,Tangail,Nagarpur,Mamudnagar,9.287183190812602,0.0260859387083975,0.551782682512734,0.003276087768719304,0.04873576964803856,0.551782682512734,0.1563136251124847,Low stress
BGD.3.17.10.8_1,Tangail,Nagarpur,Mokhna,10.03949056220016,0.0179432563905114,0.542186571598337,0.0036675623293140618,0.03352298032894442,0.542186571598337,0.14874671094644043,Low stress
BGD.3.17.10.9_1,Tangail,Nagarpur,Nagarpur,11.104052546734229,0.0273312711713317,0.4400560224089642,0.004221523317829574,0.051062396139315555,0.4400560224089642,0.12957445357813333,Low stress
BGD.3.17.10.10_1,Tangail,Nagarpur,Pakutia,9.156749581196925,0.0200697373659539,0.4202657807308974,0.003208214659996592,0.03749583666885218,0.4202657807308974,0.11947327388082124,Low stress
BGD.3.17.10.11_1,Tangail,Nagarpur,Sahabatpur,10.416170165683589,0.0180588941717449,0.6978636826042729,0.0038635732789166245,0.03373902378177182,0.6978636826042729,0.187820008286255,Low stress
BGD.3.17.10.12_1,Tangail,Nagarpur,Salimabad,9.853296938036006,0.0125346292315959,0.8320203303684882,0.0035706736505938617,0.023418164463369466,0.8320203303684882,0.21762970961453892,Low stress
BGD.3.17.11.1_1,Tangail,Sakhipur,Baheratail,6.045135580408626,0.0261143573551263,0.927442283634704,0.001589039080934544,0.048788863563353095,0.927442283634704,0.2495722887882234,Low stress
BGD.3.17.11.2_1,Tangail,Sakhipur,Gazaria,6.326338411912405,0.0381313244758675,0.7086730911786516,0.0017353672429169327,0.071239891606134,0.7086730911786516,0.20279638175397657,Low stress
BGD.3.17.11.3_1,Tangail,Sakhipur,Hatibandha,4.346906778873873,0.0218832921480089,0.7140527720130453,0.0007053399452421787,0.040884060074969385,0.7140527720130453,0.19310475000759747,Low stress
BGD.3.17.11.4_1,Tangail,Sakhipur,Jadabpur,4.668265134673158,0.0246762018609203,0.425925925925927,0.0008725636438455122,0.046101990161280665,0.425925925925927,0.12296620349546819,Low stress
BGD.3.17.11.5_1,Tangail,Sakhipur,Kakrajan,5.026302816671315,0.0368320341222714,0.8559108398567075,0.0010588739866221326,0.06881245680738575,0.8559108398567075,0.23848561944141072,Low stress
BGD.3.17.11.6_1,Tangail,Sakhipur,Kalia,7.0176030037232175,0.0475698706398085,0.4189189189189192,0.002095077266540301,0.08887371405738918,0.4189189189189192,0.13667356055643212,Low stress
BGD.3.17.11.7_1,Tangail,Sakhipur,Sakhipur Paurashava,7.1998351420219056,0.0358266728814052,0.2765957446808512,0.0021899045259557493,0.06693416312604132,0.2765957446808512,0.09345185507470956,Low stress
BGD.3.17.12.1_1,Tangail,Tangail Sadar,Baghil,10.050944595230092,0.0199617604406839,0.410833333333334,0.003673522609271389,0.03729410582005707,0.410833333333334,0.11723067941406203,Low stress
BGD.3.17.12.2_1,Tangail,Tangail Sadar,Danya,13.259143187565895,0.0256347736604957,0.5000000000000007,0.005342957446682249,0.047892868187079815,0.5000000000000007,0.143899686844151,Low stress
BGD.3.17.12.3_1,Tangail,Tangail Sadar,Gala,17.057149385274776,0.0282830387515099,0.5613287904599663,0.00731930762472444,0.052840561995816,0.5613287904599663,0.16175411736341694,Low stress
BGD.3.17.12.4_1,Tangail,Tangail Sadar,Gharinda,16.59428553630922,0.0372357645750988,0.5094161958568744,0.0070784493947236024,0.06956673728656822,0.5094161958568744,0.1545337867724069,Low stress
BGD.3.17.12.5_1,Tangail,Tangail Sadar,Hugra,8.697966836108261,0.0136305218486837,0.8407079646017648,0.002969480094348533,0.025465595868557265,0.8407079646017648,0.22027774174217565,Low stress
BGD.3.17.12.6_1,Tangail,Tangail Sadar,Kakua,9.793458575576182,0.0072777657261016,0.9794651957551408,0.003539535850352101,0.013596885201048863,0.9794651957551408,0.25104102309929316,Low stress
BGD.3.17.12.7_1,Tangail,Tangail Sadar,Karatia,23.74127591932884,0.0493058472641578,0.3577023498694524,0.010797494330581636,0.09211699994502456,0.3577023498694524,0.12598553518035435,Low stress
BGD.3.17.12.8_1,Tangail,Tangail Sadar,Katuli,9.46542241015585,0.0177891025850625,0.6782649693540721,0.003368837252144484,0.03323497825868319,0.6782649693540721,0.18254601962991493,Low stress
BGD.3.17.12.9_1,Tangail,Tangail Sadar,Magra,11.721790115467204,0.0279276833549855,0.3565970453387679,0.004542972438867145,0.05217665954086523,0.3565970453387679,0.10922828114954167,Low stress
BGD.3.17.12.10_1,Tangail,Tangail Sadar,Mahamudnagar,8.360694919657707,0.0143976569448685,0.7792998477929991,0.002793975532895267,0.026898817028605183,0.7792998477929991,0.2053571381214197,Low stress
BGD.3.17.12.11_1,Tangail,Tangail Sadar,Porabari,13.623560611008344,0.0265406773201208,0.3802469135802475,0.005532587584762758,0.04958534751750895,0.3802469135802475,0.1146296350600951,Low stress
BGD.3.17.12.12_1,Tangail,Tangail Sadar,Silimpur,10.88426109012386,0.0271252083731707,0.4794188861985476,0.004107151496986814,0.05067741367130984,0.4794188861985476,0.13923467693339006,Low stress
BGD.3.17.12.13_1,Tangail,Tangail Sadar,Tangail Paurashava,40.482654285233565,0.1168986676514872,0.7141585040071242,0.019509124694451725,0.21839913842132466,0.7141585040071242,0.26278297432702535,Low stress
